# dimensionless total [l(l+1)/2pi] C_l's
# for l=2 to 3000, i.e. number of multipoles equal to 2999
#
# -> if you prefer output in CAMB/HealPix/LensPix units/order, set 'format' to 'camb' in input file
# -> if you don't want to see such a header, set 'headers' to 'no' in input file
# -> for CMB lensing (phi), these are C_l^phi-phi for the lensing potential.
#    Remember the conversion factors:
#    C_l^dd (deflection) = l(l+1) C_l^phi-phi
#    C_l^gg (shear/convergence) = 1/4 (l(l+1))^2 C_l^phi-phi
#
# 1:l     2:TT                     3:EE                     4:TE                     5:BB                     6:phiphi                 7:TPhi                   8:Ephi               
    2       1.376663781392e-10       4.183222426626e-15       3.549949197576e-13       0.000000000000e+00       8.345289829323e-09       4.497166294585e-10      -1.850501387138e-12 
    3       1.303523080923e-10       5.374331695189e-15       3.984922675186e-13       0.000000000000e+00       5.106657457706e-09       3.180263735835e-10      -1.403678628024e-12 
    4       1.234310022154e-10       4.662709482960e-15       3.726333504481e-13       0.000000000000e+00       3.532851447479e-09       2.403587146708e-10      -9.213777736629e-13 
    5       1.182468803043e-10       3.120294991499e-15       3.174017537949e-13       0.000000000000e+00       2.627030687638e-09       1.895765758465e-10      -5.146000331456e-13 
    6       1.146964792505e-10       1.748423373844e-15       2.556593126649e-13       0.000000000000e+00       2.045851581202e-09       1.540409420140e-10      -2.141439591863e-13 
    7       1.123926604471e-10       9.433714482010e-16       2.007050462774e-13       0.000000000000e+00       1.646264103703e-09       1.279891498486e-10      -2.176608188634e-14 
    8       1.110580152219e-10       6.054330231007e-16       1.583867505678e-13       0.000000000000e+00       1.357509132866e-09       1.082588970190e-10       7.715836727878e-14 
    9       1.104469452005e-10       4.844853077036e-16       1.299984212490e-13       0.000000000000e+00       1.140853662977e-09       9.296985565544e-11       1.057023647195e-13 
   10       1.103363306262e-10       4.130785493087e-16       1.142436078979e-13       0.000000000000e+00       9.734638853567e-10       8.087265457053e-11       8.956932540871e-14 
   11       1.106645177548e-10       3.473286568282e-16       1.084679414139e-13       0.000000000000e+00       8.329244877249e-10       7.184474746259e-11       5.282343661760e-14 
   12       1.112869612977e-10       3.022241441909e-16       1.096043012879e-13       0.000000000000e+00       7.276563066697e-10       6.352809618555e-11       1.312073203366e-14 
   13       1.121521593093e-10       2.892639365282e-16       1.149331369896e-13       0.000000000000e+00       6.412491550814e-10       5.677988918662e-11      -1.742599557867e-14 
   14       1.132079589663e-10       3.008909792484e-16       1.224004864679e-13       0.000000000000e+00       5.693689063992e-10       5.088893843631e-11      -3.439859417452e-14 
   15       1.144462895465e-10       3.252446490768e-16       1.306780427494e-13       0.000000000000e+00       5.088769189143e-10       4.594109459411e-11      -3.779895905603e-14 
   16       1.157976476190e-10       3.595679768777e-16       1.391073279019e-13       0.000000000000e+00       4.574513612025e-10       4.168230400850e-11      -3.145433304967e-14 
   17       1.172811268829e-10       4.092018481784e-16       1.475349574895e-13       0.000000000000e+00       4.133423358548e-10       3.796879010032e-11      -2.051136374975e-14 
   18       1.188376630407e-10       4.796823406251e-16       1.561023932256e-13       0.000000000000e+00       3.750670798769e-10       3.472446747752e-11      -9.904828414923e-15 
   19       1.204789593831e-10       5.715435284568e-16       1.650173795606e-13       0.000000000000e+00       3.420049211549e-10       3.190615253039e-11      -2.303965161239e-15 
   20       1.221955645583e-10       6.829794248057e-16       1.744662943092e-13       0.000000000000e+00       3.128923502943e-10       2.940960715311e-11       4.998017909800e-16 
   21       1.239901352408e-10       8.132320482437e-16       1.844382091578e-13       0.000000000000e+00       2.872694842387e-10       2.718890830499e-11      -9.835523233278e-16 
   22       1.258388496796e-10       9.616076687810e-16       1.947753074458e-13       0.000000000000e+00       2.645176231860e-10       2.518390934424e-11      -5.056299835958e-15 
   23       1.277468148773e-10       1.128391367533e-15       2.051322176550e-13       0.000000000000e+00       2.443309002774e-10       2.338357340743e-11      -9.995288230262e-15 
   24       1.297060820119e-10       1.313993829558e-15       2.150593703627e-13       0.000000000000e+00       2.262470950174e-10       2.176987737569e-11      -1.394457646844e-14 
   25       1.317122268184e-10       1.518553253860e-15       2.242571639177e-13       0.000000000000e+00       2.100199812222e-10       2.032344302530e-11      -1.603908440443e-14 
   26       1.337492093472e-10       1.742275374752e-15       2.324820195210e-13       0.000000000000e+00       1.953310765828e-10       1.901158855432e-11      -1.587511680860e-14 
   27       1.358266606126e-10       1.986746755039e-15       2.396566871437e-13       0.000000000000e+00       1.821036628923e-10       1.782478419849e-11      -1.393245977556e-14 
   28       1.379466546813e-10       2.254216294470e-15       2.457759227380e-13       0.000000000000e+00       1.701768547038e-10       1.674583158213e-11      -1.119373448826e-14 
   29       1.400976571680e-10       2.546971734835e-15       2.508667797160e-13       0.000000000000e+00       1.592602984774e-10       1.574677081760e-11      -8.762836878388e-15 
   30       1.422865145406e-10       2.866173025565e-15       2.549861157735e-13       0.000000000000e+00       1.492934294215e-10       1.482702313220e-11      -7.047749920205e-15 
   31       1.445155248463e-10       3.212549918105e-15       2.582270475641e-13       0.000000000000e+00       1.402019255782e-10       1.398813202244e-11      -6.266144398056e-15 
   32       1.467771953122e-10       3.586776973833e-15       2.606735534076e-13       0.000000000000e+00       1.318415304388e-10       1.322468572654e-11      -6.546615269233e-15 
   33       1.490710028754e-10       3.989796175882e-15       2.622290654419e-13       0.000000000000e+00       1.241664665557e-10       1.253004745303e-11      -7.554067521339e-15 
   34       1.513903589515e-10       4.422602547407e-15       2.627228698941e-13       0.000000000000e+00       1.171085252966e-10       1.189130689248e-11      -8.712110581354e-15 
   35       1.537236560040e-10       4.886141796766e-15       2.619782321211e-13       0.000000000000e+00       1.105623722502e-10       1.129210381132e-11      -9.436879671511e-15 
   36       1.560774578982e-10       5.381258719102e-15       2.599026217642e-13       0.000000000000e+00       1.045108772618e-10       1.073028803978e-11      -9.648536022150e-15 
   37       1.584598510340e-10       5.908723488886e-15       2.564271484569e-13       0.000000000000e+00       9.893495509565e-11       1.020557131669e-11      -9.432773374466e-15 
   38       1.608734596153e-10       6.469239057793e-15       2.514825758039e-13       0.000000000000e+00       9.377567917721e-11       9.714458463290e-12      -8.908514645332e-15 
   39       1.633167789607e-10       7.063461864191e-15       2.450145220768e-13       0.000000000000e+00       8.895550421081e-11       9.251965319949e-12      -8.217225375905e-15 
   40       1.657903273589e-10       7.692084403854e-15       2.370354658952e-13       0.000000000000e+00       8.445957727138e-11       8.818222758319e-12      -7.480412131490e-15 
   41       1.682914871612e-10       8.355772591335e-15       2.275903580760e-13       0.000000000000e+00       8.027600079310e-11       8.413611410963e-12      -6.831801651465e-15 
   42       1.708121908650e-10       9.055139645775e-15       2.167439640852e-13       0.000000000000e+00       7.637157332688e-11       8.036781264710e-12      -6.430735582133e-15 
   43       1.733430830312e-10       9.790762304756e-15       2.045535848577e-13       0.000000000000e+00       7.270404967100e-11       7.685325405927e-12      -6.414874952190e-15 
   44       1.758887693757e-10       1.056324257260e-14       1.909744472989e-13       0.000000000000e+00       6.926772919176e-11       7.358415656481e-12      -6.737162022389e-15 
   45       1.784564596057e-10       1.137316019818e-14       1.759266695449e-13       0.000000000000e+00       6.605906539918e-11       7.054730196629e-12      -7.280533489903e-15 
   46       1.810514977433e-10       1.222105343927e-14       1.593203998130e-13       0.000000000000e+00       6.306297939834e-11       6.771599938183e-12      -7.900732970604e-15 
   47       1.836771464852e-10       1.310741729800e-14       1.410551212945e-13       0.000000000000e+00       6.025196102869e-11       6.504907655192e-12      -8.424714211809e-15 
   48       1.863347931347e-10       1.403267224827e-14       1.210381293180e-13       0.000000000000e+00       5.759452793018e-11       6.250277529489e-12      -8.697485984359e-15 
   49       1.890251391995e-10       1.499706411096e-14       9.924774381299e-14       0.000000000000e+00       5.508551977224e-11       6.007275664245e-12      -8.741987559784e-15 
   50       1.917469756334e-10       1.600073292309e-14       7.568672139269e-14       0.000000000000e+00       5.272279925341e-11       5.776220338943e-12      -8.641536712769e-15 
   51       1.944966011889e-10       1.704373679210e-14       5.036491493308e-14       0.000000000000e+00       5.049822871394e-11       5.556960805396e-12      -8.496175999716e-15 
   52       1.972676282865e-10       1.812604862577e-14       2.329955664232e-14       0.000000000000e+00       4.839724872036e-11       5.348842255920e-12      -8.423547485754e-15 
   53       2.000535387593e-10       1.924761803110e-14      -5.494303246874e-15       0.000000000000e+00       4.640344395544e-11       5.151000887226e-12      -8.528822750929e-15 
   54       2.028565695029e-10       2.040858322458e-14      -3.603601842642e-14       0.000000000000e+00       4.451458932092e-11       4.963418807255e-12      -8.803401652270e-15 
   55       2.056807733643e-10       2.160910791385e-14      -6.835491685803e-14       0.000000000000e+00       4.272999550853e-11       4.786079334637e-12      -9.201689196176e-15 
   56       2.085293922058e-10       2.284932037302e-14      -1.024813084224e-13       0.000000000000e+00       4.104567533523e-11       4.618639932511e-12      -9.669346936645e-15 
   57       2.114047780729e-10       2.412931290508e-14      -1.384466146120e-13       0.000000000000e+00       3.945413143909e-11       4.460411017190e-12      -1.014287022971e-14 
   58       2.143083143617e-10       2.544914130423e-14      -1.762834982234e-13       0.000000000000e+00       3.794414397518e-11       4.310334766836e-12      -1.054916548788e-14 
   59       2.172407809284e-10       2.680873709319e-14      -2.160163339011e-13       0.000000000000e+00       3.650385585136e-11       4.167272608745e-12      -1.082306273984e-14 
   60       2.202037274730e-10       2.820762165583e-14      -2.576297409526e-13       0.000000000000e+00       3.513134729233e-11       4.030993773363e-12      -1.096556261239e-14 
   61       2.231982803379e-10       2.964512464945e-14      -3.010929591425e-13       0.000000000000e+00       3.382614615115e-11       3.901379267276e-12      -1.099839292872e-14 
   62       2.262246641282e-10       3.112046196988e-14      -3.463686716189e-13       0.000000000000e+00       3.258604781919e-11       3.778122871119e-12      -1.094744418803e-14 
   63       2.292821379279e-10       3.263273225703e-14      -3.934128071775e-13       0.000000000000e+00       3.140701470300e-11       3.660720411926e-12      -1.084295479646e-14 
   64       2.323689315167e-10       3.418091340052e-14      -4.421743425255e-13       0.000000000000e+00       3.028307570118e-11       3.548459035481e-12      -1.071969629792e-14 
   65       2.354831483781e-10       3.576397071339e-14      -4.926061862242e-13       0.000000000000e+00       2.920797200424e-11       3.440613882975e-12      -1.060921975542e-14 
   66       2.386258402708e-10       3.738121592945e-14      -5.447009537873e-13       0.000000000000e+00       2.818072540433e-11       3.337110629642e-12      -1.051427025469e-14 
   67       2.417984717031e-10       3.903201821344e-14      -5.984624380446e-13       0.000000000000e+00       2.720107304727e-11       3.237984498271e-12      -1.042926894225e-14 
   68       2.450019745440e-10       4.071569883787e-14      -6.538953061537e-13       0.000000000000e+00       2.626777445826e-11       3.143180402035e-12      -1.034773759880e-14 
   69       2.482367112826e-10       4.243153081216e-14      -7.110052118417e-13       0.000000000000e+00       2.537855986703e-11       3.052548018356e-12      -1.026226180444e-14 
   70       2.515024382878e-10       4.417873851190e-14      -7.697989076454e-13       0.000000000000e+00       2.453007853288e-11       2.965836862782e-12      -1.016445410377e-14 
   71       2.547982690679e-10       4.595649730797e-14      -8.302843571526e-13       0.000000000000e+00       2.371784706976e-11       2.882691362850e-12      -1.004491717109e-14 
   72       2.581232523950e-10       4.776389830022e-14      -8.924628359167e-13       0.000000000000e+00       2.293740174746e-11       2.802747397992e-12      -9.895973196605e-15 
   73       2.614783167968e-10       4.959983550533e-14      -9.563032294235e-13       0.000000000000e+00       2.218812629511e-11       2.725954319489e-12      -9.720540430531e-15 
   74       2.648646346519e-10       5.146309624372e-14      -1.021762981487e-12       0.000000000000e+00       2.147006888062e-11       2.652306127731e-12      -9.524901857814e-15 
   75       2.682830180803e-10       5.335239296882e-14      -1.088795598983e-12       0.000000000000e+00       2.078277946085e-11       2.581742917806e-12      -9.316115819110e-15 
   76       2.717338962405e-10       5.526636209954e-14      -1.157350581180e-12       0.000000000000e+00       2.012528559475e-11       2.514148269944e-12      -9.102042331678e-15 
   77       2.752172926277e-10       5.720356285274e-14      -1.227373349075e-12       0.000000000000e+00       1.949606825649e-11       2.449346639963e-12      -8.891369410270e-15 
   78       2.787328023709e-10       5.916247607578e-14      -1.298805174727e-12       0.000000000000e+00       1.889303764855e-11       2.387100749718e-12      -8.693639388018e-15 
   79       2.822795695309e-10       6.114150307895e-14      -1.371583110592e-12       0.000000000000e+00       1.831350901488e-11       2.327108977542e-12      -8.519275237325e-15 
   80       2.858567418652e-10       6.313901709005e-14      -1.445645293202e-12       0.000000000000e+00       1.775486901115e-11       2.269080624092e-12      -8.377141907500e-15 
   81       2.894649760201e-10       6.515353047748e-14      -1.520948070420e-12       0.000000000000e+00       1.721676130073e-11       2.212982504049e-12      -8.266684699221e-15 
   82       2.931051535198e-10       6.718355457276e-14      -1.597451733531e-12       0.000000000000e+00       1.669923814602e-11       2.158830615733e-12      -8.184467249534e-15 
   83       2.967779128696e-10       6.922754943787e-14      -1.675115435496e-12       0.000000000000e+00       1.620209234098e-11       2.106614919959e-12      -8.126496221382e-15 
   84       3.004836356962e-10       7.128392367213e-14      -1.753897219810e-12       0.000000000000e+00       1.572484581234e-11       2.056298172615e-12      -8.088201976667e-15 
   85       3.042224328865e-10       7.335103421929e-14      -1.833754049364e-12       0.000000000000e+00       1.526673822084e-11       2.007814757247e-12      -8.064419249292e-15 
   86       3.079941307279e-10       7.542718617439e-14      -1.914641835297e-12       0.000000000000e+00       1.482671556242e-11       1.961069517641e-12      -8.049367818221e-15 
   87       3.117982570475e-10       7.751063259083e-14      -1.996515465863e-12       0.000000000000e+00       1.440341876944e-11       1.915936590407e-12      -8.036633180522e-15 
   88       3.156340273521e-10       7.959957428725e-14      -2.079328835282e-12       0.000000000000e+00       1.399517231192e-11       1.872258237561e-12      -8.019147224425e-15 
   89       3.195006516032e-10       8.169218468827e-14      -2.163033331161e-12       0.000000000000e+00       1.360038301067e-11       1.829883929473e-12      -7.990703190876e-15 
   90       3.233983399064e-10       8.378668923287e-14      -2.247572961911e-12       0.000000000000e+00       1.321883302026e-11       1.788797164580e-12      -7.950815039253e-15 
   91       3.273274297794e-10       8.588129812489e-14      -2.332888514588e-12       0.000000000000e+00       1.285056961538e-11       1.749006485247e-12      -7.900588295924e-15 
   92       3.312880706300e-10       8.797418258768e-14      -2.418919033985e-12       0.000000000000e+00       1.249550785484e-11       1.710506441843e-12      -7.841257231897e-15 
   93       3.352802146993e-10       9.006347504618e-14      -2.505601828397e-12       0.000000000000e+00       1.215342532823e-11       1.673277028324e-12      -7.774188521471e-15 
   94       3.393036080048e-10       9.214726930884e-14      -2.592872475386e-12       0.000000000000e+00       1.182395690270e-11       1.637283117818e-12      -7.700884900877e-15 
   95       3.433577812836e-10       9.422362074971e-14      -2.680664827547e-12       0.000000000000e+00       1.150658946964e-11       1.602473898210e-12      -7.622988826929e-15 
   96       3.474420409355e-10       9.629054649038e-14      -2.768911018275e-12       0.000000000000e+00       1.120065669140e-11       1.568782307727e-12      -7.542286135669e-15 
   97       3.515554599660e-10       9.834602558204e-14      -2.857541467529e-12       0.000000000000e+00       1.090533374801e-11       1.536124470519e-12      -7.460709701018e-15 
   98       3.556968689300e-10       1.003879991875e-13      -2.946484887601e-12       0.000000000000e+00       1.061963208387e-11       1.504399132249e-12      -7.380343093418e-15 
   99       3.598651469598e-10       1.024144175794e-13      -3.035669736541e-12       0.000000000000e+00       1.034262587726e-11       1.473512017602e-12      -7.303003542883e-15 
  100       3.640601614631e-10       1.044233883380e-13      -3.125028800870e-12       0.000000000000e+00       1.007417940546e-11       1.443454059455e-12      -7.228915519648e-15 
  101       3.682819453197e-10       1.064130495802e-13      -3.214495275699e-12       0.000000000000e+00       9.814313424871e-12       1.414233253228e-12      -7.157855200289e-15 
  102       3.725304033193e-10       1.083815257557e-13      -3.304001397998e-12       0.000000000000e+00       9.562980225838e-12       1.385850464466e-12      -7.089552979795e-15 
  103       3.768053067421e-10       1.103269283967e-13      -3.393478469908e-12       0.000000000000e+00       9.320061188116e-12       1.358299166511e-12      -7.023692030872e-15 
  104       3.811062879396e-10       1.122473568673e-13      -3.482856882055e-12       0.000000000000e+00       9.085364336353e-12       1.331565178168e-12      -6.959906863251e-15 
  105       3.854328349148e-10       1.141408991130e-13      -3.572066136865e-12       0.000000000000e+00       8.858621895555e-12       1.305626401373e-12      -6.897781882996e-15 
  106       3.897842859029e-10       1.160056324101e-13      -3.661034871875e-12       0.000000000000e+00       8.639487846570e-12       1.280452558862e-12      -6.836849951807e-15 
  107       3.941598239520e-10       1.178396241152e-13      -3.749690883047e-12       0.000000000000e+00       8.427535481556e-12       1.256004931841e-12      -6.776590946328e-15 
  108       3.985584715033e-10       1.196409324149e-13      -3.837961148083e-12       0.000000000000e+00       8.222254959459e-12       1.232236097653e-12      -6.716430317455e-15 
  109       4.029790849720e-10       1.214076070750e-13      -3.925771849738e-12       0.000000000000e+00       8.023050861488e-12       1.209089667446e-12      -6.655737649642e-15 
  110       4.074205474901e-10       1.231377385710e-13      -4.013048878710e-12       0.000000000000e+00       7.829376378862e-12       1.186513468391e-12      -6.593955778132e-15 
  111       4.118823867957e-10       1.248296110182e-13      -4.099719365449e-12       0.000000000000e+00       7.641160638893e-12       1.164501570560e-12      -6.531010012290e-15 
  112       4.163642266464e-10       1.264815703071e-13      -4.185710388931e-12       0.000000000000e+00       7.458431747034e-12       1.143057172664e-12      -6.466948831460e-15 
  113       4.208655922928e-10       1.280919786830e-13      -4.270948542306e-12       0.000000000000e+00       7.281183954207e-12       1.122179509591e-12      -6.401817852878e-15 
  114       4.253859070069e-10       1.296592159704e-13      -4.355359960926e-12       0.000000000000e+00       7.109376555102e-12       1.101863722208e-12      -6.335659674097e-15 
  115       4.299244886106e-10       1.311816807988e-13      -4.438870350373e-12       0.000000000000e+00       6.942932786475e-12       1.082100727165e-12      -6.268513715426e-15 
  116       4.344805460033e-10       1.326577918269e-13      -4.521405014486e-12       0.000000000000e+00       6.781738725447e-12       1.062877086694e-12      -6.200416062354e-15 
  117       4.390531756901e-10       1.340859889682e-13      -4.602888883385e-12       0.000000000000e+00       6.625642187799e-12       1.044174878413e-12      -6.131399307984e-15 
  118       4.436413583102e-10       1.354647346154e-13      -4.683246541502e-12       0.000000000000e+00       6.474451626275e-12       1.025971565123e-12      -6.061492395465e-15 
  119       4.482439551645e-10       1.367925148659e-13      -4.762402255602e-12       0.000000000000e+00       6.327935028875e-12       1.008239864618e-12      -5.990720460422e-15 
  120       4.528597047442e-10       1.380678407463e-13      -4.840280002817e-12       0.000000000000e+00       6.185818817157e-12       9.909476194791e-13      -5.919104673387e-15 
  121       4.574872192584e-10       1.392892494379e-13      -4.916803498665e-12       0.000000000000e+00       6.047786744532e-12       9.740576668782e-13      -5.846662082232e-15 
  122       4.621249811628e-10       1.404553055010e-13      -4.991896225085e-12       0.000000000000e+00       5.913478794564e-12       9.575277083819e-13      -5.773405454596e-15 
  123       4.667715260223e-10       1.415646498371e-13      -5.065482431931e-12       0.000000000000e+00       5.782568860627e-12       9.413202370644e-13      -5.699368151152e-15 
  124       4.714260222837e-10       1.426161503330e-13      -5.137490212061e-12       0.000000000000e+00       5.655010236259e-12       9.254338875179e-13      -5.624682316576e-15 
  125       4.760877518756e-10       1.436087709122e-13      -5.207848833987e-12       0.000000000000e+00       5.530816382279e-12       9.098754587923e-13      -5.549509416181e-15 
  126       4.807559278540e-10       1.445415269319e-13      -5.276487835358e-12       0.000000000000e+00       5.409984194567e-12       8.946501291233e-13      -5.474016048615e-15 
  127       4.854296923962e-10       1.454134867841e-13      -5.343337058653e-12       0.000000000000e+00       5.292493522204e-12       8.797614048636e-13      -5.398373985234e-15 
  128       4.901081147951e-10       1.462237734956e-13      -5.408326686856e-12       0.000000000000e+00       5.178306685603e-12       8.652110694130e-13      -5.322760209467e-15 
  129       4.947901894533e-10       1.469715663290e-13      -5.471387279154e-12       0.000000000000e+00       5.067367994646e-12       8.509991321500e-13      -5.247356956190e-15 
  130       4.994748338774e-10       1.476561023833e-13      -5.532449806613e-12       0.000000000000e+00       4.959603266822e-12       8.371237773622e-13      -5.172351751092e-15 
  131       5.041608866719e-10       1.482766781938e-13      -5.591445687870e-12       0.000000000000e+00       4.854919345358e-12       8.235813131769e-13      -5.097937450042e-15 
  132       5.088471055333e-10       1.488326513335e-13      -5.648306824815e-12       0.000000000000e+00       4.753203617359e-12       8.103661204927e-13      -5.024312278467e-15 
  133       5.135321652448e-10       1.493234420129e-13      -5.702965638280e-12       0.000000000000e+00       4.654323531943e-12       7.974706019095e-13      -4.951679870709e-15 
  134       5.182146556696e-10       1.497485346814e-13      -5.755355103723e-12       0.000000000000e+00       4.558126118374e-12       7.848851306597e-13      -4.880249309405e-15 
  135       5.228930797460e-10       1.501074796268e-13      -5.805408786916e-12       0.000000000000e+00       4.464437504202e-12       7.725979995390e-13      -4.810235164849e-15 
  136       5.275658514806e-10       1.503998945767e-13      -5.853060879627e-12       0.000000000000e+00       4.373062433393e-12       7.605953698374e-13      -4.741857534367e-15 
  137       5.322314322399e-10       1.506254941605e-13      -5.898246846740e-12       0.000000000000e+00       4.283825695912e-12       7.488640918553e-13      -4.675287816633e-15 
  138       5.368887597855e-10       1.507841783487e-13      -5.940905367641e-12       0.000000000000e+00       4.196702274941e-12       7.374006039601e-13      -4.610479618380e-15 
  139       5.415368600381e-10       1.508759562422e-13      -5.980976664319e-12       0.000000000000e+00       4.111699816251e-12       7.262028618544e-13      -4.547320343246e-15 
  140       5.461747116474e-10       1.509009207933e-13      -6.018401947163e-12       0.000000000000e+00       4.028817711301e-12       7.152675170786e-13      -4.485683584600e-15 
  141       5.508012448632e-10       1.508592505826e-13      -6.053123454528e-12       0.000000000000e+00       3.948046881395e-12       7.045898841677e-13      -4.425428820483e-15 
  142       5.554153404081e-10       1.507512115966e-13      -6.085084492301e-12       0.000000000000e+00       3.869369561841e-12       6.941639078092e-13      -4.366401108545e-15 
  143       5.600158283489e-10       1.505771590049e-13      -6.114229473470e-12       0.000000000000e+00       3.792759086102e-12       6.839821300000e-13      -4.308430780980e-15 
  144       5.646014869687e-10       1.503375389380e-13      -6.140503957688e-12       0.000000000000e+00       3.718179669955e-12       6.740356572037e-13      -4.251333139473e-15 
  145       5.691710416391e-10       1.500328902641e-13      -6.163854690840e-12       0.000000000000e+00       3.645586195645e-12       6.643141275085e-13      -4.194908150129e-15 
  146       5.737231636919e-10       1.496638463671e-13      -6.184229644613e-12       0.000000000000e+00       3.574923996042e-12       6.548056777836e-13      -4.138940138420e-15 
  147       5.782564692908e-10       1.492311369235e-13      -6.201578056059e-12       0.000000000000e+00       3.506128638794e-12       6.454969108374e-13      -4.083197484118e-15 
  148       5.827695183039e-10       1.487355896802e-13      -6.215850467164e-12       0.000000000000e+00       3.439125710485e-12       6.363728625744e-13      -4.027432316235e-15 
  149       5.872608131753e-10       1.481781322317e-13      -6.226998764413e-12       0.000000000000e+00       3.373830600791e-12       6.274169691526e-13      -3.971380207961e-15 
  150       5.917287977971e-10       1.475597937975e-13      -6.234976218358e-12       0.000000000000e+00       3.310148286634e-12       6.186110341406e-13      -3.914759871607e-15 
  151       5.961718563814e-10       1.468817069993e-13      -6.239737523186e-12       0.000000000000e+00       3.247973116336e-12       6.099351956754e-13      -3.857272853536e-15 
  152       6.005883123322e-10       1.461451096389e-13      -6.241238836283e-12       0.000000000000e+00       3.187188593780e-12       6.013678936195e-13      -3.798603229109e-15 
  153       6.049765508929e-10       1.453513306694e-13      -6.239438057877e-12       0.000000000000e+00       3.127691464677e-12       5.928908655270e-13      -3.738494873495e-15 
  154       6.093354022900e-10       1.445017429026e-13      -6.234295615936e-12       0.000000000000e+00       3.069466948467e-12       5.845047261177e-13      -3.676991996764e-15 
  155       6.136637922127e-10       1.435978092751e-13      -6.225773829994e-12       0.000000000000e+00       3.012520119271e-12       5.762147798363e-13      -3.614220485865e-15 
  156       6.179606207442e-10       1.426410999414e-13      -6.213836718081e-12       0.000000000000e+00       2.956852140862e-12       5.680261150041e-13      -3.550312427155e-15 
  157       6.222247618636e-10       1.416332939708e-13      -6.198450037516e-12       0.000000000000e+00       2.902460174587e-12       5.599435965876e-13      -3.485406196422e-15 
  158       6.264550629486e-10       1.405761810445e-13      -6.179581325690e-12       0.000000000000e+00       2.849337287294e-12       5.519718589671e-13      -3.419646548919e-15 
  159       6.306503442778e-10       1.394716631526e-13      -6.157199940863e-12       0.000000000000e+00       2.797472359256e-12       5.441152987059e-13      -3.353184709384e-15 
  160       6.348093985328e-10       1.383217562907e-13      -6.131277102946e-12       0.000000000000e+00       2.746849992098e-12       5.363780673188e-13      -3.286178462080e-15 
  161       6.389309903007e-10       1.371285921568e-13      -6.101785934296e-12       0.000000000000e+00       2.697450416720e-12       5.287640640409e-13      -3.218792240812e-15 
  162       6.430138555766e-10       1.358944198484e-13      -6.068701500504e-12       0.000000000000e+00       2.649249401221e-12       5.212769285963e-13      -3.151197218962e-15 
  163       6.470567012653e-10       1.346216075594e-13      -6.032000851183e-12       0.000000000000e+00       2.602218158827e-12       5.139200339673e-13      -3.083571399515e-15 
  164       6.510582046845e-10       1.333126442767e-13      -5.991663060758e-12       0.000000000000e+00       2.556323255816e-12       5.066964791626e-13      -3.016099705090e-15 
  165       6.550170130663e-10       1.319701414777e-13      -5.947669269258e-12       0.000000000000e+00       2.511526519438e-12       4.996090819865e-13      -2.948974067964e-15 
  166       6.589317430602e-10       1.305968348264e-13      -5.900002723102e-12       0.000000000000e+00       2.467784945846e-12       4.926603718073e-13      -2.882393520104e-15 
  167       6.628009802349e-10       1.291955858709e-13      -5.848648815889e-12       0.000000000000e+00       2.425050608019e-12       4.858525823267e-13      -2.816564283192e-15 
  168       6.666232785810e-10       1.277693837400e-13      -5.793595129189e-12       0.000000000000e+00       2.383270563684e-12       4.791876443480e-13      -2.751699858658e-15 
  169       6.703971600132e-10       1.263213468404e-13      -5.734831473334e-12       0.000000000000e+00       2.342386763245e-12       4.726671785450e-13      -2.688021117704e-15 
  170       6.741211138724e-10       1.248547245532e-13      -5.672349928201e-12       0.000000000000e+00       2.302335957708e-12       4.662924882310e-13      -2.625756391335e-15 
  171       6.777936953643e-10       1.233728011148e-13      -5.606144162470e-12       0.000000000000e+00       2.263062496643e-12       4.600641623932e-13      -2.565092678068e-15 
  172       6.814138311258e-10       1.218785947122e-13      -5.536207242286e-12       0.000000000000e+00       2.224558112329e-12       4.539808627922e-13      -2.506024513223e-15 
  173       6.849805383018e-10       1.203751364330e-13      -5.462533717185e-12       0.000000000000e+00       2.186825291862e-12       4.480404214023e-13      -2.448492612036e-15 
  174       6.884928278096e-10       1.188655671106e-13      -5.385120362756e-12       0.000000000000e+00       2.149864646525e-12       4.422402122868e-13      -2.392431509093e-15 
  175       6.919497042447e-10       1.173531386229e-13      -5.303966218481e-12       0.000000000000e+00       2.113674872300e-12       4.365771427771e-13      -2.337769448917e-15 
  176       6.953501657867e-10       1.158412151895e-13      -5.219072625580e-12       0.000000000000e+00       2.078252710389e-12       4.310476446512e-13      -2.284428276565e-15 
  177       6.986932041058e-10       1.143332746695e-13      -5.130443264860e-12       0.000000000000e+00       2.043592907725e-12       4.256476653123e-13      -2.232323328209e-15 
  178       7.019778042680e-10       1.128329098599e-13      -5.038084194560e-12       0.000000000000e+00       2.009688177490e-12       4.203726589676e-13      -2.181363321735e-15 
  179       7.052029446418e-10       1.113438297928e-13      -4.942003888195e-12       0.000000000000e+00       1.976529159632e-12       4.152175778070e-13      -2.131450247327e-15 
  180       7.083675968037e-10       1.098698610333e-13      -4.842213272400e-12       0.000000000000e+00       1.944104381381e-12       4.101768631817e-13      -2.082479258059e-15 
  181       7.114707254444e-10       1.084149489777e-13      -4.738725764782e-12       0.000000000000e+00       1.912400217761e-12       4.052444367829e-13      -2.034338560485e-15 
  182       7.145112882749e-10       1.069831591509e-13      -4.631557311757e-12       0.000000000000e+00       1.881400852110e-12       4.004136918204e-13      -1.986909305230e-15 
  183       7.174882359321e-10       1.055786785044e-13      -4.520726426405e-12       0.000000000000e+00       1.851088236596e-12       3.956774842016e-13      -1.940065477579e-15 
  184       7.204005118851e-10       1.042058167140e-13      -4.406254226306e-12       0.000000000000e+00       1.821442052730e-12       3.910281237096e-13      -1.893673788067e-15 
  185       7.232470523411e-10       1.028690074778e-13      -4.288164471394e-12       0.000000000000e+00       1.792439671885e-12       3.864573651825e-13      -1.847593563071e-15 
  186       7.260267861515e-10       1.015728098137e-13      -4.166483601796e-12       0.000000000000e+00       1.764056115810e-12       3.819563996917e-13      -1.801676635397e-15 
  187       7.287386347174e-10       1.003219093578e-13      -4.041240775682e-12       0.000000000000e+00       1.736264017146e-12       3.775158457207e-13      -1.755767234871e-15 
  188       7.313815118963e-10       9.912111966125e-14      -3.912467907111e-12       0.000000000000e+00       1.709033579943e-12       3.731257403435e-13      -1.709701878933e-15 
  189       7.339543239075e-10       9.797538348908e-14      -3.780199703870e-12       0.000000000000e+00       1.682332540177e-12       3.687755304040e-13      -1.663309263220e-15 
  190       7.364559692384e-10       9.688977411735e-14      -3.644473705329e-12       0.000000000000e+00       1.656126126260e-12       3.644540636938e-13      -1.616410152163e-15 
  191       7.388854126563e-10       9.586928718079e-14      -3.505328121264e-12       0.000000000000e+00       1.630383933870e-12       3.601519221829e-13      -1.568856852307e-15 
  192       7.412419136401e-10       9.491819607370e-14      -3.362795088443e-12       0.000000000000e+00       1.605101208582e-12       3.558686355451e-13      -1.520655166933e-15 
  193       7.435248149411e-10       9.404065058583e-14      -3.216906979917e-12       0.000000000000e+00       1.580279087269e-12       3.516059929686e-13      -1.471851399442e-15 
  194       7.457334701658e-10       9.324088261317e-14      -3.067698588992e-12       0.000000000000e+00       1.555917810610e-12       3.473657486122e-13      -1.422493613213e-15 
  195       7.478672439237e-10       9.252320677030e-14      -2.915207159878e-12       0.000000000000e+00       1.532016706232e-12       3.431496204476e-13      -1.372631651719e-15 
  196       7.499255119764e-10       9.189202100289e-14      -2.759472418336e-12       0.000000000000e+00       1.508574171851e-12       3.389592891017e-13      -1.322317158640e-15 
  197       7.519076613857e-10       9.135180720012e-14      -2.600536602336e-12       0.000000000000e+00       1.485587658411e-12       3.347963966996e-13      -1.271603597983e-15 
  198       7.538130906624e-10       9.090713180712e-14      -2.438444492698e-12       0.000000000000e+00       1.463053653228e-12       3.306625457064e-13      -1.220546274189e-15 
  199       7.556412099144e-10       9.056264643737e-14      -2.273243443748e-12       0.000000000000e+00       1.440967663130e-12       3.265592977700e-13      -1.169202352255e-15 
  200       7.573914409954e-10       9.032308848521e-14      -2.104983413964e-12       0.000000000000e+00       1.419324197600e-12       3.224881725639e-13      -1.117630877844e-15 
  201       7.590632176533e-10       9.019328173821e-14      -1.933716996629e-12       0.000000000000e+00       1.398116751914e-12       3.184506466288e-13      -1.065892797402e-15 
  202       7.606559856787e-10       9.017813698961e-14      -1.759499450478e-12       0.000000000000e+00       1.377337790286e-12       3.144481522157e-13      -1.014050978273e-15 
  203       7.621692030535e-10       9.028265265082e-14      -1.582388730351e-12       0.000000000000e+00       1.356978729006e-12       3.104820761285e-13      -9.621702288112e-16 
  204       7.636023400992e-10       9.051191536379e-14      -1.402445517838e-12       0.000000000000e+00       1.337029919584e-12       3.065537585658e-13      -9.103173184979e-16 
  205       7.649548796253e-10       9.087110061345e-14      -1.219733251937e-12       0.000000000000e+00       1.317480631888e-12       3.026644919638e-13      -8.585609980563e-16 
  206       7.662263170780e-10       9.136547334020e-14      -1.034318159693e-12       0.000000000000e+00       1.298319037290e-12       2.988155198388e-13      -8.069720195652e-16 
  207       7.674161606887e-10       9.200038855228e-14      -8.462692868582e-13       0.000000000000e+00       1.279532191804e-12       2.950080356296e-13      -7.556231565745e-16 
  208       7.685239316221e-10       9.278129193828e-14      -6.556585285358e-13       0.000000000000e+00       1.261106019226e-12       2.912431815396e-13      -7.045892242196e-16 
  209       7.695491641253e-10       9.371372047949e-14      -4.625606598313e-13       0.000000000000e+00       1.243025294280e-12       2.875220473798e-13      -6.539470993362e-16 
  210       7.704914056754e-10       9.480330306240e-14      -2.670533665030e-13       0.000000000000e+00       1.225273625755e-12       2.838456694111e-13      -6.037757405751e-16 
  211       7.713502171290e-10       9.605576109112e-14      -6.921727561108e-14       0.000000000000e+00       1.207833439647e-12       2.802150291863e-13      -5.541562085169e-16 
  212       7.721251728698e-10       9.747690909982e-14       1.308640138319e-13       0.000000000000e+00       1.190685962303e-12       2.766310523934e-13      -5.051716857867e-16 
  213       7.728158997783e-10       9.907232336109e-14       3.331081967612e-13       0.000000000000e+00       1.173814885923e-12       2.730945467417e-13      -4.568923861585e-16 
  214       7.734221967583e-10       1.008463215470e-13       5.374474438050e-13       0.000000000000e+00       1.157217675411e-12       2.696060133592e-13      -4.093291065393e-16 
  215       7.739439235727e-10       1.028029153167e-13       7.438160508799e-13       0.000000000000e+00       1.140894992845e-12       2.661658204166e-13      -3.624765757890e-16 
  216       7.743809629969e-10       1.049461358675e-13       9.521462034227e-13       0.000000000000e+00       1.124847076619e-12       2.627742616279e-13      -3.163282642793e-16 
  217       7.747332210699e-10       1.072800336735e-13       1.162367957053e-12       0.000000000000e+00       1.109073734277e-12       2.594315549325e-13      -2.708763642261e-16 
  218       7.750006273448e-10       1.098086782240e-13       1.374409218231e-12       0.000000000000e+00       1.093574335349e-12       2.561378411774e-13      -2.261117700229e-16 
  219       7.751831351394e-10       1.125361577619e-13       1.588195724926e-12       0.000000000000e+00       1.078347804187e-12       2.528931827989e-13      -1.820240585745e-16 
  220       7.752807217872e-10       1.154665790217e-13       1.803651027269e-12       0.000000000000e+00       1.063392612801e-12       2.496975625045e-13      -1.386014696295e-16 
  221       7.752933888876e-10       1.186040669686e-13       2.020696468221e-12       0.000000000000e+00       1.048706773691e-12       2.465508819556e-13      -9.583088611405e-17 
  222       7.752211625569e-10       1.219527645361e-13       2.239251164228e-12       0.000000000000e+00       1.034287832687e-12       2.434529604483e-13      -5.369781446495e-17 
  223       7.750640936790e-10       1.255168323651e-13       2.459231985889e-12       0.000000000000e+00       1.020132861783e-12       2.404035335966e-13      -1.218636496274e-17 
  224       7.748222581559e-10       1.293004485420e-13       2.680553538613e-12       0.000000000000e+00       1.006238451972e-12       2.374022520136e-13       2.872076793498e-17 
  225       7.744957571584e-10       1.333078083370e-13       2.903128143280e-12       0.000000000000e+00       9.926007060806e-13       2.344486799937e-13       6.904232526032e-17 
  226       7.740847173768e-10       1.375431239426e-13       3.126865816907e-12       0.000000000000e+00       9.792152316077e-13       2.315422941946e-13       1.087985032019e-16 
  227       7.735892912718e-10       1.420106242119e-13       3.351674253301e-12       0.000000000000e+00       9.660771335569e-13       2.286824823194e-13       1.480109727716e-16 
  228       7.730096573247e-10       1.467145543974e-13       3.577458803730e-12       0.000000000000e+00       9.531810072736e-13       2.258685417985e-13       1.867028994715e-16 
  229       7.723460202887e-10       1.516591758887e-13       3.804122457577e-12       0.000000000000e+00       9.405209312804e-13       2.230996784714e-13       2.248989629602e-16 
  230       7.715986114388e-10       1.568487659516e-13       4.031565823004e-12       0.000000000000e+00       9.280904601121e-13       2.203750052690e-13       2.626253767203e-16 
  231       7.707676888232e-10       1.622876174661e-13       4.259687107614e-12       0.000000000000e+00       9.158826171519e-13       2.176935408953e-13       2.999099077244e-16 
  232       7.698535375137e-10       1.679800386646e-13       4.488382099110e-12       0.000000000000e+00       9.038898874667e-13       2.150542085097e-13       3.367818961027e-16 
  233       7.688564698561e-10       1.739303528709e-13       4.717544145959e-12       0.000000000000e+00       8.921042106424e-13       2.124558344087e-13       3.732722748089e-16 
  234       7.677768257214e-10       1.801428982382e-13       4.947064138052e-12       0.000000000000e+00       8.805169736199e-13       2.098971467080e-13       4.094135892878e-16 
  235       7.666149727560e-10       1.866220274875e-13       5.176830487365e-12       0.000000000000e+00       8.691190035303e-13       2.073767740246e-13       4.452400171415e-16 
  236       7.653713066326e-10       1.933721076461e-13       5.406729108620e-12       0.000000000000e+00       8.579005605305e-13       2.048932441585e-13       4.807873877964e-16 
  237       7.640462513011e-10       2.003975197859e-13       5.636643399949e-12       0.000000000000e+00       8.468513306388e-13       2.024449827749e-13       5.160932021699e-16 
  238       7.626402545926e-10       2.077022633795e-13       5.866460877068e-12       0.000000000000e+00       8.359624113051e-13       2.000305842570e-13       5.511882184527e-16 
  239       7.611537742203e-10       2.152887433106e-13       6.096093561787e-12       0.000000000000e+00       8.252324164141e-13       1.976496451970e-13       5.860706031376e-16 
  240       7.595872914167e-10       2.231589088689e-13       6.325458791203e-12       0.000000000000e+00       8.146617272497e-13       1.953019788446e-13       6.207302521121e-16 
  241       7.579413157434e-10       2.313146414339e-13       6.554472670002e-12       0.000000000000e+00       8.042505300806e-13       1.929873467382e-13       6.551570855608e-16 
  242       7.562163853316e-10       2.397577533786e-13       6.783050065159e-12       0.000000000000e+00       7.939988132003e-13       1.907054579607e-13       6.893410498401e-16 
  243       7.544130671233e-10       2.484899869741e-13       7.011104600634e-12       0.000000000000e+00       7.839063639663e-13       1.884559683959e-13       7.232721193526e-16 
  244       7.525319571122e-10       2.575130132939e-13       7.238548652070e-12       0.000000000000e+00       7.739727658396e-13       1.862384799846e-13       7.569402984212e-16 
  245       7.505736805840e-10       2.668284311182e-13       7.465293341491e-12       0.000000000000e+00       7.641973954244e-13       1.840525399810e-13       7.903356231640e-16 
  246       7.485388923580e-10       2.764377658379e-13       7.691248532001e-12       0.000000000000e+00       7.545794195072e-13       1.818976402083e-13       8.234481633679e-16 
  247       7.464282770275e-10       2.863424683593e-13       7.916322822479e-12       0.000000000000e+00       7.451177920966e-13       1.797732163156e-13       8.562680243641e-16 
  248       7.442425492010e-10       2.965439140080e-13       8.140423542279e-12       0.000000000000e+00       7.358112514626e-13       1.776786470333e-13       8.887853489013e-16 
  249       7.419824537428e-10       3.070434014336e-13       8.363456745927e-12       0.000000000000e+00       7.266583171763e-13       1.756132534300e-13       9.209903190211e-16 
  250       7.396487660139e-10       3.178421515136e-13       8.585327207818e-12       0.000000000000e+00       7.176572871491e-13       1.735762981681e-13       9.528731579318e-16 
  251       7.372422921131e-10       3.289413062578e-13       8.805938416916e-12       0.000000000000e+00       7.088062346723e-13       1.715669847603e-13       9.844241318829e-16 
  252       7.347638691177e-10       3.403419277127e-13       9.025192571449e-12       0.000000000000e+00       7.001030054567e-13       1.695844568255e-13       1.015633552040e-15 
  253       7.322143653242e-10       3.520449968658e-13       9.242990573609e-12       0.000000000000e+00       6.915452146719e-13       1.676277973453e-13       1.046491776358e-15 
  254       7.295946804898e-10       3.640514125496e-13       9.459232024249e-12       0.000000000000e+00       6.831302439858e-13       1.656960279199e-13       1.076989211457e-15 
  255       7.269057460724e-10       3.763619903463e-13       9.673815217580e-12       0.000000000000e+00       6.748552386044e-13       1.637881080242e-13       1.107116314495e-15 
  256       7.241485254721e-10       3.889774614916e-13       9.886637135869e-12       0.000000000000e+00       6.667171043106e-13       1.619029342644e-13       1.136863595045e-15 
  257       7.213240142721e-10       4.018984717796e-13       1.009759344414e-11       0.000000000000e+00       6.587125045044e-13       1.600393396337e-13       1.166221616966e-15 
  258       7.184332404791e-10       4.151255804665e-13       1.030657848486e-11       0.000000000000e+00       6.508378572421e-13       1.581960927687e-13       1.195181000280e-15 
  259       7.154772647645e-10       4.286592591751e-13       1.051348527267e-11       0.000000000000e+00       6.430893322755e-13       1.563718972054e-13       1.223732423044e-15 
  260       7.124571807053e-10       4.424998907993e-13       1.071820548902e-11       0.000000000000e+00       6.354628480919e-13       1.545653906357e-13       1.251866623229e-15 
  261       7.093741150248e-10       4.566477684079e-13       1.092062947693e-11       0.000000000000e+00       6.279540689531e-13       1.527751441630e-13       1.279574400587e-15 
  262       7.062292278337e-10       4.711030941496e-13       1.112064623567e-11       0.000000000000e+00       6.205584019353e-13       1.509996615591e-13       1.306846618534e-15 
  263       7.030237128707e-10       4.858659781566e-13       1.131814341544e-11       0.000000000000e+00       6.132709939683e-13       1.492373785197e-13       1.333674206016e-15 
  264       6.997587977436e-10       5.009364374491e-13       1.151300731206e-11       0.000000000000e+00       6.060867288750e-13       1.474866619209e-13       1.360048159390e-15 
  265       6.964357441701e-10       5.163143948398e-13       1.170512286172e-11       0.000000000000e+00       5.990002244110e-13       1.457458090754e-13       1.385959544296e-15 
  266       6.930557900393e-10       5.319994153200e-13       1.189438159927e-11       0.000000000000e+00       5.920068534122e-13       1.440134192995e-13       1.411401196108e-15 
  267       6.896199716155e-10       5.479899016203e-13       1.208070602286e-11       0.000000000000e+00       5.851058747586e-13       1.422895324974e-13       1.436372919723e-15 
  268       6.861292921482e-10       5.642838528347e-13       1.226402654206e-11       0.000000000000e+00       5.782974666697e-13       1.405745509576e-13       1.460876575778e-15 
  269       6.825847793242e-10       5.808791214742e-13       1.244427364147e-11       0.000000000000e+00       5.715817166793e-13       1.388688724944e-13       1.484914412225e-15 
  270       6.789874854102e-10       5.977734119274e-13       1.262137788883e-11       0.000000000000e+00       5.649586204058e-13       1.371728903333e-13       1.508489069063e-15 
  271       6.753384873953e-10       6.149642789213e-13       1.279526994322e-11       0.000000000000e+00       5.584280803213e-13       1.354869929959e-13       1.531603583092e-15 
  272       6.716388871335e-10       6.324491259818e-13       1.296588056318e-11       0.000000000000e+00       5.519899045225e-13       1.338115641854e-13       1.554261392655e-15 
  273       6.678898114863e-10       6.502252038948e-13       1.313314061488e-11       0.000000000000e+00       5.456438054994e-13       1.321469826717e-13       1.576466342378e-15 
  274       6.640924124654e-10       6.682896091663e-13       1.329698108028e-11       0.000000000000e+00       5.393893989061e-13       1.304936221765e-13       1.598222687920e-15 
  275       6.602478673752e-10       6.866392824842e-13       1.345733306525e-11       0.000000000000e+00       5.332262023299e-13       1.288518512590e-13       1.619535100715e-15 
  276       6.563573789554e-10       7.052710071777e-13       1.361412780776e-11       0.000000000000e+00       5.271536340615e-13       1.272220332006e-13       1.640408672714e-15 
  277       6.524221755233e-10       7.241814076792e-13       1.376729668602e-11       0.000000000000e+00       5.211710118650e-13       1.256045258903e-13       1.660848921135e-15 
  278       6.484435111169e-10       7.433669479844e-13       1.391677122663e-11       0.000000000000e+00       5.152775517471e-13       1.239996817101e-13       1.680861793202e-15 
  279       6.444226656371e-10       7.628239301130e-13       1.406248311274e-11       0.000000000000e+00       5.094723667275e-13       1.224078474201e-13       1.700453670891e-15 
  280       6.403609449902e-10       7.825484925699e-13       1.420436419218e-11       0.000000000000e+00       5.037544656088e-13       1.208293640435e-13       1.719631375676e-15 
  281       6.362596812308e-10       8.025366088054e-13       1.434234648566e-11       0.000000000000e+00       4.981227517457e-13       1.192645667523e-13       1.738402173271e-15 
  282       6.321202327042e-10       8.227840856763e-13       1.447636219487e-11       0.000000000000e+00       4.925760218154e-13       1.177137847523e-13       1.756773778377e-15 
  283       6.279439841888e-10       8.432865619064e-13       1.460634371068e-11       0.000000000000e+00       4.871129645873e-13       1.161773411681e-13       1.774754359424e-15 
  284       6.237323470391e-10       8.640395065474e-13       1.473222362124e-11       0.000000000000e+00       4.817321596927e-13       1.146555529288e-13       1.792352543314e-15 
  285       6.194867593279e-10       8.850382174395e-13       1.485393472021e-11       0.000000000000e+00       4.764320763948e-13       1.131487306528e-13       1.809577420170e-15 
  286       6.152086859889e-10       9.062778196723e-13       1.497141001484e-11       0.000000000000e+00       4.712110723582e-13       1.116571785331e-13       1.826438548077e-15 
  287       6.108996189596e-10       9.277532640453e-13       1.508458273415e-11       0.000000000000e+00       4.660673924194e-13       1.101811942230e-13       1.842945957828e-15 
  288       6.065610773234e-10       9.494593255289e-13       1.519338633709e-11       0.000000000000e+00       4.609991673557e-13       1.087210687207e-13       1.859110157666e-15 
  289       6.021946074525e-10       9.713906017247e-13       1.529775452069e-11       0.000000000000e+00       4.560044126561e-13       1.072770862547e-13       1.874942138031e-15 
  290       5.978017831505e-10       9.935415113268e-13       1.539762122822e-11       0.000000000000e+00       4.510810272900e-13       1.058495241693e-13       1.890453376301e-15 
  291       5.933842057948e-10       1.015906292582e-12       1.549292065732e-11       0.000000000000e+00       4.462267924781e-13       1.044386528096e-13       1.905655841542e-15 
  292       5.889435044791e-10       1.038479001751e-12       1.558358726817e-11       0.000000000000e+00       4.414393704614e-13       1.030447354068e-13       1.920561999247e-15 
  293       5.844813361563e-10       1.061253511569e-12       1.566955579165e-11       0.000000000000e+00       4.367163032715e-13       1.016680279633e-13       1.935184816082e-15 
  294       5.799993857807e-10       1.084223509707e-12       1.575076123748e-11       0.000000000000e+00       4.320550115002e-13       1.003087791383e-13       1.949537764630e-15 
  295       5.754993664510e-10       1.107382497229e-12       1.582713890237e-11       0.000000000000e+00       4.274527930696e-13       9.896723013230e-14       1.963634828138e-15 
  296       5.709830195524e-10       1.130723787059e-12       1.589862437819e-11       0.000000000000e+00       4.229068220016e-13       9.764361457323e-14       1.977490505257e-15 
  297       5.664520086344e-10       1.154240676888e-12       1.596516012386e-11       0.000000000000e+00       4.184146801515e-13       9.633811102289e-14       1.991116612133e-15 
  298       5.619075950327e-10       1.177926980392e-12       1.602671551833e-11       0.000000000000e+00       4.139759835802e-13       9.505069817552e-14       2.004512506639e-15 
  299       5.573509467247e-10       1.201776518886e-12       1.608326780030e-11       0.000000000000e+00       4.095908330044e-13       9.378129238202e-14       2.017674397210e-15 
  300       5.527832431688e-10       1.225782947913e-12       1.613479560953e-11       0.000000000000e+00       4.052592874672e-13       9.252979421417e-14       2.030598502981e-15 
  301       5.482056753031e-10       1.249939755936e-12       1.618127900383e-11       0.000000000000e+00       4.009813638306e-13       9.129608828566e-14       2.043281054196e-15 
  302       5.436194455438e-10       1.274240263038e-12       1.622269947617e-11       0.000000000000e+00       3.967570362679e-13       9.008004307304e-14       2.055718292603e-15 
  303       5.390257677837e-10       1.298677619618e-12       1.625903997169e-11       0.000000000000e+00       3.925862357565e-13       8.888151073675e-14       2.067906471862e-15 
  304       5.344258673908e-10       1.323244805091e-12       1.629028490480e-11       0.000000000000e+00       3.884688495696e-13       8.770032694209e-14       2.079841857942e-15 
  305       5.298209812067e-10       1.347934626581e-12       1.631642017616e-11       0.000000000000e+00       3.844047207694e-13       8.653631068022e-14       2.091520729527e-15 
  306       5.252123575449e-10       1.372739717622e-12       1.633743318982e-11       0.000000000000e+00       3.803936476992e-13       8.538926408916e-14       2.102939378416e-15 
  307       5.206012561898e-10       1.397652536851e-12       1.635331287019e-11       0.000000000000e+00       3.764353834757e-13       8.425897227476e-14       2.114094109925e-15 
  308       5.159889483949e-10       1.422665366712e-12       1.636404967916e-11       0.000000000000e+00       3.725296354818e-13       8.314520313171e-14       2.124981243290e-15 
  309       5.113767168809e-10       1.447770312147e-12       1.636963563312e-11       0.000000000000e+00       3.686760648589e-13       8.204770716452e-14       2.135597112070e-15 
  310       5.067658558351e-10       1.472959299294e-12       1.637006432000e-11       0.000000000000e+00       3.648742859990e-13       8.096621730852e-14       2.145938064544e-15 
  311       5.021576709090e-10       1.498224074189e-12       1.636533091635e-11       0.000000000000e+00       3.611238660379e-13       7.990044875087e-14       2.156000464122e-15 
  312       4.975534792174e-10       1.523556201457e-12       1.635543220439e-11       0.000000000000e+00       3.574243243468e-13       7.885009875149e-14       2.165780689736e-15 
  313       4.929546093365e-10       1.548947063015e-12       1.634036658905e-11       0.000000000000e+00       3.537751320254e-13       7.781484646412e-14       2.175275136253e-15 
  314       4.883624013028e-10       1.574387856764e-12       1.632013411501e-11       0.000000000000e+00       3.501757113941e-13       7.679435275729e-14       2.184480214869e-15 
  315       4.837782066111e-10       1.599869595291e-12       1.629473648380e-11       0.000000000000e+00       3.466254354862e-13       7.578826003529e-14       2.193392353514e-15 
  316       4.792033882135e-10       1.625383104562e-12       1.626417707079e-11       0.000000000000e+00       3.431236275409e-13       7.479619205919e-14       2.202007997255e-15 
  317       4.746393205175e-10       1.650919022623e-12       1.622846094231e-11       0.000000000000e+00       3.396695604951e-13       7.381775376782e-14       2.210323608697e-15 
  318       4.700873893846e-10       1.676467798295e-12       1.618759487264e-11       0.000000000000e+00       3.362624564763e-13       7.285253109875e-14       2.218335668384e-15 
  319       4.655489921289e-10       1.702019689871e-12       1.614158736110e-11       0.000000000000e+00       3.329014862951e-13       7.190009080931e-14       2.226040675205e-15 
  320       4.610255375157e-10       1.727564763814e-12       1.609044864910e-11       0.000000000000e+00       3.295857689373e-13       7.095998029756e-14       2.233435146789e-15 
  321       4.565184457596e-10       1.753092893457e-12       1.603419073718e-11       0.000000000000e+00       3.263143710564e-13       7.003172742327e-14       2.240515619914e-15 
  322       4.520291485233e-10       1.778593757695e-12       1.597282740207e-11       0.000000000000e+00       3.230863064662e-13       6.911484032897e-14       2.247278650907e-15 
  323       4.475590889161e-10       1.804056839684e-12       1.590637421374e-11       0.000000000000e+00       3.199005356334e-13       6.820880726085e-14       2.253720816042e-15 
  324       4.431097214922e-10       1.829471425543e-12       1.583484855245e-11       0.000000000000e+00       3.167559651696e-13       6.731309638985e-14       2.259838711950e-15 
  325       4.386825122492e-10       1.854826603044e-12       1.575826962580e-11       0.000000000000e+00       3.136514473241e-13       6.642715563258e-14       2.265628956013e-15 
  326       4.342789386271e-10       1.880111260313e-12       1.567665848583e-11       0.000000000000e+00       3.105857794762e-13       6.555041247234e-14       2.271088186771e-15 
  327       4.299004895061e-10       1.905314084528e-12       1.559003804597e-11       0.000000000000e+00       3.075577036277e-13       6.468227378011e-14       2.276213064322e-15 
  328       4.255486652053e-10       1.930423560616e-12       1.549843309821e-11       0.000000000000e+00       3.045659058952e-13       6.382212563554e-14       2.281000270724e-15 
  329       4.212249774815e-10       1.955427969946e-12       1.540187033006e-11       0.000000000000e+00       3.016090160028e-13       6.296933314794e-14       2.285446510401e-15 
  330       4.169309495275e-10       1.980315389034e-12       1.530037834166e-11       0.000000000000e+00       2.986856067743e-13       6.212324027728e-14       2.289548510537e-15 
  331       4.126681159704e-10       2.005073688232e-12       1.519398766280e-11       0.000000000000e+00       2.957941936259e-13       6.128316965517e-14       2.293303021487e-15 
  332       4.084379050007e-10       2.029691414620e-12       1.508273121702e-11       0.000000000000e+00       2.929335119389e-13       6.044856083884e-14       2.296707719567e-15 
  333       4.042412790808e-10       2.054160485877e-12       1.496664570123e-11       0.000000000000e+00       2.901033635855e-13       5.961939210251e-14       2.299763958133e-15 
  334       4.000790785546e-10       2.078473611418e-12       1.484577029967e-11       0.000000000000e+00       2.873038063515e-13       5.879577670217e-14       2.302474137344e-15 
  335       3.959521379738e-10       2.102623418461e-12       1.472014625973e-11       0.000000000000e+00       2.845348791823e-13       5.797782607418e-14       2.304840813972e-15 
  336       3.918612859687e-10       2.126602451691e-12       1.458981690955e-11       0.000000000000e+00       2.817966019772e-13       5.716564980653e-14       2.306866702783e-15 
  337       3.878073451186e-10       2.150403172914e-12       1.445482767551e-11       0.000000000000e+00       2.790889753834e-13       5.635935561010e-14       2.308554677919e-15 
  338       3.837911318224e-10       2.174017960712e-12       1.431522609978e-11       0.000000000000e+00       2.764119805901e-13       5.555904928989e-14       2.309907774282e-15 
  339       3.798134561692e-10       2.197439110104e-12       1.417106185789e-11       0.000000000000e+00       2.737655791225e-13       5.476483471629e-14       2.310929188909e-15 
  340       3.758751218087e-10       2.220658832199e-12       1.402238677621e-11       0.000000000000e+00       2.711497126361e-13       5.397681379633e-14       2.311622282362e-15 
  341       3.719769258219e-10       2.243669253858e-12       1.386925484953e-11       0.000000000000e+00       2.685643027102e-13       5.319508644489e-14       2.311990580102e-15 
  342       3.681196585919e-10       2.266462417345e-12       1.371172225861e-11       0.000000000000e+00       2.660092506427e-13       5.241975055601e-14       2.312037773875e-15 
  343       3.643041036737e-10       2.289030279988e-12       1.354984738765e-11       0.000000000000e+00       2.634844372436e-13       5.165090197411e-14       2.311767723092e-15 
  344       3.605310376657e-10       2.311364713835e-12       1.338369084191e-11       0.000000000000e+00       2.609897226292e-13       5.088863446523e-14       2.311184456212e-15 
  345       3.568012300795e-10       2.333457505309e-12       1.321331546520e-11       0.000000000000e+00       2.585249460164e-13       5.013303968829e-14       2.310292172121e-15 
  346       3.531154432109e-10       2.355300354871e-12       1.303878635742e-11       0.000000000000e+00       2.560899255164e-13       4.938420716636e-14       2.309095241515e-15 
  347       3.494744320101e-10       2.376884876669e-12       1.286017089211e-11       0.000000000000e+00       2.536844579291e-13       4.864222425787e-14       2.307598208282e-15 
  348       3.458789439528e-10       2.398202598199e-12       1.267753873398e-11       0.000000000000e+00       2.513083185368e-13       4.790717612791e-14       2.305805790883e-15 
  349       3.423297189102e-10       2.419244959964e-12       1.249096185647e-11       0.000000000000e+00       2.489612608988e-13       4.717914571943e-14       2.303722883732e-15 
  350       3.388274890198e-10       2.440003315128e-12       1.230051455925e-11       0.000000000000e+00       2.466430166447e-13       4.645821372451e-14       2.301354558580e-15 
  351       3.353729785559e-10       2.460468929172e-12       1.210627348579e-11       0.000000000000e+00       2.443532952692e-13       4.574445855563e-14       2.298706065897e-15 
  352       3.319669038002e-10       2.480632979554e-12       1.190831764087e-11       0.000000000000e+00       2.420917839257e-13       4.503795631689e-14       2.295782836251e-15 
  353       3.286099729125e-10       2.500486555365e-12       1.170672840816e-11       0.000000000000e+00       2.398581472208e-13       4.433878077528e-14       2.292590481689e-15 
  354       3.253028858010e-10       2.520020656985e-12       1.150158956770e-11       0.000000000000e+00       2.376520270076e-13       4.364700333192e-14       2.289134797122e-15 
  355       3.220463339928e-10       2.539226195741e-12       1.129298731348e-11       0.000000000000e+00       2.354730421806e-13       4.296269299332e-14       2.285421761705e-15 
  356       3.188410005049e-10       2.558093993563e-12       1.108101027099e-11       0.000000000000e+00       2.333207884694e-13       4.228591634260e-14       2.281457540216e-15 
  357       3.156875597142e-10       2.576614782643e-12       1.086574951470e-11       0.000000000000e+00       2.311948382326e-13       4.161673751080e-14       2.277248484442e-15 
  358       3.125866772285e-10       2.594779205088e-12       1.064729858565e-11       0.000000000000e+00       2.290947402521e-13       4.095521814805e-14       2.272801134559e-15 
  359       3.095390097569e-10       2.612577812582e-12       1.042575350897e-11       0.000000000000e+00       2.270200195271e-13       4.030141739491e-14       2.268122220508e-15 
  360       3.065452049802e-10       2.630001066040e-12       1.020121281142e-11       0.000000000000e+00       2.249701770681e-13       3.965539185354e-14       2.263218663388e-15 
  361       3.036059014216e-10       2.647039335265e-12       9.973777538917e-12       0.000000000000e+00       2.229446896912e-13       3.901719555900e-14       2.258097576825e-15 
  362       3.007217283174e-10       2.663682898605e-12       9.743551274091e-12       0.000000000000e+00       2.209430098118e-13       3.838687995047e-14       2.252766268364e-15 
  363       2.978933054873e-10       2.679921942610e-12       9.510640153809e-12       0.000000000000e+00       2.189645652389e-13       3.776449384253e-14       2.247232240843e-15 
  364       2.951212432051e-10       2.695746561693e-12       9.275152886721e-12       0.000000000000e+00       2.170087589691e-13       3.715008339638e-14       2.241503193778e-15 
  365       2.924061420692e-10       2.711146757779e-12       9.037200770792e-12       0.000000000000e+00       2.150749689806e-13       3.654369209112e-14       2.235587024745e-15 
  366       2.897485928732e-10       2.726112439969e-12       8.796897710844e-12       0.000000000000e+00       2.131625480274e-13       3.594536069497e-14       2.229491830759e-15 
  367       2.871491764764e-10       2.740633424193e-12       8.554360236092e-12       0.000000000000e+00       2.112708234335e-13       3.535512723655e-14       2.223225909660e-15 
  368       2.846084636744e-10       2.754699432870e-12       8.309707517682e-12       0.000000000000e+00       2.093990968863e-13       3.477302697608e-14       2.216797761488e-15 
  369       2.821270150696e-10       2.768300094560e-12       8.063061386229e-12       0.000000000000e+00       2.075466442315e-13       3.419909237672e-14       2.210216089870e-15 
  370       2.797053809418e-10       2.781424943629e-12       7.814546349356e-12       0.000000000000e+00       2.057127152666e-13       3.363335307572e-14       2.203489803401e-15 
  371       2.773440398563e-10       2.794064713800e-12       7.564280717970e-12       0.000000000000e+00       2.038966700801e-13       3.307582671721e-14       2.196626618503e-15 
  372       2.750432121041e-10       2.806215275320e-12       7.312349566583e-12       0.000000000000e+00       2.020983943689e-13       3.252649111381e-14       2.189628804952e-15 
  373       2.728030387130e-10       2.817873851072e-12       7.058830750097e-12       0.000000000000e+00       2.003178999565e-13       3.198531094010e-14       2.182497276703e-15 
  374       2.706236418698e-10       2.829037737350e-12       6.803803709402e-12       0.000000000000e+00       1.985551896269e-13       3.145224673635e-14       2.175232975565e-15 
  375       2.685051247373e-10       2.839704304636e-12       6.547349481176e-12       0.000000000000e+00       1.968102570377e-13       3.092725487178e-14       2.167836871361e-15 
  376       2.664475712720e-10       2.849870998387e-12       6.289550707695e-12       0.000000000000e+00       1.950830866324e-13       3.041028750792e-14       2.160309962097e-15 
  377       2.644510460410e-10       2.859535339817e-12       6.030491646642e-12       0.000000000000e+00       1.933736535538e-13       2.990129256185e-14       2.152653274124e-15 
  378       2.625155940394e-10       2.868694926674e-12       5.770258180909e-12       0.000000000000e+00       1.916819235563e-13       2.940021366956e-14       2.144867862307e-15 
  379       2.606412405079e-10       2.877347434029e-12       5.508937828408e-12       0.000000000000e+00       1.900078529190e-13       2.890699014922e-14       2.136954810187e-15 
  380       2.588279907494e-10       2.885490615051e-12       5.246619751876e-12       0.000000000000e+00       1.883513883582e-13       2.842155696451e-14       2.128915230150e-15 
  381       2.570758299470e-10       2.893122301795e-12       4.983394768685e-12       0.000000000000e+00       1.867124669404e-13       2.794384468788e-14       2.120750263591e-15 
  382       2.553847229810e-10       2.900240405980e-12       4.719355360644e-12       0.000000000000e+00       1.850910159951e-13       2.747377946392e-14       2.112461081078e-15 
  383       2.537546142461e-10       2.906842919774e-12       4.454595683810e-12       0.000000000000e+00       1.834869530275e-13       2.701128297261e-14       2.104048882520e-15 
  384       2.521854274688e-10       2.912927916572e-12       4.189211578293e-12       0.000000000000e+00       1.819001856313e-13       2.655627239263e-14       2.095514897333e-15 
  385       2.506770655246e-10       2.918493551782e-12       3.923300578066e-12       0.000000000000e+00       1.803306114013e-13       2.610866036471e-14       2.086860384601e-15 
  386       2.492294102555e-10       2.923538063607e-12       3.656961920768e-12       0.000000000000e+00       1.787781178466e-13       2.566835495487e-14       2.078086633246e-15 
  387       2.478423222871e-10       2.928059773822e-12       3.390296557511e-12       0.000000000000e+00       1.772425823030e-13       2.523525961776e-14       2.069194962195e-15 
  388       2.465156408457e-10       2.932057088563e-12       3.123407162694e-12       0.000000000000e+00       1.757238718463e-13       2.480927315999e-14       2.060186720538e-15 
  389       2.452491835762e-10       2.935528499102e-12       2.856398143799e-12       0.000000000000e+00       1.742218432042e-13       2.439028970336e-14       2.051063287702e-15 
  390       2.440427463587e-10       2.938472582637e-12       2.589375651207e-12       0.000000000000e+00       1.727363426700e-13       2.397819864824e-14       2.041826073610e-15 
  391       2.428961031263e-10       2.940888003064e-12       2.322447588002e-12       0.000000000000e+00       1.712672060150e-13       2.357288463683e-14       2.032476518852e-15 
  392       2.418090056821e-10       2.942773511771e-12       2.055723619777e-12       0.000000000000e+00       1.698142584010e-13       2.317422751648e-14       2.023016094846e-15 
  393       2.407811835165e-10       2.944127948407e-12       1.789315184440e-12       0.000000000000e+00       1.683773142938e-13       2.278210230299e-14       2.013446304006e-15 
  394       2.398123436248e-10       2.944950241676e-12       1.523335502027e-12       0.000000000000e+00       1.669561773753e-13       2.239637914391e-14       2.003768679907e-15 
  395       2.389021703240e-10       2.945239410110e-12       1.257899584501e-12       0.000000000000e+00       1.655506404565e-13       2.201692328187e-14       1.993984787451e-15 
  396       2.380503250705e-10       2.944994562857e-12       9.931242455652e-13       0.000000000000e+00       1.641604853907e-13       2.164359501783e-14       1.984096223030e-15 
  397       2.372564462772e-10       2.944214900458e-12       7.291281104657e-13       0.000000000000e+00       1.627854829854e-13       2.127624967444e-14       1.974104614696e-15 
  398       2.365201491307e-10       2.942899715635e-12       4.660316258018e-13       0.000000000000e+00       1.614253929162e-13       2.091473755934e-14       1.964011622324e-15 
  399       2.358410254090e-10       2.941048394067e-12       2.039570693313e-13       0.000000000000e+00       1.600799636385e-13       2.055890392840e-14       1.953818937775e-15 
  400       2.352186432981e-10       2.938660415175e-12      -5.697144022234e-14       0.000000000000e+00       1.587489323012e-13       2.020858894911e-14       1.943528285067e-15 
  401       2.346525472100e-10       2.935735352906e-12      -3.166279333626e-13       0.000000000000e+00       1.574320246587e-13       1.986362766383e-14       1.933141420537e-15 
  402       2.341422575997e-10       2.932272876509e-12      -5.748845800134e-13       0.000000000000e+00       1.561289549844e-13       1.952384995312e-14       1.922660133006e-15 
  403       2.336872707821e-10       2.928272751323e-12      -8.316116797114e-13       0.000000000000e+00       1.548394259831e-13       1.918908049902e-14       1.912086243948e-15 
  404       2.332870587501e-10       2.923734839557e-12      -1.086677651800e-12       0.000000000000e+00       1.535631287035e-13       1.885913874837e-14       1.901421607651e-15 
  405       2.329410689912e-10       2.918659101070e-12      -1.339949025621e-12       0.000000000000e+00       1.522997424518e-13       1.853383887612e-14       1.890668111386e-15 
  406       2.326487243051e-10       2.913045594157e-12      -1.591290430709e-12       0.000000000000e+00       1.510489347037e-13       1.821298974862e-14       1.879827675572e-15 
  407       2.324094226208e-10       2.906894476326e-12      -1.840564586984e-12       0.000000000000e+00       1.498103610176e-13       1.789639488694e-14       1.868902253940e-15 
  408       2.322225368142e-10       2.900206005085e-12      -2.087632294942e-12       0.000000000000e+00       1.485836649473e-13       1.758385243016e-14       1.857893833699e-15 
  409       2.320874145251e-10       2.892980538722e-12      -2.332352425854e-12       0.000000000000e+00       1.473684779548e-13       1.727515509867e-14       1.846804435704e-15 
  410       2.320034202606e-10       2.885219256225e-12      -2.574596267933e-12       0.000000000000e+00       1.461644840994e-13       1.697012800671e-14       1.835635914799e-15 
  411       2.319700637208e-10       2.876926343554e-12      -2.814291144718e-12       0.000000000000e+00       1.449716168077e-13       1.666874365027e-14       1.824389352727e-15 
  412       2.319868756591e-10       2.868106886341e-12      -3.051378322318e-12       0.000000000000e+00       1.437898689014e-13       1.637101091981e-14       1.813065644047e-15 
  413       2.320533658548e-10       2.858766159036e-12      -3.285798793402e-12       0.000000000000e+00       1.426192284098e-13       1.607693760914e-14       1.801665694030e-15 
  414       2.321690229607e-10       2.848909626199e-12      -3.517493277610e-12       0.000000000000e+00       1.414596785288e-13       1.578653040577e-14       1.790190418684e-15 
  415       2.323333143499e-10       2.838542943795e-12      -3.746402221969e-12       0.000000000000e+00       1.403111975794e-13       1.549979488109e-14       1.778640744776e-15 
  416       2.325456859639e-10       2.827671960489e-12      -3.972465801313e-12       0.000000000000e+00       1.391737589667e-13       1.521673548068e-14       1.767017609859e-15 
  417       2.328055621596e-10       2.816302718939e-12      -4.195623918696e-12       0.000000000000e+00       1.380473311392e-13       1.493735551454e-14       1.755321962289e-15 
  418       2.331123455566e-10       2.804441457090e-12      -4.415816205809e-12       0.000000000000e+00       1.369318775473e-13       1.466165714736e-14       1.743554761253e-15 
  419       2.334654168851e-10       2.792094609469e-12      -4.632982023397e-12       0.000000000000e+00       1.358273566026e-13       1.438964138877e-14       1.731716976793e-15 
  420       2.338641348327e-10       2.779268808480e-12      -4.847060461675e-12       0.000000000000e+00       1.347337216363e-13       1.412130808359e-14       1.719809589823e-15 
  421       2.343078358922e-10       2.765970885694e-12      -5.057990340742e-12       0.000000000000e+00       1.336509208586e-13       1.385665590211e-14       1.707833592161e-15 
  422       2.347958342089e-10       2.752207873150e-12      -5.265710211001e-12       0.000000000000e+00       1.325788973173e-13       1.359568233034e-14       1.695789986544e-15 
  423       2.353274214281e-10       2.737987004641e-12      -5.470158353574e-12       0.000000000000e+00       1.315175888570e-13       1.333838366026e-14       1.683679786656e-15 
  424       2.359018665421e-10       2.723315717014e-12      -5.671272780716e-12       0.000000000000e+00       1.304669280777e-13       1.308475498007e-14       1.671504017152e-15 
  425       2.365184157382e-10       2.708201651464e-12      -5.868991236232e-12       0.000000000000e+00       1.294268422940e-13       1.283479016448e-14       1.659263713676e-15 
  426       2.371762922457e-10       2.692652654825e-12      -6.063251195897e-12       0.000000000000e+00       1.283972534938e-13       1.258848186492e-14       1.646959922891e-15 
  427       2.378746961832e-10       2.676676780865e-12      -6.253989867868e-12       0.000000000000e+00       1.273780782972e-13       1.234582149984e-14       1.634593702496e-15 
  428       2.386128044066e-10       2.660282291582e-12      -6.441144193101e-12       0.000000000000e+00       1.263692279158e-13       1.210679924495e-14       1.622166121254e-15 
  429       2.393897703557e-10       2.643477658496e-12      -6.624650845768e-12       0.000000000000e+00       1.253706081111e-13       1.187140402349e-14       1.609678259012e-15 
  430       2.402047239022e-10       2.626271563945e-12      -6.804446233673e-12       0.000000000000e+00       1.243821191537e-13       1.163962349644e-14       1.597131206728e-15 
  431       2.410567711970e-10       2.608672902377e-12      -6.980466498669e-12       0.000000000000e+00       1.234036557823e-13       1.141144405285e-14       1.584526066488e-15 
  432       2.419449945173e-10       2.590690781647e-12      -7.152647517073e-12       0.000000000000e+00       1.224351071623e-13       1.118685080006e-14       1.571863951537e-15 
  433       2.428684521143e-10       2.572334524308e-12      -7.320924900082e-12       0.000000000000e+00       1.214763568450e-13       1.096582755393e-14       1.559145986295e-15 
  434       2.438261780606e-10       2.553613668907e-12      -7.485233994192e-12       0.000000000000e+00       1.205272827264e-13       1.074835682916e-14       1.546373306386e-15 
  435       2.448171820973e-10       2.534537971279e-12      -7.645509881610e-12       0.000000000000e+00       1.195877570061e-13       1.053441982950e-14       1.533547058658e-15 
  436       2.458404494819e-10       2.515117405841e-12      -7.801687380674e-12       0.000000000000e+00       1.186576461462e-13       1.032399643802e-14       1.520668401205e-15 
  437       2.468949408352e-10       2.495362166884e-12      -7.953701046267e-12       0.000000000000e+00       1.177368108305e-13       1.011706520737e-14       1.507738503397e-15 
  438       2.479795919889e-10       2.475282669872e-12      -8.101485170234e-12       0.000000000000e+00       1.168251059228e-13       9.913603350048e-15       1.494758545893e-15 
  439       2.490933138333e-10       2.454889552731e-12      -8.244973781797e-12       0.000000000000e+00       1.159223804264e-13       9.713586728633e-15       1.481729720674e-15 
  440       2.502349921640e-10       2.434193677147e-12      -8.384100647975e-12       0.000000000000e+00       1.150284774430e-13       9.516989846064e-15       1.468653231060e-15 
  441       2.514034875302e-10       2.413206129856e-12      -8.518799273995e-12       0.000000000000e+00       1.141432341310e-13       9.323785835890e-15       1.455530291735e-15 
  442       2.525976350812e-10       2.391938223944e-12      -8.649002903713e-12       0.000000000000e+00       1.132664816652e-13       9.133946452526e-15       1.442362128772e-15 
  443       2.538162444144e-10       2.370401500136e-12      -8.774644520026e-12       0.000000000000e+00       1.123980451952e-13       8.947442061513e-15       1.429149979654e-15 
  444       2.550580994227e-10       2.348607728090e-12      -8.895656845293e-12       0.000000000000e+00       1.115377438044e-13       8.764241629775e-15       1.415895093296e-15 
  445       2.563219581414e-10       2.326568907697e-12      -9.011972341745e-12       0.000000000000e+00       1.106853904692e-13       8.584312715876e-15       1.402598730074e-15 
  446       2.576065525963e-10       2.304297270367e-12      -9.123523211908e-12       0.000000000000e+00       1.098407920175e-13       8.407621460280e-15       1.389262161841e-15 
  447       2.589105886503e-10       2.281805280331e-12      -9.230241399015e-12       0.000000000000e+00       1.090037490879e-13       8.234132575604e-15       1.375886671955e-15 
  448       2.602327458517e-10       2.259105635929e-12      -9.332058587421e-12       0.000000000000e+00       1.081740560885e-13       8.063809336880e-15       1.362473555303e-15 
  449       2.615718004856e-10       2.236210788503e-12      -9.428918053614e-12       0.000000000000e+00       1.073515362242e-13       7.896617044095e-15       1.349024086374e-15 
  450       2.629269994263e-10       2.213131479296e-12      -9.520810640676e-12       0.000000000000e+00       1.065361479092e-13       7.732533553028e-15       1.335539422317e-15 
  451       2.642976980865e-10       2.189878157737e-12      -9.607739949127e-12       0.000000000000e+00       1.057278817184e-13       7.571539066129e-15       1.322020696794e-15 
  452       2.656832382271e-10       2.166461460573e-12      -9.689710599003e-12       0.000000000000e+00       1.049267256096e-13       7.413612683375e-15       1.308469051645e-15 
  453       2.670829478774e-10       2.142892212873e-12      -9.766728237317e-12       0.000000000000e+00       1.041326649041e-13       7.258732394601e-15       1.294885636894e-15 
  454       2.684961412561e-10       2.119181429038e-12      -9.838799545513e-12       0.000000000000e+00       1.033456822654e-13       7.106875071809e-15       1.281271610751e-15 
  455       2.699221186919e-10       2.095340313807e-12      -9.905932246918e-12       0.000000000000e+00       1.025657576801e-13       6.958016461498e-15       1.267628139616e-15 
  456       2.713601665435e-10       2.071380263267e-12      -9.968135114195e-12       0.000000000000e+00       1.017928684368e-13       6.812131176974e-15       1.253956398085e-15 
  457       2.728095571210e-10       2.047312865856e-12      -1.002541797680e-11       0.000000000000e+00       1.010269891059e-13       6.669192690680e-15       1.240257568955e-15 
  458       2.742695486056e-10       2.023149903376e-12      -1.007779172845e-11       0.000000000000e+00       1.002680915200e-13       6.529173326506e-15       1.226532843226e-15 
  459       2.757393849711e-10       1.998903351999e-12      -1.012526833454e-11       0.000000000000e+00       9.951614475278e-14       6.392044252115e-15       1.212783420107e-15 
  460       2.772182959036e-10       1.974585383271e-12      -1.016786083963e-11       0.000000000000e+00       9.877111509942e-14       6.257775471264e-15       1.199010507017e-15 
  461       2.787054967226e-10       1.950208365125e-12      -1.020558337491e-11       0.000000000000e+00       9.803296605596e-14       6.126335816116e-15       1.185215319596e-15 
  462       2.802001883016e-10       1.925784862885e-12      -1.023845116560e-11       0.000000000000e+00       9.730165829920e-14       5.997692939569e-15       1.171399081700e-15 
  463       2.817015569883e-10       1.901327640276e-12      -1.026648053847e-11       0.000000000000e+00       9.657714966639e-14       5.871813307570e-15       1.157563025414e-15 
  464       2.832087745254e-10       1.876849660428e-12      -1.028968892926e-11       0.000000000000e+00       9.585939513500e-14       5.748662191436e-15       1.143708391053e-15 
  465       2.847209979714e-10       1.852364086887e-12      -1.030809489011e-11       0.000000000000e+00       9.514834680244e-14       5.628203660176e-15       1.129836427162e-15 
  466       2.862373696208e-10       1.827884284624e-12      -1.032171809708e-11       0.000000000000e+00       9.444395386583e-14       5.510400572809e-15       1.115948390527e-15 
  467       2.877570169246e-10       1.803423821037e-12      -1.033057935755e-11       0.000000000000e+00       9.374616260171e-14       5.395214570682e-15       1.102045546177e-15 
  468       2.892790524115e-10       1.778996466964e-12      -1.033470061769e-11       0.000000000000e+00       9.305491634582e-14       5.282606069795e-15       1.088129167386e-15 
  469       2.908025736078e-10       1.754616197686e-12      -1.033410496992e-11       0.000000000000e+00       9.237015547281e-14       5.172534253115e-15       1.074200535678e-15 
  470       2.923266629583e-10       1.730297193941e-12      -1.032881666035e-11       0.000000000000e+00       9.169181737601e-14       5.064957062899e-15       1.060260940836e-15 
  471       2.938503877469e-10       1.706053842924e-12      -1.031886109627e-11       0.000000000000e+00       9.101983644715e-14       4.959831193015e-15       1.046311680898e-15 
  472       2.953728000169e-10       1.681900739301e-12      -1.030426485356e-11       0.000000000000e+00       9.035414405613e-14       4.857112081259e-15       1.032354062169e-15 
  473       2.968929364919e-10       1.657852686212e-12      -1.028505568417e-11       0.000000000000e+00       8.969466853072e-14       4.756753901677e-15       1.018389399220e-15 
  474       2.984098184963e-10       1.633924696282e-12      -1.026126252356e-11       0.000000000000e+00       8.904133513636e-14       4.658709556881e-15       1.004419014895e-15 
  475       2.999224518756e-10       1.610131992626e-12      -1.023291549818e-11       0.000000000000e+00       8.839406605586e-14       4.562930670375e-15       9.904442403160e-16 
  476       3.014298269175e-10       1.586490009860e-12      -1.020004593288e-11       0.000000000000e+00       8.775278036915e-14       4.469367578870e-15       9.764664148829e-16 
  477       3.029309182719e-10       1.563014395105e-12      -1.016268635843e-11       0.000000000000e+00       8.711739403305e-14       4.377969324605e-15       9.624868862827e-16 
  478       3.044246848719e-10       1.539721008996e-12      -1.012087051891e-11       0.000000000000e+00       8.648781986098e-14       4.288683647669e-15       9.485070104911e-16 
  479       3.059100698540e-10       1.516625926690e-12      -1.007463337918e-11       0.000000000000e+00       8.586396750271e-14       4.201456978317e-15       9.345281517776e-16 
  480       3.073860004792e-10       1.493745438873e-12      -1.002401113238e-11       0.000000000000e+00       8.524574342412e-14       4.116234429291e-15       9.205516827094e-16 
  481       3.088513880529e-10       1.471096052770e-12      -9.969041207326e-12       0.000000000000e+00       8.463305088694e-14       4.032959788145e-15       9.065789841561e-16 
  482       3.103051278463e-10       1.448694493147e-12      -9.909762275989e-12       0.000000000000e+00       8.402578992847e-14       3.951575509555e-15       8.926114452935e-16 
  483       3.117460990160e-10       1.426557703326e-12      -9.846214260954e-12       0.000000000000e+00       8.342385734136e-14       3.872022707649e-15       8.786504636081e-16 
  484       3.131731645255e-10       1.404702846186e-12      -9.778438342866e-12       0.000000000000e+00       8.282714665330e-14       3.794241148319e-15       8.646974449015e-16 
  485       3.145851710651e-10       1.383147305175e-12      -9.706476967891e-12       0.000000000000e+00       8.223554810683e-14       3.718169241545e-15       8.507538032944e-16 
  486       3.159809489729e-10       1.361908685316e-12      -9.630373855162e-12       0.000000000000e+00       8.164894863902e-14       3.643744033714e-15       8.368209612311e-16 
  487       3.173593121550e-10       1.341004814215e-12      -9.550174004242e-12       0.000000000000e+00       8.106723186127e-14       3.570901199939e-15       8.229003494836e-16 
  488       3.187192029693e-10       1.320452096593e-12      -9.465926097918e-12       0.000000000000e+00       8.049029714919e-14       3.499586466119e-15       8.089933330684e-16 
  489       3.200601317864e-10       1.300260521888e-12      -9.377689774232e-12       0.000000000000e+00       7.991811757946e-14       3.429790265211e-15       7.951009865595e-16 
  490       3.213817503726e-10       1.280438509847e-12      -9.285528585877e-12       0.000000000000e+00       7.935068367985e-14       3.361514098734e-15       7.812243120868e-16 
  491       3.226837081056e-10       1.260994543719e-12      -9.189507633085e-12       0.000000000000e+00       7.878798446455e-14       3.294759198495e-15       7.673643127861e-16 
  492       3.239656519676e-10       1.241937170440e-12      -9.089693572284e-12       0.000000000000e+00       7.823000742351e-14       3.229526524659e-15       7.535219927651e-16 
  493       3.252272265392e-10       1.223275000813e-12      -8.986154624759e-12       0.000000000000e+00       7.767673851183e-14       3.165816763814e-15       7.396983570714e-16 
  494       3.264680739923e-10       1.205016709683e-12      -8.878960585309e-12       0.000000000000e+00       7.712816213905e-14       3.103630327040e-15       7.258944116586e-16 
  495       3.276878340840e-10       1.187171036121e-12      -8.768182830908e-12       0.000000000000e+00       7.658426115858e-14       3.042967347976e-15       7.121111633540e-16 
  496       3.288861441500e-10       1.169746783601e-12      -8.653894329363e-12       0.000000000000e+00       7.604501685698e-14       2.983827680885e-15       6.983496198253e-16 
  497       3.300626390979e-10       1.152752820183e-12      -8.536169647973e-12       0.000000000000e+00       7.551040894339e-14       2.926210898728e-15       6.846107895476e-16 
  498       3.312169514008e-10       1.136198078687e-12      -8.415084962187e-12       0.000000000000e+00       7.498041553878e-14       2.870116291224e-15       6.708956817706e-16 
  499       3.323487110910e-10       1.120091556880e-12      -8.290718064267e-12       0.000000000000e+00       7.445501316542e-14       2.815542862922e-15       6.572053064855e-16 
  500       3.334575457528e-10       1.104442317649e-12      -8.163148371940e-12       0.000000000000e+00       7.393417673614e-14       2.762489331266e-15       6.435406743918e-16 
  501       3.345430805169e-10       1.089259489185e-12      -8.032456937064e-12       0.000000000000e+00       7.341787954374e-14       2.710954124667e-15       6.299027968648e-16 
  502       3.356049380529e-10       1.074552265160e-12      -7.898726454282e-12       0.000000000000e+00       7.290609325031e-14       2.660935380564e-15       6.162926859220e-16 
  503       3.366427385636e-10       1.060329904908e-12      -7.762041269686e-12       0.000000000000e+00       7.239878787659e-14       2.612430943494e-15       6.027113541909e-16 
  504       3.376560997780e-10       1.046601733606e-12      -7.622487389469e-12       0.000000000000e+00       7.189593179135e-14       2.565438363164e-15       5.891598148752e-16 
  505       3.386446369448e-10       1.033377142450e-12      -7.480152488590e-12       0.000000000000e+00       7.139749170071e-14       2.519954892510e-15       5.756390817222e-16 
  506       3.396079628261e-10       1.020665588839e-12      -7.335125919432e-12       0.000000000000e+00       7.090343263749e-14       2.475977485771e-15       5.621501689900e-16 
  507       3.405456876906e-10       1.008476596550e-12      -7.187498720458e-12       0.000000000000e+00       7.041371795060e-14       2.433502796556e-15       5.486940914141e-16 
  508       3.414574193074e-10       9.968197559218e-13      -7.037363624872e-12       0.000000000000e+00       6.992830929436e-14       2.392527175908e-15       5.352718641746e-16 
  509       3.423427629391e-10       9.857047240333e-13      -6.884815069279e-12       0.000000000000e+00       6.944716661786e-14       2.353046670372e-15       5.218845028635e-16 
  510       3.432013213355e-10       9.751412248818e-13      -6.729949202343e-12       0.000000000000e+00       6.897024815433e-14       2.315057020068e-15       5.085330234512e-16 
  511       3.440326947270e-10       9.651390495643e-13      -6.572863893444e-12       0.000000000000e+00       6.849751041047e-14       2.278553656749e-15       4.952184422536e-16 
  512       3.448364808181e-10       9.557080564565e-13      -6.413658741341e-12       0.000000000000e+00       6.802890815581e-14       2.243531701878e-15       4.819417758997e-16 
  513       3.456122747810e-10       9.468581713927e-13      -6.252435082826e-12       0.000000000000e+00       6.756439441207e-14       2.209985964690e-15       4.687040412979e-16 
  514       3.463596692487e-10       9.385993878452e-13      -6.089296001390e-12       0.000000000000e+00       6.710392044251e-14       2.177910940259e-15       4.555062556032e-16 
  515       3.470782543089e-10       9.309417671042e-13      -5.924346335874e-12       0.000000000000e+00       6.664743574128e-14       2.147300807570e-15       4.423494361846e-16 
  516       3.477676174971e-10       9.238954384574e-13      -5.757692689133e-12       0.000000000000e+00       6.619488802278e-14       2.118149427580e-15       4.292346005916e-16 
  517       3.484273437904e-10       9.174705993697e-13      -5.589443436694e-12       0.000000000000e+00       6.574622321100e-14       2.090450341293e-15       4.161627665214e-16 
  518       3.490570156008e-10       9.116775156627e-13      -5.419708735415e-12       0.000000000000e+00       6.530138542889e-14       2.064196767819e-15       4.031349517861e-16 
  519       3.496562127685e-10       9.065265216947e-13      -5.248600532143e-12       0.000000000000e+00       6.486031698770e-14       2.039381602451e-15       3.901521742796e-16 
  520       3.502245125559e-10       9.020280205400e-13      -5.076232572374e-12       0.000000000000e+00       6.442295837633e-14       2.015997414723e-15       3.772154519443e-16 
  521       3.507614896405e-10       8.981924841688e-13      -4.902720408913e-12       0.000000000000e+00       6.398924825071e-14       1.994036446484e-15       3.643258027385e-16 
  522       3.512667161086e-10       8.950304536267e-13      -4.728181410528e-12       0.000000000000e+00       6.355912342310e-14       1.973490609963e-15       3.514842446035e-16 
  523       3.517397614489e-10       8.925525392146e-13      -4.552734770617e-12       0.000000000000e+00       6.313251885152e-14       1.954351485836e-15       3.386917954302e-16 
  524       3.521801925458e-10       8.907694206681e-13      -4.376501515860e-12       0.000000000000e+00       6.270936762902e-14       1.936610321297e-15       3.259494730263e-16 
  525       3.525875736728e-10       8.896918473376e-13      -4.199604514882e-12       0.000000000000e+00       6.228960097310e-14       1.920258028118e-15       3.132582950835e-16 
  526       3.529614664864e-10       8.893306383672e-13      -4.022168486908e-12       0.000000000000e+00       6.187314821502e-14       1.905285180726e-15       3.006192791441e-16 
  527       3.533015270951e-10       8.896948093599e-13      -3.844311397309e-12       0.000000000000e+00       6.145994800784e-14       1.891681175742e-15       2.880334581372e-16 
  528       3.536078002300e-10       8.907858951297e-13      -3.666118365393e-12       0.000000000000e+00       6.104998231235e-14       1.879431689039e-15       2.755019275237e-16 
  529       3.538804331853e-10       8.926034705223e-13      -3.487667053140e-12       0.000000000000e+00       6.064324332869e-14       1.868521144650e-15       2.630257993879e-16 
  530       3.541195795121e-10       8.951470091225e-13      -3.309036218066e-12       0.000000000000e+00       6.023972235676e-14       1.858933544647e-15       2.506061869607e-16 
  531       3.543253990541e-10       8.984158826256e-13      -3.130305718176e-12       0.000000000000e+00       5.983940979044e-14       1.850652466848e-15       2.382442045927e-16 
  532       3.544980579827e-10       9.024093602091e-13      -2.951556516906e-12       0.000000000000e+00       5.944229511177e-14       1.843661062526e-15       2.259409677285e-16 
  533       3.546377288324e-10       9.071266079048e-13      -2.772870688066e-12       0.000000000000e+00       5.904836688512e-14       1.837942054106e-15       2.136975928799e-16 
  534       3.547445905358e-10       9.125666879699e-13      -2.594331420785e-12       0.000000000000e+00       5.865761275141e-14       1.833477732882e-15       2.015151976003e-16 
  535       3.548188284597e-10       9.187285582594e-13      -2.416023024458e-12       0.000000000000e+00       5.827001942229e-14       1.830249956712e-15       1.893949004579e-16 
  536       3.548606344395e-10       9.256110715972e-13      -2.238030933687e-12       0.000000000000e+00       5.788557267434e-14       1.828240147734e-15       1.773378210094e-16 
  537       3.548702068155e-10       9.332129751479e-13      -2.060441713229e-12       0.000000000000e+00       5.750425734324e-14       1.827429290063e-15       1.653450797741e-16 
  538       3.548477504672e-10       9.415329097889e-13      -1.883343062937e-12       0.000000000000e+00       5.712605731799e-14       1.827797927503e-15       1.534177982075e-16 
  539       3.547934768498e-10       9.505694094817e-13      -1.706823822706e-12       0.000000000000e+00       5.675095553508e-14       1.829326161250e-15       1.415570986748e-16 
  540       3.547076040283e-10       9.603209006437e-13      -1.530973977419e-12       0.000000000000e+00       5.637893397266e-14       1.831993647597e-15       1.297641044249e-16 
  541       3.545903567138e-10       9.707857015200e-13      -1.355884661891e-12       0.000000000000e+00       5.600997364481e-14       1.835779595645e-15       1.180399395638e-16 
  542       3.544419662986e-10       9.819620215549e-13      -1.181648165809e-12       0.000000000000e+00       5.564405459564e-14       1.840662765001e-15       1.063857290287e-16 
  543       3.542626708910e-10       9.938479607638e-13      -1.008357938685e-12       0.000000000000e+00       5.528115589353e-14       1.846621463489e-15       9.480259856176e-17 
  544       3.540527153516e-10       1.006441509105e-12      -8.361085947917e-13       0.000000000000e+00       5.492125562531e-14       1.853633544858e-15       8.329167468329e-17 
  545       3.538123513276e-10       1.019740545851e-12      -6.649959181135e-13       0.000000000000e+00       5.456433089046e-14       1.861676406480e-15       7.185408466601e-17 
  546       3.535418372889e-10       1.033742838960e-12      -4.951168672878e-13       0.000000000000e+00       5.421035779530e-14       1.870726987063e-15       6.049095650854e-17 
  547       3.532414385632e-10       1.048446044449e-12      -3.265695805503e-13       0.000000000000e+00       5.385931144716e-14       1.880761764355e-15       4.920341890921e-17 
  548       3.529114273712e-10       1.063847705765e-12      -1.594533806794e-13       0.000000000000e+00       5.351116594859e-14       1.891756752846e-15       3.799260123972e-17 
  549       3.525520828621e-10       1.079945253153e-12       6.131220058976e-15       0.000000000000e+00       5.316589439154e-14       1.903687501481e-15       2.685963351892e-17 
  550       3.521636911488e-10       1.096736003035e-12       1.700825149672e-13       0.000000000000e+00       5.282346885159e-14       1.916529091360e-15       1.580564638651e-17 
  551       3.517465453435e-10       1.114217157375e-12       3.322975979713e-13       0.000000000000e+00       5.248386038208e-14       1.930256133444e-15       4.831771076785e-18 
  552       3.513009455927e-10       1.132385803055e-12       4.926723586765e-13       0.000000000000e+00       5.214703900833e-14       1.944842766265e-15      -6.060860607651e-18 
  553       3.508271991127e-10       1.151238911243e-12       6.511014774226e-13       0.000000000000e+00       5.181297372186e-14       1.960262653629e-15      -1.687111632216e-17 
  554       3.503256202249e-10       1.170773336769e-12       8.074784203396e-13       0.000000000000e+00       5.148163247452e-14       1.976488982322e-15      -2.759786320632e-17 
  555       3.497965303914e-10       1.190985817492e-12       9.616954344031e-13       0.000000000000e+00       5.115298217274e-14       1.993494459814e-15      -3.823996791024e-17 
  556       3.492402582498e-10       1.211872973677e-12       1.113643542490e-12       0.000000000000e+00       5.082698867169e-14       2.011251311970e-15      -4.879629662078e-17 
  557       3.486571396489e-10       1.233431307361e-12       1.263212538433e-12       0.000000000000e+00       5.050361676947e-14       2.029731280751e-15      -5.926571508788e-17 
  558       3.480475176842e-10       1.255657201730e-12       1.410290982078e-12       0.000000000000e+00       5.018283020131e-14       2.048905621922e-15      -6.964708865077e-17 
  559       3.474117427327e-10       1.278546920486e-12       1.554766194338e-12       0.000000000000e+00       4.986459163377e-14       2.068745102758e-15      -7.993928226432e-17 
  560       3.467501724887e-10       1.302096607223e-12       1.696524252249e-12       0.000000000000e+00       4.954886265890e-14       2.089219999748e-15      -9.014116052522e-17 
  561       3.460631719991e-10       1.326302284795e-12       1.835449984026e-12       0.000000000000e+00       4.923560378848e-14       2.110300096302e-15      -1.002515876983e-16 
  562       3.453511136984e-10       1.351159854690e-12       1.971426964117e-12       0.000000000000e+00       4.892477444816e-14       2.131954680459e-15      -1.102694277430e-16 
  563       3.446143774443e-10       1.376665096400e-12       2.104337508260e-12       0.000000000000e+00       4.861633297168e-14       2.154152542590e-15      -1.201935443390e-16 
  564       3.438533505531e-10       1.402813666797e-12       2.234062668539e-12       0.000000000000e+00       4.831023659507e-14       2.176861973102e-15      -1.300228009135e-16 
  565       3.430684278349e-10       1.429601099497e-12       2.360482228438e-12       0.000000000000e+00       4.800644145080e-14       2.200050760150e-15      -1.397560606665e-16 
  566       3.422600230651e-10       1.457021937652e-12       2.483489105107e-12       0.000000000000e+00       4.770490926475e-14       2.223689558705e-15      -1.493924138595e-16 
  567       3.414286036521e-10       1.485067109064e-12       2.603032973322e-12       0.000000000000e+00       4.740562764806e-14       2.247762097673e-15      -1.589318660510e-16 
  568       3.405746569313e-10       1.513726482296e-12       2.719077754059e-12       0.000000000000e+00       4.710859031581e-14       2.272255230838e-15      -1.683746676189e-16 
  569       3.396986788492e-10       1.542989726203e-12       2.831587309268e-12       0.000000000000e+00       4.681379042826e-14       2.297155588233e-15      -1.777210882112e-16 
  570       3.388011740027e-10       1.572846308978e-12       2.940525442322e-12       0.000000000000e+00       4.652122058753e-14       2.322449575097e-15      -1.869714168576e-16 
  571       3.378826556793e-10       1.603285497198e-12       3.045855898455e-12       0.000000000000e+00       4.623087283434e-14       2.348123370848e-15      -1.961259620806e-16 
  572       3.369436458960e-10       1.634296354874e-12       3.147542365206e-12       0.000000000000e+00       4.594273864461e-14       2.374162928047e-15      -2.051850520070e-16 
  573       3.359846754394e-10       1.665867742498e-12       3.245548472865e-12       0.000000000000e+00       4.565680892628e-14       2.400553971363e-15      -2.141490344790e-16 
  574       3.350062839055e-10       1.697988316091e-12       3.339837794910e-12       0.000000000000e+00       4.537307401592e-14       2.427281996545e-15      -2.230182771651e-16 
  575       3.340090197384e-10       1.730646526249e-12       3.430373848453e-12       0.000000000000e+00       4.509152367544e-14       2.454332269380e-15      -2.317931676721e-16 
  576       3.329934402710e-10       1.763830617193e-12       3.517120094683e-12       0.000000000000e+00       4.481214708884e-14       2.481689824667e-15      -2.404741136556e-16 
  577       3.319601117639e-10       1.797528625812e-12       3.600039939308e-12       0.000000000000e+00       4.453493285883e-14       2.509339465179e-15      -2.490615429319e-16 
  578       3.309096094453e-10       1.831728380720e-12       3.679096732997e-12       0.000000000000e+00       4.425986900361e-14       2.537265760632e-15      -2.575559035887e-16 
  579       3.298425175506e-10       1.866417501293e-12       3.754253771822e-12       0.000000000000e+00       4.398694295348e-14       2.565453046651e-15      -2.659576640967e-16 
  580       3.287594293617e-10       1.901583396723e-12       3.825474297705e-12       0.000000000000e+00       4.371614154761e-14       2.593885423735e-15      -2.742673134207e-16 
  581       3.276609472472e-10       1.937213265064e-12       3.892721498853e-12       0.000000000000e+00       4.344745103071e-14       2.622546756225e-15      -2.824853611308e-16 
  582       3.265476827016e-10       1.973294092281e-12       3.955958510209e-12       0.000000000000e+00       4.318085704972e-14       2.651420671268e-15      -2.906123375140e-16 
  583       3.254202563848e-10       2.009812651294e-12       4.015148413890e-12       0.000000000000e+00       4.291634465052e-14       2.680490557789e-15      -2.986487936849e-16 
  584       3.242792981622e-10       2.046755501031e-12       4.070254239629e-12       0.000000000000e+00       4.265389827461e-14       2.709739565450e-15      -3.065953016975e-16 
  585       3.231254471438e-10       2.084108985469e-12       4.121238965221e-12       0.000000000000e+00       4.239350175582e-14       2.739150603624e-15      -3.144524546560e-16 
  586       3.219593517241e-10       2.121859232690e-12       4.168065516962e-12       0.000000000000e+00       4.213513831704e-14       2.768706340355e-15      -3.222208668263e-16 
  587       3.207816696217e-10       2.159992153920e-12       4.210696770097e-12       0.000000000000e+00       4.187879056685e-14       2.798389201328e-15      -3.299011737473e-16 
  588       3.195930679189e-10       2.198493442584e-12       4.249095549255e-12       0.000000000000e+00       4.162444049625e-14       2.828181368837e-15      -3.374940323420e-16 
  589       3.183942231010e-10       2.237348573348e-12       4.283224628898e-12       0.000000000000e+00       4.137206947539e-14       2.858064780744e-15      -3.450001210287e-16 
  590       3.171858210967e-10       2.276542801170e-12       4.313046733762e-12       0.000000000000e+00       4.112165825022e-14       2.888021129457e-15      -3.524201398325e-16 
  591       3.159685573166e-10       2.316061160347e-12       4.338524539298e-12       0.000000000000e+00       4.087318693919e-14       2.918031860886e-15      -3.597548104963e-16 
  592       3.147431366938e-10       2.355888463562e-12       4.359620672116e-12       0.000000000000e+00       4.062663503000e-14       2.948078173414e-15      -3.670048765921e-16 
  593       3.135102737231e-10       2.396009300932e-12       4.376297710429e-12       0.000000000000e+00       4.038198137621e-14       2.978141016865e-15      -3.741711036325e-16 
  594       3.122706925005e-10       2.436408039057e-12       4.388518184493e-12       0.000000000000e+00       4.013920419404e-14       3.008201091467e-15      -3.812542791817e-16 
  595       3.110251267630e-10       2.477068820065e-12       4.396244577052e-12       0.000000000000e+00       3.989828105897e-14       3.038238846821e-15      -3.882552129666e-16 
  596       3.097743199283e-10       2.517975560661e-12       4.399439323777e-12       0.000000000000e+00       3.965918890252e-14       3.068234480865e-15      -3.951747369885e-16 
  597       3.085190251339e-10       2.559111951175e-12       4.398064813714e-12       0.000000000000e+00       3.942190400887e-14       3.098167938844e-15      -4.020137056340e-16 
  598       3.072600052776e-10       2.600461454611e-12       4.392083389722e-12       0.000000000000e+00       3.918640201164e-14       3.128018912273e-15      -4.087729957865e-16 
  599       3.059980330563e-10       2.642007305690e-12       4.381457348920e-12       0.000000000000e+00       3.895265789051e-14       3.157766837906e-15      -4.154535069370e-16 
  600       3.047338910058e-10       2.683732509903e-12       4.366148943125e-12       0.000000000000e+00       3.872064596798e-14       3.187390896701e-15      -4.220561612961e-16 
  601       3.034683715409e-10       2.725619842557e-12       4.346120379298e-12       0.000000000000e+00       3.849033990600e-14       3.216870012786e-15      -4.285819039044e-16 
  602       3.022022769943e-10       2.767651847819e-12       4.321333819985e-12       0.000000000000e+00       3.826171270276e-14       3.246182852427e-15      -4.350317027444e-16 
  603       3.009364196566e-10       2.809810837770e-12       4.291751383761e-12       0.000000000000e+00       3.803473668930e-14       3.275307822995e-15      -4.414065488515e-16 
  604       2.996716218161e-10       2.852078891447e-12       4.257335145671e-12       0.000000000000e+00       3.780938352624e-14       3.304223071929e-15      -4.477074564252e-16 
  605       2.984086519492e-10       2.894438680952e-12       4.218058649801e-12       0.000000000000e+00       3.758562839353e-14       3.332910964711e-15      -4.539351390945e-16 
  606       2.971480315255e-10       2.936875973546e-12       4.173941750551e-12       0.000000000000e+00       3.736346267710e-14       3.361371639294e-15      -4.600890299271e-16 
  607       2.958902236290e-10       2.979377187919e-12       4.125016611188e-12       0.000000000000e+00       3.714288158114e-14       3.389609776008e-15      -4.661682380426e-16 
  608       2.946356964048e-10       3.021928571909e-12       4.071316271854e-12       0.000000000000e+00       3.692387996083e-14       3.417630148535e-15      -4.721718703275e-16 
  609       2.933849230778e-10       3.064516201817e-12       4.012874653779e-12       0.000000000000e+00       3.670645232036e-14       3.445437624331e-15      -4.780990314412e-16 
  610       2.921383819711e-10       3.107125981727e-12       3.949726563487e-12       0.000000000000e+00       3.649059281103e-14       3.473037165071e-15      -4.839488238205e-16 
  611       2.908965565251e-10       3.149743642823e-12       3.881907697011e-12       0.000000000000e+00       3.627629522932e-14       3.500433827071e-15      -4.897203476853e-16 
  612       2.896599353158e-10       3.192354742709e-12       3.809454644103e-12       0.000000000000e+00       3.606355301494e-14       3.527632761724e-15      -4.954127010439e-16 
  613       2.884290120739e-10       3.234944664727e-12       3.732404892444e-12       0.000000000000e+00       3.585235924892e-14       3.554639215937e-15      -5.010249796979e-16 
  614       2.872042857033e-10       3.277498617275e-12       3.650796831852e-12       0.000000000000e+00       3.564270665169e-14       3.581458532554e-15      -5.065562772476e-16 
  615       2.859862603001e-10       3.320001633125e-12       3.564669758498e-12       0.000000000000e+00       3.543458758111e-14       3.608096150799e-15      -5.120056850975e-16 
  616       2.847754451707e-10       3.362438568741e-12       3.474063879112e-12       0.000000000000e+00       3.522799403057e-14       3.634557606699e-15      -5.173722924611e-16 
  617       2.835723548511e-10       3.404794103599e-12       3.379020315196e-12       0.000000000000e+00       3.502291762705e-14       3.660848533525e-15      -5.226551863668e-16 
  618       2.823775091255e-10       3.447052739506e-12       3.279581107235e-12       0.000000000000e+00       3.481934962920e-14       3.686974662217e-15      -5.278534516623e-16 
  619       2.811914330449e-10       3.489198799914e-12       3.175789218905e-12       0.000000000000e+00       3.461728092541e-14       3.712941821822e-15      -5.329661710206e-16 
  620       2.800146569456e-10       3.531216429242e-12       3.067688541287e-12       0.000000000000e+00       3.441670203185e-14       3.738755939922e-15      -5.379924249450e-16 
  621       2.788477164686e-10       3.573089592196e-12       2.955323897076e-12       0.000000000000e+00       3.421760309057e-14       3.764423043070e-15      -5.429312917743e-16 
  622       2.776911525774e-10       3.614802073081e-12       2.838741044791e-12       0.000000000000e+00       3.401997386758e-14       3.789949257223e-15      -5.477818476878e-16 
  623       2.765455115776e-10       3.656337475127e-12       2.717986682986e-12       0.000000000000e+00       3.382380375088e-14       3.815340808170e-15      -5.525431667113e-16 
  624       2.754113451349e-10       3.697679219800e-12       2.593108454462e-12       0.000000000000e+00       3.362908174856e-14       3.840604021968e-15      -5.572143207216e-16 
  625       2.742892102944e-10       3.738810546128e-12       2.464154950477e-12       0.000000000000e+00       3.343579648688e-14       3.865745325373e-15      -5.617943794521e-16 
  626       2.731796694987e-10       3.779714510013e-12       2.331175714955e-12       0.000000000000e+00       3.324393620828e-14       3.890771246276e-15      -5.662824104980e-16 
  627       2.720832906073e-10       3.820373983552e-12       2.194221248699e-12       0.000000000000e+00       3.305348876954e-14       3.915688414129e-15      -5.706774793215e-16 
  628       2.710006469147e-10       3.860771654355e-12       2.053343013600e-12       0.000000000000e+00       3.286444163977e-14       3.940503560383e-15      -5.749786492574e-16 
  629       2.699323171695e-10       3.900890024864e-12       1.908593436849e-12       0.000000000000e+00       3.267678189852e-14       3.965223518918e-15      -5.791849815177e-16 
  630       2.688788855930e-10       3.940711411671e-12       1.760025915147e-12       0.000000000000e+00       3.249049623384e-14       3.989855226476e-15      -5.832955351975e-16 
  631       2.678409418978e-10       3.980217944836e-12       1.607694818915e-12       0.000000000000e+00       3.230557094036e-14       4.014405723095e-15      -5.873093672797e-16 
  632       2.668190813069e-10       4.019391567206e-12       1.451655496505e-12       0.000000000000e+00       3.212199191734e-14       4.038882152536e-15      -5.912255326407e-16 
  633       2.658139045717e-10       4.058214033731e-12       1.291964278412e-12       0.000000000000e+00       3.193974466676e-14       4.063291762724e-15      -5.950430840556e-16 
  634       2.648260179915e-10       4.096666910787e-12       1.128678481482e-12       0.000000000000e+00       3.175881429138e-14       4.087641906174e-15      -5.987610722031e-16 
  635       2.638560334317e-10       4.134731575490e-12       9.618564131270e-13       0.000000000000e+00       3.157918549280e-14       4.111940040424e-15      -6.023785456711e-16 
  636       2.629045683429e-10       4.172389215016e-12       7.915573755296e-13       0.000000000000e+00       3.140084256956e-14       4.136193728471e-15      -6.058945509618e-16 
  637       2.619722457791e-10       4.209620825921e-12       6.178416698588e-13       0.000000000000e+00       3.122376941517e-14       4.160410639201e-15      -6.093081324972e-16 
  638       2.610596944168e-10       4.246407213457e-12       4.407706004785e-13       0.000000000000e+00       3.104794951622e-14       4.184598547821e-15      -6.126183326240e-16 
  639       2.601675485738e-10       4.282728990890e-12       2.604064791583e-13       0.000000000000e+00       3.087336595042e-14       4.208765336292e-15      -6.158241916189e-16 
  640       2.592964482275e-10       4.318566578820e-12       7.681262928414e-14       0.000000000000e+00       3.070000138467e-14       4.232918993763e-15      -6.189247476942e-16 
  641       2.584470390341e-10       4.353900204500e-12      -1.099466099306e-13       0.000000000000e+00       3.052783807318e-14       4.257067617001e-15      -6.219190370026e-16 
  642       2.576199723468e-10       4.388709901152e-12      -2.998058792349e-13       0.000000000000e+00       3.035685785545e-14       4.281219410827e-15      -6.248060936429e-16 
  643       2.568159052350e-10       4.422975507287e-12      -4.926987951294e-13       0.000000000000e+00       3.018704215442e-14       4.305382688543e-15      -6.275849496649e-16 
  644       2.560354107739e-10       4.456678792517e-12      -6.885561950564e-13       0.000000000000e+00       3.001837461995e-14       4.329563120218e-15      -6.302549570533e-16 
  645       2.552787066475e-10       4.489809889180e-12      -8.873008378997e-13       0.000000000000e+00       2.985084912891e-14       4.353755408289e-15      -6.328167616678e-16 
  646       2.545459204409e-10       4.522361004915e-12      -1.088852575230e-12       0.000000000000e+00       2.968446196235e-14       4.377951424430e-15      -6.352713513540e-16 
  647       2.538371788059e-10       4.554324309283e-12      -1.293130086339e-12       0.000000000000e+00       2.951920917523e-14       4.402142944286e-15      -6.376197360583e-16 
  648       2.531526074539e-10       4.585691933692e-12      -1.500050873524e-12       0.000000000000e+00       2.935508659529e-14       4.426321647112e-15      -6.398629479259e-16 
  649       2.524923311485e-10       4.616455971337e-12      -1.709531257370e-12       0.000000000000e+00       2.919208982187e-14       4.450479115410e-15      -6.420020413997e-16 
  650       2.518564736981e-10       4.646608477127e-12      -1.921486372037e-12       0.000000000000e+00       2.903021422475e-14       4.474606834563e-15      -6.440380933177e-16 
  651       2.512451579495e-10       4.676141467622e-12      -2.135830160539e-12       0.000000000000e+00       2.886945494298e-14       4.498696192480e-15      -6.459722030122e-16 
  652       2.506585057797e-10       4.705046920963e-12      -2.352475370028e-12       0.000000000000e+00       2.870980688372e-14       4.522738479224e-15      -6.478054924073e-16 
  653       2.500966380892e-10       4.733316776806e-12      -2.571333547082e-12       0.000000000000e+00       2.855126472107e-14       4.546724886657e-15      -6.495391061178e-16 
  654       2.495596747951e-10       4.760942936254e-12      -2.792315032984e-12       0.000000000000e+00       2.839382289490e-14       4.570646508073e-15      -6.511742115470e-16 
  655       2.490477348230e-10       4.787917261792e-12      -3.015328959009e-12       0.000000000000e+00       2.823747560969e-14       4.594494337838e-15      -6.527119989851e-16 
  656       2.485609361008e-10       4.814231577213e-12      -3.240283241704e-12       0.000000000000e+00       2.808221683336e-14       4.618259271026e-15      -6.541536817075e-16 
  657       2.480993955507e-10       4.839877667561e-12      -3.467084578176e-12       0.000000000000e+00       2.792804029612e-14       4.641932103056e-15      -6.555004960734e-16 
  658       2.476632290825e-10       4.864847279054e-12      -3.695638441371e-12       0.000000000000e+00       2.777493948927e-14       4.665503529331e-15      -6.567537016233e-16 
  659       2.472525515860e-10       4.889132119022e-12      -3.925849075361e-12       0.000000000000e+00       2.762290766407e-14       4.688964144874e-15      -6.579145811782e-16 
  660       2.468674769241e-10       4.912723855840e-12      -4.157619490626e-12       0.000000000000e+00       2.747193783056e-14       4.712304443965e-15      -6.589844409369e-16 
  661       2.465081179257e-10       4.935614118856e-12      -4.390851459338e-12       0.000000000000e+00       2.732202275639e-14       4.735514819782e-15      -6.599646105751e-16 
  662       2.461745863779e-10       4.957794498329e-12      -4.625445510646e-12       0.000000000000e+00       2.717315496564e-14       4.758585564032e-15      -6.608564433435e-16 
  663       2.458669930193e-10       4.979256545360e-12      -4.861300925956e-12       0.000000000000e+00       2.702532673771e-14       4.781506866595e-15      -6.616613161654e-16 
  664       2.455854475329e-10       4.999991771823e-12      -5.098315734219e-12       0.000000000000e+00       2.687853010609e-14       4.804268815157e-15      -6.623806297359e-16 
  665       2.453300585384e-10       5.019991650299e-12      -5.336386707212e-12       0.000000000000e+00       2.673275685721e-14       4.826861394849e-15      -6.630158086198e-16 
  666       2.451009335853e-10       5.039247614008e-12      -5.575409354822e-12       0.000000000000e+00       2.658799852931e-14       4.849274487886e-15      -6.635683013494e-16 
  667       2.448981791457e-10       5.057751056745e-12      -5.815277920328e-12       0.000000000000e+00       2.644424641123e-14       4.871497873201e-15      -6.640395805237e-16 
  668       2.447219006069e-10       5.075493332807e-12      -6.055885375690e-12       0.000000000000e+00       2.630149154128e-14       4.893521226083e-15      -6.644311429059e-16 
  669       2.445722022646e-10       5.092465756929e-12      -6.297123416825e-12       0.000000000000e+00       2.615972470603e-14       4.915334117818e-15      -6.647445095220e-16 
  670       2.444491873151e-10       5.108659604219e-12      -6.538882458898e-12       0.000000000000e+00       2.601893643920e-14       4.936926015323e-15      -6.649812257591e-16 
  671       2.443529578487e-10       5.124066110085e-12      -6.781051631600e-12       0.000000000000e+00       2.587911702044e-14       4.958286280783e-15      -6.651428614633e-16 
  672       2.442836148419e-10       5.138676470172e-12      -7.023518774435e-12       0.000000000000e+00       2.574025647421e-14       4.979404171291e-15      -6.652310110388e-16 
  673       2.442412581508e-10       5.152481840294e-12      -7.266170432002e-12       0.000000000000e+00       2.560234456858e-14       5.000268838484e-15      -6.652472935450e-16 
  674       2.442259865035e-10       5.165473336365e-12      -7.508891849278e-12       0.000000000000e+00       2.546537081407e-14       5.020869328181e-15      -6.651933527959e-16 
  675       2.442378974928e-10       5.177642034334e-12      -7.751566966905e-12       0.000000000000e+00       2.532932446252e-14       5.041194580018e-15      -6.650708574578e-16 
  676       2.442770875695e-10       5.188978970115e-12      -7.994078416470e-12       0.000000000000e+00       2.519419450586e-14       5.061233427089e-15      -6.648815011473e-16 
  677       2.443436520345e-10       5.199475139523e-12      -8.236307515788e-12       0.000000000000e+00       2.505996967501e-14       5.080974595581e-15      -6.646270025303e-16 
  678       2.444376850324e-10       5.209121498204e-12      -8.478134264191e-12       0.000000000000e+00       2.492663843866e-14       5.100406704412e-15      -6.643091054198e-16 
  679       2.445592795434e-10       5.217908961567e-12      -8.719437337807e-12       0.000000000000e+00       2.479418900215e-14       5.119518264869e-15      -6.639295788741e-16 
  680       2.447085273768e-10       5.225828404722e-12      -8.960094084842e-12       0.000000000000e+00       2.466260930626e-14       5.138297680244e-15      -6.634902172955e-16 
  681       2.448855191636e-10       5.232870662405e-12      -9.199980520870e-12       0.000000000000e+00       2.453188702609e-14       5.156733245473e-15      -6.629928405281e-16 
  682       2.450903443490e-10       5.239026528918e-12      -9.438971324111e-12       0.000000000000e+00       2.440200956985e-14       5.174813146773e-15      -6.624392939564e-16 
  683       2.453230318148e-10       5.244288907192e-12      -9.676948648487e-12       0.000000000000e+00       2.427296582633e-14       5.192527579373e-15      -6.618310672010e-16 
  684       2.455833703679e-10       5.248659306473e-12      -9.913828778784e-12       0.000000000000e+00       2.414475145052e-14       5.209875151057e-15      -6.611681410754e-16 
  685       2.458710844057e-10       5.252141483203e-12      -1.014953603513e-11       0.000000000000e+00       2.401736368849e-14       5.226856614594e-15      -6.604501162111e-16 
  686       2.461858929172e-10       5.254739304927e-12      -1.038399400431e-11       0.000000000000e+00       2.389079963830e-14       5.243472762198e-15      -6.596765922316e-16 
  687       2.465275094608e-10       5.256456750780e-12      -1.061712553729e-11       0.000000000000e+00       2.376505624927e-14       5.259724425715e-15      -6.588471677526e-16 
  688       2.468956421417e-10       5.257297911968e-12      -1.084885274680e-11       0.000000000000e+00       2.364013032130e-14       5.275612476800e-15      -6.579614403825e-16 
  689       2.472899935896e-10       5.257266992256e-12      -1.107909700487e-11       0.000000000000e+00       2.351601850409e-14       5.291137827102e-15      -6.570190067224e-16 
  690       2.477102609361e-10       5.256368308452e-12      -1.130777894036e-11       0.000000000000e+00       2.339271729647e-14       5.306301428443e-15      -6.560194623665e-16 
  691       2.481561357922e-10       5.254606290889e-12      -1.153481843653e-11       0.000000000000e+00       2.327022304568e-14       5.321104272999e-15      -6.549624019027e-16 
  692       2.486273042260e-10       5.251985483915e-12      -1.176013462858e-11       0.000000000000e+00       2.314853194664e-14       5.335547393484e-15      -6.538474189124e-16 
  693       2.491234467401e-10       5.248510546372e-12      -1.198364590120e-11       0.000000000000e+00       2.302764004122e-14       5.349631863329e-15      -6.526741059714e-16 
  694       2.496442382494e-10       5.244186252086e-12      -1.220526988613e-11       0.000000000000e+00       2.290754321758e-14       5.363358796865e-15      -6.514420546494e-16 
  695       2.501893480583e-10       5.239017490346e-12      -1.242492345967e-11       0.000000000000e+00       2.278823720938e-14       5.376729349506e-15      -6.501508555112e-16 
  696       2.507584398383e-10       5.233009266396e-12      -1.264252274030e-11       0.000000000000e+00       2.266971759511e-14       5.389744717924e-15      -6.488000981164e-16 
  697       2.513511716059e-10       5.226166701911e-12      -1.285798308613e-11       0.000000000000e+00       2.255197979736e-14       5.402406140240e-15      -6.473893710199e-16 
  698       2.519671956996e-10       5.218495035491e-12      -1.307121909255e-11       0.000000000000e+00       2.243501908211e-14       5.414714896196e-15      -6.459182617722e-16 
  699       2.526061587580e-10       5.209999623137e-12      -1.328214458972e-11       0.000000000000e+00       2.231883055800e-14       5.426672307344e-15      -6.443863569195e-16 
  700       2.532677016968e-10       5.200685938742e-12      -1.349067264010e-11       0.000000000000e+00       2.220340917562e-14       5.438279737222e-15      -6.427932420045e-16 
  701       2.539514596869e-10       5.190559574574e-12      -1.369671553608e-11       0.000000000000e+00       2.208874972681e-14       5.449538591541e-15      -6.411385015662e-16 
  702       2.546570621313e-10       5.179626241758e-12      -1.390018479743e-11       0.000000000000e+00       2.197484684390e-14       5.460450318359e-15      -6.394217191404e-16 
  703       2.553841326432e-10       5.167891770765e-12      -1.410099116894e-11       0.000000000000e+00       2.186169499905e-14       5.471016408270e-15      -6.376424772600e-16 
  704       2.561322890235e-10       5.155362111895e-12      -1.429904461788e-11       0.000000000000e+00       2.174928850348e-14       5.481238394581e-15      -6.358003574554e-16 
  705       2.569011432378e-10       5.142043335760e-12      -1.449425433163e-11       0.000000000000e+00       2.163762150679e-14       5.491117853494e-15      -6.338949402546e-16 
  706       2.576903013946e-10       5.127941633770e-12      -1.468652871517e-11       0.000000000000e+00       2.152668799624e-14       5.500656404290e-15      -6.319258051835e-16 
  707       2.584993637224e-10       5.113063318620e-12      -1.487577538866e-11       0.000000000000e+00       2.141648179601e-14       5.509855709507e-15      -6.298925307666e-16 
  708       2.593279245476e-10       5.097414824771e-12      -1.506190118498e-11       0.000000000000e+00       2.130699656650e-14       5.518717475124e-15      -6.277946945268e-16 
  709       2.601755722716e-10       5.081002708936e-12      -1.524481214728e-11       0.000000000000e+00       2.119822580360e-14       5.527243450739e-15      -6.256318729859e-16 
  710       2.610418893488e-10       5.063833650566e-12      -1.542441352651e-11       0.000000000000e+00       2.109016283801e-14       5.535435429757e-15      -6.234036416651e-16 
  711       2.619264522637e-10       5.045914452333e-12      -1.560060977901e-11       0.000000000000e+00       2.098280083448e-14       5.543295249564e-15      -6.211095750848e-16 
  712       2.628288315091e-10       5.027252040618e-12      -1.577330456400e-11       0.000000000000e+00       2.087613279111e-14       5.550824791715e-15      -6.187492467655e-16 
  713       2.637485915627e-10       5.007853465990e-12      -1.594240074121e-11       0.000000000000e+00       2.077015153864e-14       5.558025982108e-15      -6.163222292278e-16 
  714       2.646852908654e-10       4.987725903696e-12      -1.610780036833e-11       0.000000000000e+00       2.066484973972e-14       5.564900791175e-15      -6.138280939926e-16 
  715       2.656384817988e-10       4.966876654143e-12      -1.626940469864e-11       0.000000000000e+00       2.056021988821e-14       5.571451234053e-15      -6.112664115816e-16 
  716       2.666077106621e-10       4.945313143384e-12      -1.642711417852e-11       0.000000000000e+00       2.045625430845e-14       5.577679370776e-15      -6.086367515176e-16 
  717       2.675925176505e-10       4.923042923601e-12      -1.658082844500e-11       0.000000000000e+00       2.035294515455e-14       5.583587306447e-15      -6.059386823245e-16 
  718       2.685924368321e-10       4.900073673592e-12      -1.673044632334e-11       0.000000000000e+00       2.025028440966e-14       5.589177191426e-15      -6.031717715282e-16 
  719       2.696069961257e-10       4.876413199256e-12      -1.687586582451e-11       0.000000000000e+00       2.014826388526e-14       5.594451221509e-15      -6.003355856562e-16 
  720       2.706357172784e-10       4.852069434073e-12      -1.701698414283e-11       0.000000000000e+00       2.004687522048e-14       5.599411638107e-15      -5.974296902384e-16 
  721       2.716781158429e-10       4.827050439594e-12      -1.715369765344e-11       0.000000000000e+00       1.994610988132e-14       5.604060728434e-15      -5.944536498073e-16 
  722       2.727337046241e-10       4.801365218723e-12      -1.728591570118e-11       0.000000000000e+00       1.984596030483e-14       5.608400561416e-15      -5.914073094649e-16 
  723       2.738020041389e-10       4.775026172603e-12      -1.741360227768e-11       0.000000000000e+00       1.974642335841e-14       5.612432189217e-15      -5.882916458235e-16 
  724       2.748825323230e-10       4.748046694316e-12      -1.753673518123e-11       0.000000000000e+00       1.964749694896e-14       5.616156429949e-15      -5.851079332536e-16 
  725       2.759748010599e-10       4.720440361252e-12      -1.765529230250e-11       0.000000000000e+00       1.954917888389e-14       5.619574130593e-15      -5.818574639396e-16 
  726       2.770783161589e-10       4.692220935778e-12      -1.776925162522e-11       0.000000000000e+00       1.945146687068e-14       5.622686167122e-15      -5.785415479442e-16 
  727       2.781925773339e-10       4.663402365907e-12      -1.787859122694e-11       0.000000000000e+00       1.935435851642e-14       5.625493444620e-15      -5.751615132737e-16 
  728       2.793170781811e-10       4.633998785977e-12      -1.798328927968e-11       0.000000000000e+00       1.925785132733e-14       5.627996897406e-15      -5.717187059429e-16 
  729       2.804513061580e-10       4.604024517317e-12      -1.808332405074e-11       0.000000000000e+00       1.916194270838e-14       5.630197489153e-15      -5.682144900404e-16 
  730       2.815947425612e-10       4.573494068918e-12      -1.817867390334e-11       0.000000000000e+00       1.906662996273e-14       5.632096213006e-15      -5.646502477934e-16 
  731       2.827468625052e-10       4.542422138108e-12      -1.826931729738e-11       0.000000000000e+00       1.897191029138e-14       5.633694091707e-15      -5.610273796327e-16 
  732       2.839071349005e-10       4.510823611224e-12      -1.835523279016e-11       0.000000000000e+00       1.887778079265e-14       5.634992177713e-15      -5.573473042578e-16 
  733       2.850750224317e-10       4.478713564277e-12      -1.843639903707e-11       0.000000000000e+00       1.878423846175e-14       5.635991553320e-15      -5.536114587021e-16 
  734       2.862499815364e-10       4.446107263633e-12      -1.851279479233e-11       0.000000000000e+00       1.869128019032e-14       5.636693330778e-15      -5.498212983977e-16 
  735       2.874314623832e-10       4.413020166677e-12      -1.858439890973e-11       0.000000000000e+00       1.859890276600e-14       5.637098652416e-15      -5.459782972403e-16 
  736       2.886189088499e-10       4.379467922487e-12      -1.865119034329e-11       0.000000000000e+00       1.850710287193e-14       5.637208690764e-15      -5.420839476548e-16 
  737       2.898117585022e-10       4.345466372509e-12      -1.871314814805e-11       0.000000000000e+00       1.841587708633e-14       5.637024648668e-15      -5.381397606595e-16 
  738       2.910094425718e-10       4.311031551221e-12      -1.877025148071e-11       0.000000000000e+00       1.832522188205e-14       5.636547759417e-15      -5.341472659322e-16 
  739       2.922113859347e-10       4.276179686814e-12      -1.882247960044e-11       0.000000000000e+00       1.823513362611e-14       5.635779286859e-15      -5.301080118740e-16 
  740       2.934170070899e-10       4.240927201855e-12      -1.886981186953e-11       0.000000000000e+00       1.814560857921e-14       5.634720525525e-15      -5.260235656753e-16 
  741       2.946257181373e-10       4.205290713963e-12      -1.891222775411e-11       0.000000000000e+00       1.805664289536e-14       5.633372800746e-15      -5.218955133804e-16 
  742       2.958369247561e-10       4.169287036481e-12      -1.894970682492e-11       0.000000000000e+00       1.796823262133e-14       5.631737468780e-15      -5.177254599526e-16 
  743       2.970500261835e-10       4.132933179146e-12      -1.898222875799e-11       0.000000000000e+00       1.788037369626e-14       5.629815916925e-15      -5.135150293394e-16 
  744       2.982644151928e-10       4.096246348760e-12      -1.900977333535e-11       0.000000000000e+00       1.779306195120e-14       5.627609563645e-15      -5.092658645370e-16 
  745       2.994794780714e-10       4.059243949864e-12      -1.903232044579e-11       0.000000000000e+00       1.770629310862e-14       5.625119858690e-15      -5.049796276562e-16 
  746       3.006945945999e-10       4.021943585407e-12      -1.904985008555e-11       0.000000000000e+00       1.762006278200e-14       5.622348283213e-15      -5.006579999865e-16 
  747       3.019091380298e-10       3.984363057419e-12      -1.906234235902e-11       0.000000000000e+00       1.753436647536e-14       5.619296349898e-15      -4.963026820617e-16 
  748       3.031224750620e-10       3.946520367683e-12      -1.906977747952e-11       0.000000000000e+00       1.744919958279e-14       5.615965603071e-15      -4.919153937249e-16 
  749       3.043339658255e-10       3.908433718404e-12      -1.907213576995e-11       0.000000000000e+00       1.736455738802e-14       5.612357618831e-15      -4.874978741933e-16 
  750       3.055429638550e-10       3.870121512884e-12      -1.906939766356e-11       0.000000000000e+00       1.728043506396e-14       5.608474005162e-15      -4.830518821234e-16 
  751       3.067488160701e-10       3.831602356192e-12      -1.906154370464e-11       0.000000000000e+00       1.719682767224e-14       5.604316402061e-15      -4.785791956761e-16 
  752       3.079508627529e-10       3.792895055836e-12      -1.904855454926e-11       0.000000000000e+00       1.711373016275e-14       5.599886481651e-15      -4.740816125813e-16 
  753       3.091484375269e-10       3.754018622432e-12      -1.903041096597e-11       0.000000000000e+00       1.703113737322e-14       5.595185948309e-15      -4.695609502036e-16 
  754       3.103408673348e-10       3.714992270380e-12      -1.900709383651e-11       0.000000000000e+00       1.694904402873e-14       5.590216538783e-15      -4.650190456067e-16 
  755       3.115274724176e-10       3.675835418533e-12      -1.897858415659e-11       0.000000000000e+00       1.686744474126e-14       5.584980022312e-15      -4.604577556189e-16 
  756       3.127075662919e-10       3.636567690867e-12      -1.894486303652e-11       0.000000000000e+00       1.678633400927e-14       5.579478200749e-15      -4.558789568978e-16 
  757       3.138804557294e-10       3.597208917156e-12      -1.890591170199e-11       0.000000000000e+00       1.670570621721e-14       5.573712908681e-15      -4.512845459954e-16 
  758       3.150454407341e-10       3.557779133643e-12      -1.886171149478e-11       0.000000000000e+00       1.662555563506e-14       5.567686013549e-15      -4.466764394235e-16 
  759       3.162018145217e-10       3.518298583709e-12      -1.881224387346e-11       0.000000000000e+00       1.654587641794e-14       5.561399415770e-15      -4.420565737182e-16 
  760       3.173488634970e-10       3.478787718547e-12      -1.875749041413e-11       0.000000000000e+00       1.646666260558e-14       5.554855048854e-15      -4.374269055050e-16 
  761       3.184859257222e-10       3.439266129652e-12      -1.869744323655e-11       0.000000000000e+00       1.638790890283e-14       5.548054417661e-15      -4.327891070219e-16 
  762       3.196125675913e-10       3.399749322499e-12      -1.863213650029e-11       0.000000000000e+00       1.630961303841e-14       5.540997203193e-15      -4.281436461528e-16 
  763       3.207284104995e-10       3.360251882351e-12      -1.856161551380e-11       0.000000000000e+00       1.623177345050e-14       5.533682631289e-15      -4.234906888876e-16 
  764       3.218330726510e-10       3.320788537281e-12      -1.848592636652e-11       0.000000000000e+00       1.615438850956e-14       5.526109932106e-15      -4.188304022683e-16 
  765       3.229261690494e-10       3.281374158625e-12      -1.840511593175e-11       0.000000000000e+00       1.607745651809e-14       5.518278340133e-15      -4.141629543916e-16 
  766       3.240073114881e-10       3.242023761436e-12      -1.831923186955e-11       0.000000000000e+00       1.600097571029e-14       5.510187094226e-15      -4.094885144105e-16 
  767       3.250761085410e-10       3.202752504929e-12      -1.822832262963e-11       0.000000000000e+00       1.592494425184e-14       5.501835437626e-15      -4.048072525366e-16 
  768       3.261321655529e-10       3.163575692933e-12      -1.813243745417e-11       0.000000000000e+00       1.584936023953e-14       5.493222617989e-15      -4.001193400418e-16 
  769       3.271750846297e-10       3.124508774345e-12      -1.803162638076e-11       0.000000000000e+00       1.577422170102e-14       5.484347887407e-15      -3.954249492608e-16 
  770       3.282044646291e-10       3.085567343577e-12      -1.792594024523e-11       0.000000000000e+00       1.569952659450e-14       5.475210502437e-15      -3.907242535926e-16 
  771       3.292199011508e-10       3.046767141005e-12      -1.781543068454e-11       0.000000000000e+00       1.562527280847e-14       5.465809724125e-15      -3.860174275027e-16 
  772       3.302209865271e-10       3.008124053425e-12      -1.770015013968e-11       0.000000000000e+00       1.555145816138e-14       5.456144818029e-15      -3.813046465252e-16 
  773       3.312073098135e-10       2.969654114499e-12      -1.758015185851e-11       0.000000000000e+00       1.547808040137e-14       5.446215054245e-15      -3.765860872647e-16 
  774       3.321784567789e-10       2.931373505208e-12      -1.745548989866e-11       0.000000000000e+00       1.540513720597e-14       5.436019707434e-15      -3.718619273984e-16 
  775       3.331340098959e-10       2.893298554301e-12      -1.732621913040e-11       0.000000000000e+00       1.533262618182e-14       5.425558056847e-15      -3.671323456778e-16 
  776       3.340735483318e-10       2.855445738746e-12      -1.719239523951e-11       0.000000000000e+00       1.526054486436e-14       5.414829386348e-15      -3.623975219314e-16 
  777       3.349966479383e-10       2.817831684180e-12      -1.705407473016e-11       0.000000000000e+00       1.518889071755e-14       5.403832984439e-15      -3.576576370658e-16 
  778       3.359028812427e-10       2.780473165362e-12      -1.691131492781e-11       0.000000000000e+00       1.511766113357e-14       5.392568144288e-15      -3.529128730685e-16 
  779       3.367918174379e-10       2.743387106619e-12      -1.676417398203e-11       0.000000000000e+00       1.504685343254e-14       5.381034163752e-15      -3.481634130094e-16 
  780       3.376630223727e-10       2.706590582301e-12      -1.661271086944e-11       0.000000000000e+00       1.497646486222e-14       5.369230345402e-15      -3.434094410431e-16 
  781       3.385160585428e-10       2.670100817230e-12      -1.645698539654e-11       0.000000000000e+00       1.490649259771e-14       5.357155996550e-15      -3.386511424107e-16 
  782       3.393504850806e-10       2.633935187150e-12      -1.629705820262e-11       0.000000000000e+00       1.483693374118e-14       5.344810429272e-15      -3.338887034420e-16 
  783       3.401658577462e-10       2.598111219176e-12      -1.613299076261e-11       0.000000000000e+00       1.476778532155e-14       5.332192960434e-15      -3.291223115573e-16 
  784       3.409617289176e-10       2.562646592249e-12      -1.596484538997e-11       0.000000000000e+00       1.469904429424e-14       5.319302911718e-15      -3.243521552698e-16 
  785       3.417376475810e-10       2.527559137582e-12      -1.579268523956e-11       0.000000000000e+00       1.463070754082e-14       5.306139609644e-15      -3.195784241868e-16 
  786       3.424931593214e-10       2.492866839113e-12      -1.561657431052e-11       0.000000000000e+00       1.456277186876e-14       5.292702385601e-15      -3.148013090129e-16 
  787       3.432278063131e-10       2.458587833955e-12      -1.543657744915e-11       0.000000000000e+00       1.449523401114e-14       5.278990575865e-15      -3.100210015508e-16 
  788       3.439411273101e-10       2.424740412845e-12      -1.525276035177e-11       0.000000000000e+00       1.442809062634e-14       5.265003521631e-15      -3.052376947042e-16 
  789       3.446326576364e-10       2.391343020599e-12      -1.506518956763e-11       0.000000000000e+00       1.436133829775e-14       5.250740569031e-15      -3.004515824793e-16 
  790       3.453019291768e-10       2.358414256557e-12      -1.487393250176e-11       0.000000000000e+00       1.429497353347e-14       5.236201069166e-15      -2.956628599870e-16 
  791       3.459484703668e-10       2.325972875036e-12      -1.467905741782e-11       0.000000000000e+00       1.422899276605e-14       5.221384378128e-15      -2.908717234449e-16 
  792       3.465718061836e-10       2.294037785781e-12      -1.448063344106e-11       0.000000000000e+00       1.416339235218e-14       5.206289857023e-15      -2.860783701794e-16 
  793       3.471714581361e-10       2.262628054417e-12      -1.427873056110e-11       0.000000000000e+00       1.409816857237e-14       5.190916872000e-15      -2.812829986273e-16 
  794       3.477469442557e-10       2.231762902895e-12      -1.407341963488e-11       0.000000000000e+00       1.403331763072e-14       5.175264794275e-15      -2.764858083385e-16 
  795       3.482977790865e-10       2.201461709945e-12      -1.386477238948e-11       0.000000000000e+00       1.396883565455e-14       5.159333000154e-15      -2.716869999773e-16 
  796       3.488234736758e-10       2.171744011529e-12      -1.365286142506e-11       0.000000000000e+00       1.390471869420e-14       5.143120871061e-15      -2.668867753249e-16 
  797       3.493235355646e-10       2.142629501287e-12      -1.343776021765e-11       0.000000000000e+00       1.384096272264e-14       5.126627793561e-15      -2.620853372811e-16 
  798       3.497974687780e-10       2.114138030991e-12      -1.321954312213e-11       0.000000000000e+00       1.377756363526e-14       5.109853159387e-15      -2.572828898667e-16 
  799       3.502447738157e-10       2.086289610994e-12      -1.299828537501e-11       0.000000000000e+00       1.371451724953e-14       5.092796365464e-15      -2.524796382249e-16 
  800       3.506650228913e-10       2.059102078773e-12      -1.277406408835e-11       0.000000000000e+00       1.365181983829e-14       5.075458013601e-15      -2.476758062473e-16 
  801       3.510580871753e-10       2.032584057020e-12      -1.254696124534e-11       0.000000000000e+00       1.358946974079e-14       5.057843533515e-15      -2.428716897988e-16 
  802       3.514239136780e-10       2.006741868004e-12      -1.231706076503e-11       0.000000000000e+00       1.352746578043e-14       5.039959625942e-15      -2.380676044670e-16 
  803       3.517624503807e-10       1.981581853848e-12      -1.208444751937e-11       0.000000000000e+00       1.346580673371e-14       5.021813069205e-15      -2.332638680326e-16 
  804       3.520736462402e-10       1.957110376549e-12      -1.184920733627e-11       0.000000000000e+00       1.340449133001e-14       5.003410719463e-15      -2.284608004741e-16 
  805       3.523574511936e-10       1.933333817988e-12      -1.161142700266e-11       0.000000000000e+00       1.334351825142e-14       4.984759510963e-15      -2.236587239736e-16 
  806       3.526138161622e-10       1.910258579946e-12      -1.137119426755e-11       0.000000000000e+00       1.328288613251e-14       4.965866456289e-15      -2.188579629222e-16 
  807       3.528426930569e-10       1.887891084115e-12      -1.112859784510e-11       0.000000000000e+00       1.322259356019e-14       4.946738646609e-15      -2.140588439245e-16 
  808       3.530440347819e-10       1.866237772117e-12      -1.088372741766e-11       0.000000000000e+00       1.316263907346e-14       4.927383251931e-15      -2.092616958050e-16 
  809       3.532177952399e-10       1.845305105511e-12      -1.063667363887e-11       0.000000000000e+00       1.310302116328e-14       4.907807521346e-15      -2.044668496125e-16 
  810       3.533639293360e-10       1.825099565814e-12      -1.038752813669e-11       0.000000000000e+00       1.304373827232e-14       4.888018783282e-15      -1.996746386259e-16 
  811       3.534823929829e-10       1.805627654508e-12      -1.013638351647e-11       0.000000000000e+00       1.298478879481e-14       4.868024445753e-15      -1.948853983594e-16 
  812       3.535731431051e-10       1.786895893059e-12      -9.883333364006e-12       0.000000000000e+00       1.292617107634e-14       4.847831996607e-15      -1.900994665678e-16 
  813       3.536361376431e-10       1.768910822928e-12      -9.628472248632e-12       0.000000000000e+00       1.286788341363e-14       4.827449003780e-15      -1.853171832518e-16 
  814       3.536713355587e-10       1.751679005588e-12      -9.371895726244e-12       0.000000000000e+00       1.280992405439e-14       4.806883115539e-15      -1.805388906633e-16 
  815       3.536786968389e-10       1.735207022534e-12      -9.113700342383e-12       0.000000000000e+00       1.275229119711e-14       4.786142060739e-15      -1.757649333107e-16 
  816       3.536581825007e-10       1.719501475297e-12      -8.853983635290e-12       0.000000000000e+00       1.269498299086e-14       4.765233649068e-15      -1.709956579642e-16 
  817       3.536097545956e-10       1.704568985462e-12      -8.592844138970e-12       0.000000000000e+00       1.263799753510e-14       4.744165771300e-15      -1.662314136611e-16 
  818       3.535333762141e-10       1.690416194679e-12      -8.330381386255e-12       0.000000000000e+00       1.258133287949e-14       4.722946399541e-15      -1.614725517114e-16 
  819       3.534290114902e-10       1.677049764675e-12      -8.066695911864e-12       0.000000000000e+00       1.252498702369e-14       4.701583587482e-15      -1.567194257026e-16 
  820       3.532966256062e-10       1.664476377271e-12      -7.801889255466e-12       0.000000000000e+00       1.246895791720e-14       4.680085470648e-15      -1.519723915054e-16 
  821       3.531361847968e-10       1.652702734395e-12      -7.536063964742e-12       0.000000000000e+00       1.241324345913e-14       4.658460266648e-15      -1.472318072787e-16 
  822       3.529476563540e-10       1.641735558096e-12      -7.269323598445e-12       0.000000000000e+00       1.235784149801e-14       4.636716275422e-15      -1.424980334753e-16 
  823       3.527310086314e-10       1.631581590556e-12      -7.001772729467e-12       0.000000000000e+00       1.230274983164e-14       4.614861879496e-15      -1.377714328468e-16 
  824       3.524862110489e-10       1.622247594107e-12      -6.733516947894e-12       0.000000000000e+00       1.224796620685e-14       4.592905544228e-15      -1.330523704492e-16 
  825       3.522132340972e-10       1.613740351241e-12      -6.464662864073e-12       0.000000000000e+00       1.219348831932e-14       4.570855818057e-15      -1.283412136481e-16 
  826       3.519120493423e-10       1.606066664628e-12      -6.195318111673e-12       0.000000000000e+00       1.213931381341e-14       4.548721332756e-15      -1.236383321241e-16 
  827       3.515826294299e-10       1.599233357126e-12      -5.925591350746e-12       0.000000000000e+00       1.208544028194e-14       4.526510803681e-15      -1.189440978778e-16 
  828       3.512249480903e-10       1.593247271798e-12      -5.655592270790e-12       0.000000000000e+00       1.203186526603e-14       4.504233030019e-15      -1.142588852355e-16 
  829       3.508389801424e-10       1.588115271924e-12      -5.385431593809e-12       0.000000000000e+00       1.197858625486e-14       4.481896895038e-15      -1.095830708544e-16 
  830       3.504247014989e-10       1.583844241014e-12      -5.115221077377e-12       0.000000000000e+00       1.192560068554e-14       4.459511366340e-15      -1.049170337276e-16 
  831       3.499820891703e-10       1.580441082825e-12      -4.845073517701e-12       0.000000000000e+00       1.187290594285e-14       4.437085496106e-15      -1.002611551900e-16 
  832       3.495111212695e-10       1.577912721373e-12      -4.575102752678e-12       0.000000000000e+00       1.182049935910e-14       4.414628421351e-15      -9.561581892294e-17 
  833       3.490117770166e-10       1.576266100946e-12      -4.305423664964e-12       0.000000000000e+00       1.176837821393e-14       4.392149364168e-15      -9.098141096007e-17 
  834       3.484840367434e-10       1.575508186117e-12      -4.036152185029e-12       0.000000000000e+00       1.171653973410e-14       4.369657631982e-15      -8.635831969231e-17 
  835       3.479278818975e-10       1.575645961764e-12      -3.767405294224e-12       0.000000000000e+00       1.166498109329e-14       4.347162617800e-15      -8.174693587331e-17 
  836       3.473432950474e-10       1.576686433074e-12      -3.499301027840e-12       0.000000000000e+00       1.161369941196e-14       4.324673800458e-15      -7.714765262474e-17 
  837       3.467302598867e-10       1.578636625567e-12      -3.231958478172e-12       0.000000000000e+00       1.156269175709e-14       4.302200744872e-15      -7.256086544156e-17 
  838       3.460887612388e-10       1.581503585102e-12      -2.965497797580e-12       0.000000000000e+00       1.151195514203e-14       4.279753102289e-15      -6.798697219735e-17 
  839       3.454188334205e-10       1.585292200226e-12      -2.700031624312e-12       0.000000000000e+00       1.146148689804e-14       4.257338461584e-15      -6.342642037491e-17 
  840       3.447207062466e-10       1.589998627658e-12      -2.435639190274e-12       0.000000000000e+00       1.141128579632e-14       4.234955861674e-15      -5.887984964793e-17 
  841       3.439946615745e-10       1.595616752459e-12      -2.172391768912e-12       0.000000000000e+00       1.136135094514e-14       4.212602166744e-15      -5.434795179024e-17 
  842       3.432409851874e-10       1.602140354982e-12      -1.910361213224e-12       0.000000000000e+00       1.131168141968e-14       4.190274204851e-15      -4.983142368853e-17 
  843       3.424599668075e-10       1.609563110517e-12      -1.649619957366e-12       0.000000000000e+00       1.126227626198e-14       4.167968767808e-15      -4.533096735580e-17 
  844       3.416519001087e-10       1.617878588929e-12      -1.390241018255e-12       0.000000000000e+00       1.121313448072e-14       4.145682611071e-15      -4.084728994464e-17 
  845       3.408170827290e-10       1.627080254307e-12      -1.132297997168e-12       0.000000000000e+00       1.116425505119e-14       4.123412453619e-15      -3.638110376064e-17 
  846       3.399558162838e-10       1.637161464601e-12      -8.758650813441e-13       0.000000000000e+00       1.111563691510e-14       4.101154977843e-15      -3.193312627567e-17 
  847       3.390684063783e-10       1.648115471269e-12      -6.210170455849e-13       0.000000000000e+00       1.106727898043e-14       4.078906829423e-15      -2.750408014130e-17 
  848       3.381551626204e-10       1.659935418922e-12      -3.678292538585e-13       0.000000000000e+00       1.101918012140e-14       4.056664617217e-15      -2.309469320208e-17 
  849       3.372163986335e-10       1.672614344959e-12      -1.163776608995e-13       0.000000000000e+00       1.097133917821e-14       4.034424913146e-15      -1.870569850896e-17 
  850       3.362524320692e-10       1.686145179220e-12       1.332611861896e-13       0.000000000000e+00       1.092375495703e-14       4.012184252072e-15      -1.433783433260e-17 
  851       3.352635846201e-10       1.700520743621e-12       3.810101463364e-13       0.000000000000e+00       1.087642622979e-14       3.989939131687e-15      -9.991844176708e-18 
  852       3.342501820324e-10       1.715733751802e-12       6.267914828972e-13       0.000000000000e+00       1.082935173410e-14       3.967686012394e-15      -5.668476791427e-18 
  853       3.332125541192e-10       1.731776808767e-12       8.705268620559e-13       0.000000000000e+00       1.078253017309e-14       3.945421317194e-15      -1.368486186658e-18 
  854       3.321510347726e-10       1.748642410530e-12       1.112137351222e-12       0.000000000000e+00       1.073596021529e-14       3.923141431566e-15       2.907368354578e-18 
  855       3.310659619768e-10       1.766322943756e-12       1.351543417429e-12       0.000000000000e+00       1.068964049451e-14       3.900842703354e-15       7.158322262797e-18 
  856       3.299576778209e-10       1.784810685403e-12       1.588664925733e-12       0.000000000000e+00       1.064356960973e-14       3.878521442650e-15       1.138360566870e-17 
  857       3.288265285116e-10       1.804097802369e-12       1.823421137612e-12       0.000000000000e+00       1.059774612491e-14       3.856173921676e-15       1.558244338981e-17 
  858       3.276728643861e-10       1.824176351130e-12       2.055730709364e-12       0.000000000000e+00       1.055216856891e-14       3.833796374672e-15       1.975405491716e-17 
  859       3.264970399245e-10       1.845038277389e-12       2.285511690504e-12       0.000000000000e+00       1.050683543537e-14       3.811384997774e-15       2.389765440190e-17 
  860       3.252994137629e-10       1.866675415711e-12       2.512681522164e-12       0.000000000000e+00       1.046174518253e-14       3.788935948905e-15       2.801245064196e-17 
  861       3.240803487063e-10       1.889079489175e-12       2.737157035493e-12       0.000000000000e+00       1.041689623317e-14       3.766445347653e-15       3.209764706871e-17 
  862       3.228402117409e-10       1.912242109011e-12       2.958854450050e-12       0.000000000000e+00       1.037228697441e-14       3.743909275158e-15       3.615244173362e-17 
  863       3.215793740472e-10       1.936154774244e-12       3.177689372210e-12       0.000000000000e+00       1.032791575763e-14       3.721323773994e-15       4.017602729488e-17 
  864       3.202982110126e-10       1.960808871341e-12       3.393576793556e-12       0.000000000000e+00       1.028378089833e-14       3.698684848053e-15       4.416759100405e-17 
  865       3.189971022446e-10       1.986195673846e-12       3.606431089283e-12       0.000000000000e+00       1.023988067599e-14       3.675988462434e-15       4.812631469277e-17 
  866       3.176764315828e-10       2.012306342034e-12       3.816166016590e-12       0.000000000000e+00       1.019621333395e-14       3.653230543317e-15       5.205137475932e-17 
  867       3.163365871123e-10       2.039131922542e-12       4.022694713084e-12       0.000000000000e+00       1.015277707930e-14       3.630406977857e-15       5.594194215533e-17 
  868       3.149779611764e-10       2.066663348023e-12       4.225929695177e-12       0.000000000000e+00       1.010957008270e-14       3.607513614060e-15       5.979718237244e-17 
  869       3.136009503890e-10       2.094891436780e-12       4.425782856485e-12       0.000000000000e+00       1.006659047830e-14       3.584546260673e-15       6.361625542889e-17 
  870       3.122059556477e-10       2.123806892417e-12       4.622165466223e-12       0.000000000000e+00       1.002383636360e-14       3.561500687064e-15       6.739831585623e-17 
  871       3.107933821465e-10       2.153400303477e-12       4.814988167607e-12       0.000000000000e+00       9.981305799314e-15       3.538372623107e-15       7.114251268594e-17 
  872       3.093636393886e-10       2.183662143083e-12       5.004160976254e-12       0.000000000000e+00       9.938996809229e-15       3.515157759066e-15       7.484798943608e-17 
  873       3.079171411990e-10       2.214582768590e-12       5.189593278574e-12       0.000000000000e+00       9.896907380103e-15       3.491851745479e-15       7.851388409795e-17 
  874       3.064543057375e-10       2.246152421218e-12       5.371193830176e-12       0.000000000000e+00       9.855035461522e-15       3.468450193041e-15       8.213932912274e-17 
  875       3.049755555112e-10       2.278361225701e-12       5.548870754261e-12       0.000000000000e+00       9.813378965771e-15       3.444948672489e-15       8.572345140817e-17 
  876       3.034813173875e-10       2.311199189928e-12       5.722531540024e-12       0.000000000000e+00       9.771935767708e-15       3.421342714487e-15       8.926537228516e-17 
  877       3.019720226069e-10       2.344656204588e-12       5.892083041050e-12       0.000000000000e+00       9.730703704637e-15       3.397627809506e-15       9.276420750445e-17 
  878       3.004481045437e-10       2.378721332093e-12       6.057444247782e-12       0.000000000000e+00       9.689680837945e-15       3.373800896006e-15       9.621927418194e-17 
  879       2.989099919227e-10       2.413380661126e-12       6.218584840902e-12       0.000000000000e+00       9.648866243068e-15       3.349864852320e-15       9.963071543273e-17 
  880       2.973581155153e-10       2.448619415713e-12       6.375487275802e-12       0.000000000000e+00       9.608259232406e-15       3.325824079225e-15       1.029988860963e-16 
  881       2.957929103932e-10       2.484422662244e-12       6.528134066990e-12       0.000000000000e+00       9.567859094658e-15       3.301683018533e-15       1.063241467382e-16 
  882       2.942148159409e-10       2.520775308999e-12       6.676507788483e-12       0.000000000000e+00       9.527665094730e-15       3.277446153201e-15       1.096068636683e-16 
  883       2.926242758687e-10       2.557662105687e-12       6.820591074183e-12       0.000000000000e+00       9.487676473651e-15       3.253118007453e-15       1.128474089604e-16 
  884       2.910217382240e-10       2.595067642977e-12       6.960366618271e-12       0.000000000000e+00       9.447892448481e-15       3.228703146893e-15       1.160461604702e-16 
  885       2.894076554049e-10       2.632976352027e-12       7.095817175584e-12       0.000000000000e+00       9.408312212226e-15       3.204206178618e-15       1.192035018551e-16 
  886       2.877824841717e-10       2.671372504020e-12       7.226925562004e-12       0.000000000000e+00       9.368934933747e-15       3.179631751334e-15       1.223198225920e-16 
  887       2.861466856599e-10       2.710240209697e-12       7.353674654840e-12       0.000000000000e+00       9.329759757677e-15       3.154984555475e-15       1.253955179969e-16 
  888       2.845007253922e-10       2.749563418887e-12       7.476047393216e-12       0.000000000000e+00       9.290785804327e-15       3.130269323315e-15       1.284309892435e-16 
  889       2.828450732914e-10       2.789325920039e-12       7.594026778453e-12       0.000000000000e+00       9.252012169602e-15       3.105490829082e-15       1.314266433819e-16 
  890       2.811802036923e-10       2.829511339760e-12       7.707595874454e-12       0.000000000000e+00       9.213437924913e-15       3.080653889077e-15       1.343828933575e-16 
  891       2.795065953545e-10       2.870103142340e-12       7.816737808091e-12       0.000000000000e+00       9.175062117086e-15       3.055763361788e-15       1.373001580299e-16 
  892       2.778247314747e-10       2.911084629290e-12       7.921435769586e-12       0.000000000000e+00       9.136883768276e-15       3.030824148002e-15       1.401788621918e-16 
  893       2.761350996990e-10       2.952438938875e-12       8.021673012899e-12       0.000000000000e+00       9.098901875881e-15       3.005841190925e-15       1.430194365875e-16 
  894       2.744381921355e-10       2.994149045640e-12       8.117432856110e-12       0.000000000000e+00       9.061115412450e-15       2.980819476297e-15       1.458223179321e-16 
  895       2.727345053667e-10       3.036197759950e-12       8.208698681808e-12       0.000000000000e+00       9.023523325598e-15       2.955764032503e-15       1.485879489301e-16 
  896       2.710245404616e-10       3.078567727519e-12       8.295453937469e-12       0.000000000000e+00       8.986124537915e-15       2.930679930691e-15       1.513167782943e-16 
  897       2.693088029886e-10       3.121241428942e-12       8.377682135847e-12       0.000000000000e+00       8.948917946882e-15       2.905572284890e-15       1.540092607647e-16 
  898       2.675878030278e-10       3.164201179230e-12       8.455366855357e-12       0.000000000000e+00       8.911902424780e-15       2.880446252120e-15       1.566658571272e-16 
  899       2.658620551831e-10       3.207429127340e-12       8.528491740456e-12       0.000000000000e+00       8.875076818604e-15       2.855307032511e-15       1.592870342325e-16 
  900       2.641320785949e-10       3.250907255710e-12       8.597040502033e-12       0.000000000000e+00       8.838439949972e-15       2.830159869417e-15       1.618732650150e-16 
  901       2.623983969524e-10       3.294617379787e-12       8.660996917791e-12       0.000000000000e+00       8.801990615040e-15       2.805010049532e-15       1.644250285115e-16 
  902       2.606615385063e-10       3.338541147567e-12       8.720344832632e-12       0.000000000000e+00       8.765727584413e-15       2.779862903003e-15       1.669428098800e-16 
  903       2.589220360807e-10       3.382660039121e-12       8.775068159040e-12       0.000000000000e+00       8.729649603058e-15       2.754723803549e-15       1.694271004187e-16 
  904       2.571804270861e-10       3.426955366128e-12       8.825150877471e-12       0.000000000000e+00       8.693755390212e-15       2.729598168575e-15       1.718783975849e-16 
  905       2.554372535312e-10       3.471408271414e-12       8.870577036732e-12       0.000000000000e+00       8.658043639300e-15       2.704491459284e-15       1.742972050133e-16 
  906       2.536930620360e-10       3.515999728476e-12       8.911330754367e-12       0.000000000000e+00       8.622513017842e-15       2.679409180797e-15       1.766840325354e-16 
  907       2.519484038436e-10       3.560710541019e-12       8.947396217045e-12       0.000000000000e+00       8.587162167368e-15       2.654356882267e-15       1.790393961983e-16 
  908       2.502038348330e-10       3.605521342490e-12       8.978757680940e-12       0.000000000000e+00       8.551989703329e-15       2.629340156990e-15       1.813638182832e-16 
  909       2.484599155314e-10       3.650412595606e-12       9.005399472121e-12       0.000000000000e+00       8.516994215008e-15       2.604364642528e-15       1.836578273242e-16 
  910       2.467172111267e-10       3.695364591891e-12       9.027305986931e-12       0.000000000000e+00       8.482174265433e-15       2.579436020819e-15       1.859219581277e-16 
  911       2.449762914798e-10       3.740357451206e-12       9.044461692375e-12       0.000000000000e+00       8.447528391291e-15       2.554560018292e-15       1.881567517906e-16 
  912       2.432377311369e-10       3.785371121281e-12       9.056851126506e-12       0.000000000000e+00       8.413055102835e-15       2.529742405985e-15       1.903627557195e-16 
  913       2.415021093423e-10       3.830385377250e-12       9.064458898805e-12       0.000000000000e+00       8.378752883802e-15       2.504988999659e-15       1.925405236492e-16 
  914       2.397700100506e-10       3.875379821182e-12       9.067269690571e-12       0.000000000000e+00       8.344620191319e-15       2.480305659914e-15       1.946906156621e-16 
  915       2.380420219389e-10       3.920333881613e-12       9.065268255302e-12       0.000000000000e+00       8.310655455820e-15       2.455698292303e-15       1.968135982064e-16 
  916       2.363187384198e-10       3.965226813081e-12       9.058439419082e-12       0.000000000000e+00       8.276857080956e-15       2.431172847447e-15       1.989100441152e-16 
  917       2.346007114393e-10       4.010038855456e-12       9.046777557821e-12       0.000000000000e+00       8.243223633708e-15       2.406734635496e-15       2.009803829705e-16 
  918       2.328883120423e-10       4.054754733119e-12       9.030315193560e-12       0.000000000000e+00       8.209754418227e-15       2.382386257305e-15       2.030244495457e-16 
  919       2.311818676119e-10       4.099360210573e-12       9.009094854270e-12       0.000000000000e+00       8.176448910958e-15       2.358129640545e-15       2.050419282102e-16 
  920       2.294817078876e-10       4.143840937393e-12       8.983159639999e-12       0.000000000000e+00       8.143306571205e-15       2.333966722387e-15       2.070325019302e-16 
  921       2.277881649715e-10       4.188182447923e-12       8.952553224606e-12       0.000000000000e+00       8.110326841070e-15       2.309899449526e-15       2.089958522660e-16 
  922       2.261015733339e-10       4.232370160974e-12       8.917319857500e-12       0.000000000000e+00       8.077509145393e-15       2.285929778192e-15       2.109316593698e-16 
  923       2.244222698188e-10       4.276389379523e-12       8.877504365376e-12       0.000000000000e+00       8.044852891688e-15       2.262059674171e-15       2.128396019827e-16 
  924       2.227505936506e-10       4.320225290409e-12       8.833152153946e-12       0.000000000000e+00       8.012357470088e-15       2.238291112825e-15       2.147193574328e-16 
  925       2.210868864389e-10       4.363862964030e-12       8.784309209680e-12       0.000000000000e+00       7.980022253277e-15       2.214626079103e-15       2.165706016324e-16 
  926       2.194314921854e-10       4.407287354045e-12       8.731022101539e-12       0.000000000000e+00       7.947846596437e-15       2.191066567564e-15       2.183930090752e-16 
  927       2.177847572886e-10       4.450483297069e-12       8.673337982708e-12       0.000000000000e+00       7.915829837178e-15       2.167614582393e-15       2.201862528344e-16 
  928       2.161470305506e-10       4.493435512369e-12       8.611304592338e-12       0.000000000000e+00       7.883971295485e-15       2.144272137418e-15       2.219500045599e-16 
  929       2.145186631823e-10       4.536128601567e-12       8.544970257277e-12       0.000000000000e+00       7.852270273654e-15       2.121041256127e-15       2.236839344755e-16 
  930       2.129000088097e-10       4.578547048333e-12       8.474383893807e-12       0.000000000000e+00       7.820726056231e-15       2.097923971690e-15       2.253877113770e-16 
  931       2.112914234794e-10       4.620675218087e-12       8.399595009380e-12       0.000000000000e+00       7.789337909950e-15       2.074922326968e-15       2.270610026292e-16 
  932       2.096932656644e-10       4.662497357691e-12       8.320653704351e-12       0.000000000000e+00       7.758105083676e-15       2.052038374540e-15       2.287034741637e-16 
  933       2.081058962701e-10       4.703997595155e-12       8.237610673717e-12       0.000000000000e+00       7.727026808338e-15       2.029274176713e-15       2.303147904761e-16 
  934       2.065296786403e-10       4.745159939327e-12       8.150517208854e-12       0.000000000000e+00       7.696102296875e-15       2.006631805544e-15       2.318946146239e-16 
  935       2.049649785626e-10       4.785968279596e-12       8.059425199245e-12       0.000000000000e+00       7.665330744170e-15       1.984113342858e-15       2.334426082236e-16 
  936       2.034121642746e-10       4.826406385589e-12       7.964387134224e-12       0.000000000000e+00       7.634711326992e-15       1.961720880261e-15       2.349584314484e-16 
  937       2.018716064694e-10       4.866457906866e-12       7.865456104709e-12       0.000000000000e+00       7.604243203932e-15       1.939456519161e-15       2.364417430257e-16 
  938       2.003436783019e-10       4.906106372622e-12       7.762685804934e-12       0.000000000000e+00       7.573925515347e-15       1.917322370788e-15       2.378922002346e-16 
  939       1.988287553940e-10       4.945335191381e-12       7.656130534191e-12       0.000000000000e+00       7.543757383295e-15       1.895320556204e-15       2.393094589032e-16 
  940       1.973272158411e-10       4.984127650697e-12       7.545845198558e-12       0.000000000000e+00       7.513737911474e-15       1.873453206327e-15       2.406931734063e-16 
  941       1.958394402174e-10       5.022466916849e-12       7.431885312644e-12       0.000000000000e+00       7.483866185165e-15       1.851722461949e-15       2.420429966630e-16 
  942       1.943658115820e-10       5.060336034543e-12       7.314307001315e-12       0.000000000000e+00       7.454141271166e-15       1.830130473748e-15       2.433585801339e-16 
  943       1.929067154848e-10       5.097717926606e-12       7.193167001437e-12       0.000000000000e+00       7.424562217736e-15       1.808679402309e-15       2.446395738187e-16 
  944       1.914625399719e-10       5.134595393684e-12       7.068522663608e-12       0.000000000000e+00       7.395128054530e-15       1.787371418144e-15       2.458856262540e-16 
  945       1.900336755922e-10       5.170951113943e-12       6.940431953894e-12       0.000000000000e+00       7.365837792543e-15       1.766208701704e-15       2.470963845101e-16 
  946       1.886205154023e-10       5.206767642763e-12       6.808953455566e-12       0.000000000000e+00       7.336690424042e-15       1.745193443400e-15       2.482714941893e-16 
  947       1.872234549730e-10       5.242027412440e-12       6.674146370834e-12       0.000000000000e+00       7.307684922511e-15       1.724327843622e-15       2.494105994228e-16 
  948       1.858428923949e-10       5.276712731881e-12       6.536070522583e-12       0.000000000000e+00       7.278820242590e-15       1.703614112753e-15       2.505133428687e-16 
  949       1.844792282845e-10       5.310805786300e-12       6.394786356110e-12       0.000000000000e+00       7.250095320010e-15       1.683054471187e-15       2.515793657089e-16 
  950       1.831328657893e-10       5.344288636923e-12       6.250354940858e-12       0.000000000000e+00       7.221509071536e-15       1.662651149349e-15       2.526083076470e-16 
  951       1.818042105946e-10       5.377143220677e-12       6.102837972154e-12       0.000000000000e+00       7.193060394903e-15       1.642406387713e-15       2.535998069059e-16 
  952       1.804936709285e-10       5.409351349894e-12       5.952297772939e-12       0.000000000000e+00       7.164748168760e-15       1.622322436814e-15       2.545535002248e-16 
  953       1.792016575684e-10       5.440894712009e-12       5.798797295513e-12       0.000000000000e+00       7.136571252602e-15       1.602401557272e-15       2.554690228573e-16 
  954       1.779285838462e-10       5.471754869251e-12       5.642400123261e-12       0.000000000000e+00       7.108528486716e-15       1.582646019807e-15       2.563460085685e-16 
  955       1.766748656547e-10       5.501913258351e-12       5.483170472394e-12       0.000000000000e+00       7.080618692116e-15       1.563058105255e-15       2.571840896324e-16 
  956       1.754408616605e-10       5.531353487940e-12       5.321174357647e-12       0.000000000000e+00       7.052840805087e-15       1.543639408560e-15       2.579830305294e-16 
  957       1.742266929318e-10       5.560068269830e-12       5.156483105387e-12       0.000000000000e+00       7.025194283192e-15       1.524388739056e-15       2.587431312793e-16 
  958       1.730324205668e-10       5.588052593020e-12       4.989169897615e-12       0.000000000000e+00       6.997678705347e-15       1.505304188141e-15       2.594648302644e-16 
  959       1.718581052346e-10       5.615301435586e-12       4.819308614756e-12       0.000000000000e+00       6.970293637735e-15       1.486383822330e-15       2.601485711039e-16 
  960       1.707038071732e-10       5.641809764678e-12       4.646973837544e-12       0.000000000000e+00       6.943038633763e-15       1.467625683174e-15       2.607948026681e-16 
  961       1.695695861874e-10       5.667572536523e-12       4.472240848915e-12       0.000000000000e+00       6.915913234022e-15       1.449027787190e-15       2.614039790944e-16 
  962       1.684555016468e-10       5.692584696418e-12       4.295185635891e-12       0.000000000000e+00       6.888916966237e-15       1.430588125787e-15       2.619765598016e-16 
  963       1.673616124838e-10       5.716841178739e-12       4.115884891473e-12       0.000000000000e+00       6.862049345231e-15       1.412304665193e-15       2.625130095053e-16 
  964       1.662879771917e-10       5.740336906929e-12       3.934416016521e-12       0.000000000000e+00       6.835309872877e-15       1.394175346378e-15       2.630137982328e-16 
  965       1.652346538225e-10       5.763066793506e-12       3.750857121654e-12       0.000000000000e+00       6.808698038058e-15       1.376198084983e-15       2.634794013383e-16 
  966       1.642016999850e-10       5.785025740059e-12       3.565287029127e-12       0.000000000000e+00       6.782213316620e-15       1.358370771248e-15       2.639102995177e-16 
  967       1.631891728428e-10       5.806208637246e-12       3.377785274728e-12       0.000000000000e+00       6.755855171331e-15       1.340691269933e-15       2.643069788236e-16 
  968       1.621971291122e-10       5.826610364794e-12       3.188432109660e-12       0.000000000000e+00       6.729623051840e-15       1.323157420250e-15       2.646699306808e-16 
  969       1.612256250603e-10       5.846225791500e-12       2.997308502433e-12       0.000000000000e+00       6.703516394630e-15       1.305767035783e-15       2.649996519008e-16 
  970       1.602747165028e-10       5.865049775230e-12       2.804496140751e-12       0.000000000000e+00       6.677534622975e-15       1.288517904422e-15       2.652966446970e-16 
  971       1.593444588023e-10       5.883077162915e-12       2.610077433402e-12       0.000000000000e+00       6.651677146899e-15       1.271407788283e-15       2.655614167000e-16 
  972       1.584349068661e-10       5.900302790553e-12       2.414135512143e-12       0.000000000000e+00       6.625943363133e-15       1.254434423635e-15       2.657944809720e-16 
  973       1.575461151441e-10       5.916721483208e-12       2.216754233591e-12       0.000000000000e+00       6.600332655069e-15       1.237595520829e-15       2.659963560227e-16 
  974       1.566781376269e-10       5.932328055011e-12       2.018018181110e-12       0.000000000000e+00       6.574844392719e-15       1.220888764225e-15       2.661675658235e-16 
  975       1.558310278439e-10       5.947117309153e-12       1.818012666701e-12       0.000000000000e+00       6.549477932670e-15       1.204311812111e-15       2.663086398232e-16 
  976       1.550048388609e-10       5.961084037892e-12       1.616823732888e-12       0.000000000000e+00       6.524232618043e-15       1.187862296640e-15       2.664201129625e-16 
  977       1.541996232786e-10       5.974223022547e-12       1.414538154607e-12       0.000000000000e+00       6.499107778448e-15       1.171537823746e-15       2.665025256893e-16 
  978       1.534154332304e-10       5.986529033500e-12       1.211243441098e-12       0.000000000000e+00       6.474102729943e-15       1.155335973079e-15       2.665564239739e-16 
  979       1.526523203800e-10       5.997996830193e-12       1.007027837786e-12       0.000000000000e+00       6.449216774986e-15       1.139254297923e-15       2.665823593236e-16 
  980       1.519103359200e-10       6.008621161130e-12       8.019803281745e-13       0.000000000000e+00       6.424449202397e-15       1.123290325131e-15       2.665808887980e-16 
  981       1.511895305696e-10       6.018396763873e-12       5.961906357344e-13       0.000000000000e+00       6.399799287313e-15       1.107441555042e-15       2.665525750242e-16 
  982       1.504899545724e-10       6.027318365044e-12       3.897492257890e-13       0.000000000000e+00       6.375266291145e-15       1.091705461417e-15       2.664979862114e-16 
  983       1.498116576949e-10       6.035380680323e-12       1.827473074045e-13       0.000000000000e+00       6.350849461531e-15       1.076079491355e-15       2.664176961662e-16 
  984       1.491546892238e-10       6.042578414447e-12      -2.472316472272e-14       0.000000000000e+00       6.326548032299e-15       1.060561065229e-15       2.663122843078e-16 
  985       1.485190979646e-10       6.048906261211e-12      -2.325694883769e-13       0.000000000000e+00       6.302361223420e-15       1.045147576605e-15       2.661823356826e-16 
  986       1.479049322394e-10       6.054358903464e-12      -4.406982119352e-13       0.000000000000e+00       6.278288240967e-15       1.029836392173e-15       2.660284409795e-16 
  987       1.473122398847e-10       6.058931013111e-12      -6.490151324794e-13       0.000000000000e+00       6.254328277067e-15       1.014624851670e-15       2.658511965450e-16 
  988       1.467410682495e-10       6.062617251112e-12      -8.574252939072e-13       0.000000000000e+00       6.230480509863e-15       9.995102678077e-16       2.656512043981e-16 
  989       1.461914641934e-10       6.065412267481e-12      -1.065832985044e-12       0.000000000000e+00       6.206744103470e-15       9.844899261990e-16       2.654290722452e-16 
  990       1.456634740847e-10       6.067310701282e-12      -1.274141737755e-12       0.000000000000e+00       6.183118207930e-15       9.695610852841e-16       2.651854134955e-16 
  991       1.451571437978e-10       6.068307180635e-12      -1.482254325057e-12       0.000000000000e+00       6.159601959167e-15       9.547209762561e-16       2.649208472757e-16 
  992       1.446725187118e-10       6.068396322710e-12      -1.690072759229e-12       0.000000000000e+00       6.136194478950e-15       9.399668029882e-16       2.646359984454e-16 
  993       1.442096437083e-10       6.067572733725e-12      -1.897498289925e-12       0.000000000000e+00       6.112894874843e-15       9.252957419593e-16       2.643314976114e-16 
  994       1.437685631694e-10       6.065831008953e-12      -2.104431402284e-12       0.000000000000e+00       6.089702240167e-15       9.107049421805e-16       2.640079811438e-16 
  995       1.433492812566e-10       6.063167773882e-12      -2.310778890503e-12       0.000000000000e+00       6.066615755177e-15       8.961920473256e-16       2.636659280284e-16 
  996       1.429516421141e-10       6.059587840561e-12      -2.516475196091e-12       0.000000000000e+00       6.043634992317e-15       8.817567706661e-16       2.633051677741e-16 
  997       1.425754479031e-10       6.055098141629e-12      -2.721461379107e-12       0.000000000000e+00       6.020759615364e-15       8.673993431098e-16       2.629253653115e-16 
  998       1.422204983542e-10       6.049705697588e-12      -2.925678070072e-12       0.000000000000e+00       5.997989278576e-15       8.531199930819e-16       2.625261834956e-16 
  999       1.418865907610e-10       6.043417617047e-12      -3.129065468936e-12       0.000000000000e+00       5.975323626661e-15       8.389189465145e-16       2.621072831007e-16 
 1000       1.415735199731e-10       6.036241096970e-12      -3.331563344045e-12       0.000000000000e+00       5.952762294749e-15       8.247964268364e-16       2.616683228158e-16 
 1001       1.412810783889e-10       6.028183422920e-12      -3.533111031113e-12       0.000000000000e+00       5.930304908358e-15       8.107526549624e-16       2.612089592396e-16 
 1002       1.410090559495e-10       6.019251969310e-12      -3.733647432191e-12       0.000000000000e+00       5.907951083364e-15       7.967878492828e-16       2.607288468762e-16 
 1003       1.407572401312e-10       6.009454199644e-12      -3.933111014628e-12       0.000000000000e+00       5.885700425973e-15       7.829022256530e-16       2.602276381300e-16 
 1004       1.405254159393e-10       5.998797666767e-12      -4.131439810051e-12       0.000000000000e+00       5.863552532684e-15       7.690959973827e-16       2.597049833013e-16 
 1005       1.403133659006e-10       5.987290013110e-12      -4.328571413321e-12       0.000000000000e+00       5.841506990264e-15       7.553693752259e-16       2.591605305814e-16 
 1006       1.401208700571e-10       5.974938970937e-12      -4.524442981512e-12       0.000000000000e+00       5.819563375711e-15       7.417225673700e-16       2.585939260477e-16 
 1007       1.399477059591e-10       5.961752362590e-12      -4.718991232873e-12       0.000000000000e+00       5.797721256230e-15       7.281557794253e-16       2.580048136594e-16 
 1008       1.397936486582e-10       5.947738100739e-12      -4.912152445799e-12       0.000000000000e+00       5.775980189197e-15       7.146692144148e-16       2.573928352524e-16 
 1009       1.396584707005e-10       5.932904188622e-12      -5.103862457800e-12       0.000000000000e+00       5.754339722128e-15       7.012630727635e-16       2.567576305348e-16 
 1010       1.395419421199e-10       5.917258720300e-12      -5.294056664465e-12       0.000000000000e+00       5.732799392653e-15       6.879375522878e-16       2.560988370821e-16 
 1011       1.394438304314e-10       5.900809880895e-12      -5.482670018438e-12       0.000000000000e+00       5.711358728478e-15       6.746928481852e-16       2.554160903324e-16 
 1012       1.393639006239e-10       5.883565946841e-12      -5.669637028379e-12       0.000000000000e+00       5.690017247359e-15       6.615291530237e-16       2.547090235818e-16 
 1013       1.393019151535e-10       5.865535286132e-12      -5.854891757938e-12       0.000000000000e+00       5.668774457071e-15       6.484466567313e-16       2.539772679795e-16 
 1014       1.392576339372e-10       5.846726358562e-12      -6.038367824718e-12       0.000000000000e+00       5.647629855373e-15       6.354455465855e-16       2.532204525235e-16 
 1015       1.392308143451e-10       5.827147715979e-12      -6.219998399250e-12       0.000000000000e+00       5.626582929980e-15       6.225260072028e-16       2.524382040553e-16 
 1016       1.392212111945e-10       5.806808002525e-12      -6.399716203956e-12       0.000000000000e+00       5.605633158535e-15       6.096882205282e-16       2.516301472556e-16 
 1017       1.392285767426e-10       5.785715954887e-12      -6.577453512119e-12       0.000000000000e+00       5.584780008570e-15       5.969323658247e-16       2.507959046393e-16 
 1018       1.392526606798e-10       5.763880402541e-12      -6.753142146854e-12       0.000000000000e+00       5.564022937484e-15       5.842586196629e-16       2.499350965510e-16 
 1019       1.392932101228e-10       5.741310267997e-12      -6.926713480072e-12       0.000000000000e+00       5.543361392504e-15       5.716671559103e-16       2.490473411602e-16 
 1020       1.393499696080e-10       5.718014567052e-12      -7.098098431452e-12       0.000000000000e+00       5.522794810661e-15       5.591581457209e-16       2.481322544565e-16 
 1021       1.394226810842e-10       5.694002409027e-12      -7.267227467408e-12       0.000000000000e+00       5.502322618753e-15       5.467317575247e-16       2.471894502450e-16 
 1022       1.395110839064e-10       5.669282997021e-12      -7.434030600057e-12       0.000000000000e+00       5.481944233319e-15       5.343881570172e-16       2.462185401413e-16 
 1023       1.396149148287e-10       5.643865628154e-12      -7.598437386188e-12       0.000000000000e+00       5.461659060605e-15       5.221275071489e-16       2.452191335673e-16 
 1024       1.397339079973e-10       5.617759693814e-12      -7.760376926232e-12       0.000000000000e+00       5.441466496534e-15       5.099499681149e-16       2.441908377459e-16 
 1025       1.398677949438e-10       5.590974679902e-12      -7.919777863227e-12       0.000000000000e+00       5.421365926675e-15       4.978556973440e-16       2.431332576968e-16 
 1026       1.400163045785e-10       5.563520167082e-12      -8.076568381789e-12       0.000000000000e+00       5.401356726212e-15       4.858448494888e-16       2.420459962311e-16 
 1027       1.401791631837e-10       5.535405831025e-12      -8.230676207081e-12       0.000000000000e+00       5.381438259913e-15       4.739175764148e-16       2.409286539475e-16 
 1028       1.403560944063e-10       5.506641442654e-12      -8.382028603778e-12       0.000000000000e+00       5.361609882099e-15       4.620740271898e-16       2.397808292267e-16 
 1029       1.405468192515e-10       5.477236868393e-12      -8.530552375038e-12       0.000000000000e+00       5.341870936612e-15       4.503143480738e-16       2.386021182271e-16 
 1030       1.407510560761e-10       5.447202070413e-12      -8.676173861473e-12       0.000000000000e+00       5.322220756788e-15       4.386386825082e-16       2.373921148801e-16 
 1031       1.409685205810e-10       5.416547106876e-12      -8.818818940111e-12       0.000000000000e+00       5.302658665421e-15       4.270471711054e-16       2.361504108854e-16 
 1032       1.411989258050e-10       5.385282132186e-12      -8.958413023370e-12       0.000000000000e+00       5.283183974733e-15       4.155399516383e-16       2.348765957058e-16 
 1033       1.414419821178e-10       5.353417397231e-12      -9.094881058024e-12       0.000000000000e+00       5.263795986346e-15       4.041171590297e-16       2.335702565632e-16 
 1034       1.416973957736e-10       5.320963862497e-12      -9.228158081257e-12       0.000000000000e+00       5.244494068215e-15       3.927793830789e-16       2.322312161087e-16 
 1035       1.419648645635e-10       5.287935046406e-12      -9.358221054249e-12       0.000000000000e+00       5.225277886680e-15       3.815290487457e-16       2.308602491220e-16 
 1036       1.422440820883e-10       5.254345203580e-12      -9.485057476298e-12       0.000000000000e+00       5.206147177631e-15       3.703690553464e-16       2.294583759284e-16 
 1037       1.425347391850e-10       5.220208714658e-12      -9.608654868667e-12       0.000000000000e+00       5.187101669819e-15       3.593023206262e-16       2.280266256638e-16 
 1038       1.428365239205e-10       5.185540086614e-12      -9.729000774736e-12       0.000000000000e+00       5.168141084831e-15       3.483317807998e-16       2.265660362964e-16 
 1039       1.431491215843e-10       5.150353953069e-12      -9.846082760155e-12       0.000000000000e+00       5.149265137066e-15       3.374603905924e-16       2.250776546486e-16 
 1040       1.434722146811e-10       5.114665074608e-12      -9.959888412994e-12       0.000000000000e+00       5.130473533719e-15       3.266911232802e-16       2.235625364193e-16 
 1041       1.438054829247e-10       5.078488339093e-12      -1.007040534390e-11       0.000000000000e+00       5.111765974753e-15       3.160269707318e-16       2.220217462053e-16 
 1042       1.441486032301e-10       5.041838761982e-12      -1.017762118624e-11       0.000000000000e+00       5.093142152878e-15       3.054709434482e-16       2.204563575236e-16 
 1043       1.445012497073e-10       5.004731486637e-12      -1.028152359626e-11       0.000000000000e+00       5.074601753530e-15       2.950260706045e-16       2.188674528331e-16 
 1044       1.448630936537e-10       4.967181784649e-12      -1.038210025325e-11       0.000000000000e+00       5.056144454849e-15       2.846954000901e-16       2.172561235566e-16 
 1045       1.452338035475e-10       4.929205056145e-12      -1.047933885966e-11       0.000000000000e+00       5.037769927652e-15       2.744819985498e-16       2.156234701031e-16 
 1046       1.456130450407e-10       4.890816830105e-12      -1.057322714129e-11       0.000000000000e+00       5.019477835418e-15       2.643889514245e-16       2.139706018889e-16 
 1047       1.460004809518e-10       4.852032764681e-12      -1.066375284743e-11       0.000000000000e+00       5.001267834260e-15       2.544193629921e-16       2.122986373603e-16 
 1048       1.463957712591e-10       4.812868647506e-12      -1.075090375099e-11       0.000000000000e+00       4.983139572905e-15       2.445763564085e-16       2.106087040153e-16 
 1049       1.467985730938e-10       4.773340396016e-12      -1.083466764869e-11       0.000000000000e+00       4.965092692670e-15       2.348630737478e-16       2.089019384252e-16 
 1050       1.472085407327e-10       4.733464057758e-12      -1.091503236119e-11       0.000000000000e+00       4.947126827441e-15       2.252826760441e-16       2.071794862569e-16 
 1051       1.476253255915e-10       4.693255810710e-12      -1.099198573324e-11       0.000000000000e+00       4.929241603653e-15       2.158383433314e-16       2.054425022948e-16 
 1052       1.480485762177e-10       4.652731963595e-12      -1.106551563384e-11       0.000000000000e+00       4.911436640262e-15       2.065332746849e-16       2.036921504627e-16 
 1053       1.484779382834e-10       4.611908956197e-12      -1.113560995638e-11       0.000000000000e+00       4.893711548727e-15       1.973706882617e-16       2.019296038453e-16 
 1054       1.489130545789e-10       4.570803359671e-12      -1.120225661884e-11       0.000000000000e+00       4.876065932986e-15       1.883538213418e-16       2.001560447110e-16 
 1055       1.493535650051e-10       4.529431876866e-12      -1.126544356385e-11       0.000000000000e+00       4.858499389436e-15       1.794859303687e-16       1.983726645329e-16 
 1056       1.497991065670e-10       4.487811342636e-12      -1.132515875894e-11       0.000000000000e+00       4.841011506905e-15       1.707702909902e-16       1.965806640113e-16 
 1057       1.502493133662e-10       4.445958724152e-12      -1.138139019663e-11       0.000000000000e+00       4.823601866638e-15       1.622101980995e-16       1.947812530956e-16 
 1058       1.507038165944e-10       4.403891121224e-12      -1.143412589460e-11       0.000000000000e+00       4.806270042266e-15       1.538089658757e-16       1.929756510059e-16 
 1059       1.511622445263e-10       4.361625766611e-12      -1.148335389585e-11       0.000000000000e+00       4.789015599791e-15       1.455699278248e-16       1.911650862552e-16 
 1060       1.516242225124e-10       4.319180026338e-12      -1.152906226885e-11       0.000000000000e+00       4.771838097557e-15       1.374964368207e-16       1.893507966714e-16 
 1061       1.520893729723e-10       4.276571400011e-12      -1.157123910767e-11       0.000000000000e+00       4.754737086235e-15       1.295918651455e-16       1.875340294188e-16 
 1062       1.525573153873e-10       4.233817521133e-12      -1.160987253217e-11       0.000000000000e+00       4.737712108792e-15       1.218596045310e-16       1.857160410206e-16 
 1063       1.530276662942e-10       4.190936157414e-12      -1.164495068811e-11       0.000000000000e+00       4.720762700479e-15       1.143030661988e-16       1.838980973802e-16 
 1064       1.535000392773e-10       4.147945211096e-12      -1.167646174736e-11       0.000000000000e+00       4.703888388798e-15       1.069256809018e-16       1.820814738037e-16 
 1065       1.539740449622e-10       4.104862719259e-12      -1.170439390797e-11       0.000000000000e+00       4.687088693487e-15       9.973089896462e-17       1.802674550217e-16 
 1066       1.544492910087e-10       4.061706854139e-12      -1.172873539440e-11       0.000000000000e+00       4.670363126495e-15       9.272219032447e-17       1.784573352107e-16 
 1067       1.549253821033e-10       4.018495923446e-12      -1.174947445764e-11       0.000000000000e+00       4.653711191961e-15       8.590304457209e-17       1.766524180158e-16 
 1068       1.554019199529e-10       3.975248370674e-12      -1.176659937536e-11       0.000000000000e+00       4.637132386189e-15       7.927697099251e-17       1.748540165721e-16 
 1069       1.558785032774e-10       3.931982775422e-12      -1.178009845205e-11       0.000000000000e+00       4.620626197628e-15       7.284749860586e-17       1.730634535269e-16 
 1070       1.563547278028e-10       3.888717853703e-12      -1.178996001920e-11       0.000000000000e+00       4.604192106849e-15       6.661817620824e-17       1.712820610614e-16 
 1071       1.568301862542e-10       3.845472458263e-12      -1.179617243544e-11       0.000000000000e+00       4.587829586524e-15       6.059257241250e-17       1.695111809128e-16 
 1072       1.573044683491e-10       3.802265578897e-12      -1.179872408670e-11       0.000000000000e+00       4.571538101399e-15       5.477427568907e-17       1.677521643962e-16 
 1073       1.577771927429e-10       3.759115252209e-12      -1.179761122184e-11       0.000000000000e+00       4.555317163582e-15       4.916573159680e-17       1.660060460951e-16 
 1074       1.582481033572e-10       3.716035274017e-12      -1.179286157620e-11       0.000000000000e+00       4.539166499254e-15       4.376473705455e-17       1.642725600231e-16 
 1075       1.587169743497e-10       3.673038442810e-12      -1.178451107004e-11       0.000000000000e+00       4.523085884181e-15       3.856789841392e-17       1.625511101092e-16 
 1076       1.591835782763e-10       3.630137646439e-12      -1.177259600318e-11       0.000000000000e+00       4.507075088599e-15       3.357178986030e-17       1.608410953021e-16 
 1077       1.596476860875e-10       3.587345862321e-12      -1.175715305598e-11       0.000000000000e+00       4.491133877196e-15       2.877295333260e-17       1.591419095584e-16 
 1078       1.601090671248e-10       3.544676157642e-12      -1.173821929027e-11       0.000000000000e+00       4.475262009099e-15       2.416789844297e-17       1.574529418300e-16 
 1079       1.605674891170e-10       3.502141689553e-12      -1.171583215036e-11       0.000000000000e+00       4.459459237855e-15       1.975310239657e-17       1.557735760527e-16 
 1080       1.610227181767e-10       3.459755705376e-12      -1.169002946401e-11       0.000000000000e+00       4.443725311412e-15       1.552500991130e-17       1.541031911338e-16 
 1081       1.614745187964e-10       3.417531542806e-12      -1.166084944334e-11       0.000000000000e+00       4.428059972109e-15       1.148003313752e-17       1.524411609400e-16 
 1082       1.619226538448e-10       3.375482630109e-12      -1.162833068586e-11       0.000000000000e+00       4.412462956652e-15       7.614551577836e-18       1.507868542854e-16 
 1083       1.623668845636e-10       3.333622486326e-12      -1.159251217543e-11       0.000000000000e+00       4.396933996104e-15       3.924912006786e-18       1.491396349198e-16 
 1084       1.628069705634e-10       3.291964721476e-12      -1.155343328320e-11       0.000000000000e+00       4.381472815863e-15       4.074283906198e-19       1.474988615159e-16 
 1085       1.632426698203e-10       3.250523036754e-12      -1.151113376858e-11       0.000000000000e+00       4.366079135648e-15      -2.941618192974e-18       1.458638876580e-16 
 1086       1.636737386718e-10       3.209311224733e-12      -1.146565378024e-11       0.000000000000e+00       4.350752669485e-15      -6.125979635130e-18       1.442340618294e-16 
 1087       1.640999318139e-10       3.168343169571e-12      -1.141703385706e-11       0.000000000000e+00       4.335493125683e-15      -9.149440876058e-18       1.426087274009e-16 
 1088       1.645210022968e-10       3.127632847204e-12      -1.136531492908e-11       0.000000000000e+00       4.320300206826e-15      -1.201581998531e-17       1.409872226180e-16 
 1089       1.649367015216e-10       3.087194325555e-12      -1.131053831850e-11       0.000000000000e+00       4.305173609750e-15      -1.472896824204e-17       1.393688805895e-16 
 1090       1.653467792363e-10       3.047041764731e-12      -1.125274574062e-11       0.000000000000e+00       4.290113025531e-15      -1.729277021524e-17       1.377530292752e-16 
 1091       1.657509835327e-10       3.007189417227e-12      -1.119197930484e-11       0.000000000000e+00       4.275118139464e-15      -1.971114384406e-17       1.361389914737e-16 
 1092       1.661490608420e-10       2.967651628127e-12      -1.112828151559e-11       0.000000000000e+00       4.260188631050e-15      -2.198804051798e-17       1.345260848108e-16 
 1093       1.665407559320e-10       2.928442835304e-12      -1.106169527333e-11       0.000000000000e+00       4.245324173977e-15      -2.412744515715e-17       1.329136217268e-16 
 1094       1.669258119025e-10       2.889577569624e-12      -1.099226387551e-11       0.000000000000e+00       4.230524436107e-15      -2.613337629261e-17       1.313009094649e-16 
 1095       1.673039701826e-10       2.851070455146e-12      -1.092003101751e-11       0.000000000000e+00       4.215789079455e-15      -2.800988614654e-17       1.296872500592e-16 
 1096       1.676749705264e-10       2.812936209323e-12      -1.084504079366e-11       0.000000000000e+00       4.201117760174e-15      -2.976106071255e-17       1.280719403222e-16 
 1097       1.680385510094e-10       2.775189643206e-12      -1.076733769816e-11       0.000000000000e+00       4.186510128539e-15      -3.139101983593e-17       1.264542718333e-16 
 1098       1.683944480251e-10       2.737845661644e-12      -1.068696662608e-11       0.000000000000e+00       4.171965828932e-15      -3.290391729389e-17       1.248335309262e-16 
 1099       1.687423962814e-10       2.700919263485e-12      -1.060397287430e-11       0.000000000000e+00       4.157484499822e-15      -3.430394087583e-17       1.232089986774e-16 
 1100       1.690821287965e-10       2.664425541778e-12      -1.051840214253e-11       0.000000000000e+00       4.143065773750e-15      -3.559531246363e-17       1.215799508936e-16 
 1101       1.694133768957e-10       2.628379683976e-12      -1.043030053420e-11       0.000000000000e+00       4.128709277313e-15      -3.678228811185e-17       1.199456581000e-16 
 1102       1.697358702073e-10       2.592796972136e-12      -1.033971455749e-11       0.000000000000e+00       4.114414631147e-15      -3.786915812805e-17       1.183053855282e-16 
 1103       1.700493366595e-10       2.557692783120e-12      -1.024669112629e-11       0.000000000000e+00       4.100181449910e-15      -3.886024715301e-17       1.166583931040e-16 
 1104       1.703535024763e-10       2.523082588798e-12      -1.015127756114e-11       0.000000000000e+00       4.086009342265e-15      -3.975991424100e-17       1.150039354356e-16 
 1105       1.706480921740e-10       2.488981956250e-12      -1.005352159021e-11       0.000000000000e+00       4.071897910865e-15      -4.057255294004e-17       1.133412618013e-16 
 1106       1.709328285575e-10       2.455406547965e-12      -9.953471350284e-12       0.000000000000e+00       4.057846752336e-15      -4.130259137216e-17       1.116696161373e-16 
 1107       1.712074327169e-10       2.422372122046e-12      -9.851175387725e-12       0.000000000000e+00       4.043855457260e-15      -4.195449231368e-17       1.099882370263e-16 
 1108       1.714716240234e-10       2.389894532408e-12      -9.746682659422e-12       0.000000000000e+00       4.029923610156e-15      -4.253275327542e-17       1.082963576848e-16 
 1109       1.717251201259e-10       2.357989728984e-12      -9.640042533776e-12       0.000000000000e+00       4.016050789469e-15      -4.304190658300e-17       1.065932059512e-16 
 1110       1.719676369474e-10       2.326673757920e-12      -9.531304791660e-12       0.000000000000e+00       4.002236567548e-15      -4.348651945711e-17       1.048780042740e-16 
 1111       1.721988886812e-10       2.295962761783e-12      -9.420519627396e-12       0.000000000000e+00       3.988480510633e-15      -4.387119409371e-17       1.031499696993e-16 
 1112       1.724186306099e-10       2.265870924489e-12      -9.307738724783e-12       0.000000000000e+00       3.974782223849e-15      -4.419995945614e-17       1.014085465852e-16 
 1113       1.726267881845e-10       2.236404276107e-12      -9.193018498740e-12       0.000000000000e+00       3.961141486870e-15      -4.447443773825e-17       9.965410811523e-17 
 1114       1.728233296346e-10       2.207566807048e-12      -9.076416898190e-12       0.000000000000e+00       3.947558120008e-15      -4.469565396631e-17       9.788726397932e-17 
 1115       1.730082232995e-10       2.179362515950e-12      -8.957992335922e-12       0.000000000000e+00       3.934031939345e-15      -4.486464212326e-17       9.610862849435e-17 
 1116       1.731814376292e-10       2.151795409680e-12      -8.837803689667e-12       0.000000000000e+00       3.920562756725e-15      -4.498244517010e-17       9.431882061463e-17 
 1117       1.733429411844e-10       2.124869503344e-12      -8.715910303166e-12       0.000000000000e+00       3.907150379738e-15      -4.505011506709e-17       9.251846394249e-17 
 1118       1.734927026375e-10       2.098588820277e-12      -8.592371987248e-12       0.000000000000e+00       3.893794611711e-15      -4.506871279510e-17       9.070818673868e-17 
 1119       1.736306907730e-10       2.072957392059e-12      -8.467249020896e-12       0.000000000000e+00       3.880495251695e-15      -4.503930837682e-17       8.888862193300e-17 
 1120       1.737568744878e-10       2.047979258505e-12      -8.340602152324e-12       0.000000000000e+00       3.867252094452e-15      -4.496298089811e-17       8.706040713471e-17 
 1121       1.738712227916e-10       2.023658467675e-12      -8.212492600049e-12       0.000000000000e+00       3.854064930440e-15      -4.484081852923e-17       8.522418464310e-17 
 1122       1.739737048078e-10       1.999999075875e-12      -8.082982053960e-12       0.000000000000e+00       3.840933545809e-15      -4.467391854615e-17       8.338060145798e-17 
 1123       1.740642897737e-10       1.977005147655e-12      -7.952132676394e-12       0.000000000000e+00       3.827857722381e-15      -4.446338735182e-17       8.153030929018e-17 
 1124       1.741429470413e-10       1.954680755819e-12      -7.820007103207e-12       0.000000000000e+00       3.814837237639e-15      -4.421034049745e-17       7.967396457208e-17 
 1125       1.742096460772e-10       1.933029981419e-12      -7.686668444846e-12       0.000000000000e+00       3.801871864719e-15      -4.391590270381e-17       7.781222846812e-17 
 1126       1.742643564636e-10       1.912056913764e-12      -7.552180287421e-12       0.000000000000e+00       3.788961372394e-15      -4.358120788248e-17       7.594576688529e-17 
 1127       1.743070478990e-10       1.891765650417e-12      -7.416606693779e-12       0.000000000000e+00       3.776105525062e-15      -4.320739915716e-17       7.407525048365e-17 
 1128       1.743376901978e-10       1.872160297202e-12      -7.280012204575e-12       0.000000000000e+00       3.763304082735e-15      -4.279562888493e-17       7.220135468685e-17 
 1129       1.743562532919e-10       1.853244968202e-12      -7.142461839345e-12       0.000000000000e+00       3.750556801027e-15      -4.234705867755e-17       7.032475969261e-17 
 1130       1.743627072303e-10       1.835023785765e-12      -7.004021097576e-12       0.000000000000e+00       3.737863431140e-15      -4.186285942273e-17       6.844615048329e-17 
 1131       1.743570221802e-10       1.817500880505e-12      -6.864755959784e-12       0.000000000000e+00       3.725223719854e-15      -4.134421130542e-17       6.656621683632e-17 
 1132       1.743391684270e-10       1.800680391301e-12      -6.724732888581e-12       0.000000000000e+00       3.712637409513e-15      -4.079230382907e-17       6.468565333477e-17 
 1133       1.743091163752e-10       1.784566465305e-12      -6.584018829747e-12       0.000000000000e+00       3.700104238014e-15      -4.020833583695e-17       6.280515937784e-17 
 1134       1.742668365489e-10       1.769163257941e-12      -6.442681213307e-12       0.000000000000e+00       3.687623938793e-15      -3.959351553339e-17       6.092543919138e-17 
 1135       1.742122995919e-10       1.754474932908e-12      -6.300787954601e-12       0.000000000000e+00       3.675196240815e-15      -3.894906050509e-17       5.904720183838e-17 
 1136       1.741454762686e-10       1.740505662181e-12      -6.158407455355e-12       0.000000000000e+00       3.662820868562e-15      -3.827619774238e-17       5.717116122947e-17 
 1137       1.740663374642e-10       1.727259626014e-12      -6.015608604755e-12       0.000000000000e+00       3.650497542018e-15      -3.757616366053e-17       5.529803613350e-17 
 1138       1.739748541854e-10       1.714741012946e-12      -5.872460780517e-12       0.000000000000e+00       3.638225976658e-15      -3.685020412100e-17       5.342855018796e-17 
 1139       1.738709975610e-10       1.702954019796e-12      -5.729033849965e-12       0.000000000000e+00       3.626005883438e-15      -3.609957445274e-17       5.156343190954e-17 
 1140       1.737547388420e-10       1.691902851671e-12      -5.585398171096e-12       0.000000000000e+00       3.613836968778e-15      -3.532553947347e-17       4.970341470465e-17 
 1141       1.736260494024e-10       1.681591721967e-12      -5.441624593657e-12       0.000000000000e+00       3.601718934557e-15      -3.452937351096e-17       4.784923687988e-17 
 1142       1.734849007397e-10       1.672024852371e-12      -5.297784460218e-12       0.000000000000e+00       3.589651478092e-15      -3.371236042430e-17       4.600164165257e-17 
 1143       1.733312644753e-10       1.663206472861e-12      -5.153949607240e-12       0.000000000000e+00       3.577634292134e-15      -3.287579362521e-17       4.416137716126e-17 
 1144       1.731651123549e-10       1.655140821714e-12      -5.010192366151e-12       0.000000000000e+00       3.565667064849e-15      -3.202097609929e-17       4.232919647627e-17 
 1145       1.729864162493e-10       1.647832145501e-12      -4.866585564418e-12       0.000000000000e+00       3.553749479812e-15      -3.114922042730e-17       4.050585761012e-17 
 1146       1.727951481545e-10       1.641284699096e-12      -4.723202526617e-12       0.000000000000e+00       3.541881215989e-15      -3.026184880650e-17       3.869212352814e-17 
 1147       1.725912801927e-10       1.635502745674e-12      -4.580117075508e-12       0.000000000000e+00       3.530061947729e-15      -2.936019307184e-17       3.688876215890e-17 
 1148       1.723747846122e-10       1.630490556713e-12      -4.437403533108e-12       0.000000000000e+00       3.518291344748e-15      -2.844559471731e-17       3.509654640476e-17 
 1149       1.721456337885e-10       1.626252412002e-12      -4.295136721758e-12       0.000000000000e+00       3.506569072123e-15      -2.751940491721e-17       3.331625415236e-17 
 1150       1.719038002243e-10       1.622792599636e-12      -4.153391965201e-12       0.000000000000e+00       3.494894790273e-15      -2.658298454741e-17       3.154866828317e-17 
 1151       1.716492855894e-10       1.620113634394e-12      -4.012239644861e-12       0.000000000000e+00       3.483268189276e-15      -2.563694429766e-17       2.979442875368e-17 
 1152       1.713822082427e-10       1.618210888093e-12      -3.871728790844e-12       0.000000000000e+00       3.471689092319e-15      -2.467885440255e-17       2.805358675887e-17 
 1153       1.711027168223e-10       1.617077891058e-12      -3.731903284717e-12       0.000000000000e+00       3.460157353538e-15      -2.370550587262e-17       2.632604492871e-17 
 1154       1.708109613105e-10       1.616708107407e-12      -3.592807285984e-12       0.000000000000e+00       3.448672823800e-15      -2.271366771848e-17       2.461170474220e-17 
 1155       1.705070930369e-10       1.617094934894e-12      -3.454485232663e-12       0.000000000000e+00       3.437235350696e-15      -2.170008690328e-17       2.291046652440e-17 
 1156       1.701912646811e-10       1.618231704748e-12      -3.316981841870e-12       0.000000000000e+00       3.425844778529e-15      -2.066148829525e-17       2.122222944362e-17 
 1157       1.698636302766e-10       1.620111681515e-12      -3.180342110394e-12       0.000000000000e+00       3.414500948307e-15      -1.959457462017e-17       1.954689150852e-17 
 1158       1.695243452133e-10       1.622728062898e-12      -3.044611315278e-12       0.000000000000e+00       3.403203697735e-15      -1.849602641390e-17       1.788434956522e-17 
 1159       1.691735662406e-10       1.626073979600e-12      -2.909835014401e-12       0.000000000000e+00       3.391952861201e-15      -1.736250197489e-17       1.623449929443e-17 
 1160       1.688114514711e-10       1.630142495164e-12      -2.776059047054e-12       0.000000000000e+00       3.380748269774e-15      -1.619063731671e-17       1.459723520858e-17 
 1161       1.684381603832e-10       1.634926605813e-12      -2.643329534521e-12       0.000000000000e+00       3.369589751187e-15      -1.497704612049e-17       1.297245064895e-17 
 1162       1.680538538243e-10       1.640419240294e-12      -2.511692880660e-12       0.000000000000e+00       3.358477129835e-15      -1.371831968751e-17       1.136003778275e-17 
 1163       1.676586940141e-10       1.646613259715e-12      -2.381195772482e-12       0.000000000000e+00       3.347410226761e-15      -1.241102689166e-17       9.759887600299e-18 
 1164       1.672528445478e-10       1.653501457389e-12      -2.251885180727e-12       0.000000000000e+00       3.336388859650e-15      -1.105171413197e-17       8.171889912094e-18 
 1165       1.668364703988e-10       1.661076558675e-12      -2.123808360451e-12       0.000000000000e+00       3.325412842819e-15      -9.636905285102e-18       6.595933345974e-18 
 1166       1.664097379223e-10       1.669331220818e-12      -1.997012851596e-12       0.000000000000e+00       3.314481987204e-15      -8.163101657877e-18       5.031905344221e-18 
 1167       1.659728148580e-10       1.678258032789e-12      -1.871546479580e-12       0.000000000000e+00       3.303596100359e-15      -6.626781939768e-18       3.479692160684e-18 
 1168       1.655258703336e-10       1.687849515128e-12      -1.747457355867e-12       0.000000000000e+00       3.292754986440e-15      -5.024402155418e-18       1.939178857906e-18 
 1169       1.650690748678e-10       1.698098119787e-12      -1.624793878553e-12       0.000000000000e+00       3.281958446197e-15      -3.352395617149e-18       4.102493042411e-19 
 1170       1.646026003732e-10       1.708996229965e-12      -1.503604732944e-12       0.000000000000e+00       3.271206276968e-15      -1.607172877466e-18      -1.107213829018e-18 
 1171       1.641266201599e-10       1.720536159955e-12      -1.383938892135e-12       0.000000000000e+00       3.260498272668e-15       2.148783184287e-19      -2.613329070524e-18 
 1172       1.636413089381e-10       1.732710154980e-12      -1.265845617588e-12       0.000000000000e+00       3.249834223778e-15       2.117393080132e-18      -4.108216151746e-18 
 1173       1.631468428214e-10       1.745510391040e-12      -1.149374459715e-12       0.000000000000e+00       3.239213917339e-15       4.104029419525e-18      -5.591996009854e-18 
 1174       1.626433993304e-10       1.758928974747e-12      -1.034575258456e-12       0.000000000000e+00       3.228637136941e-15       6.178468298270e-18      -7.064790790594e-18 
 1175       1.621311573950e-10       1.772957943170e-12      -9.214981438566e-13       0.000000000000e+00       3.218103662715e-15       8.344413675299e-18      -8.526723851162e-18 
 1176       1.616102973581e-10       1.787589263675e-12      -8.101935366520e-13       0.000000000000e+00       3.207613271324e-15       1.060559255430e-17      -9.977919763091e-18 
 1177       1.610810009786e-10       1.802814833766e-12      -7.007121488425e-13       0.000000000000e+00       3.197165735951e-15       1.296575503123e-17      -1.141850431512e-17 
 1178       1.605434514344e-10       1.818626480925e-12      -5.931049842751e-13       0.000000000000e+00       3.186760826295e-15       1.542867434175e-17      -1.284860451607e-17 
 1179       1.599978333257e-10       1.835015962454e-12      -4.874233392227e-13       0.000000000000e+00       3.176398308556e-15       1.799814690881e-17      -1.426834859774e-17 
 1180       1.594443326781e-10       1.851974965318e-12      -3.837188029634e-13       0.000000000000e+00       3.166077945433e-15       2.067799239003e-17      -1.567786601776e-17 
 1181       1.588831369454e-10       1.869495105982e-12      -2.820432583606e-13       0.000000000000e+00       3.155799496106e-15       2.347205372529e-17      -1.707728746250e-17 
 1182       1.583144350133e-10       1.887567930254e-12      -1.824488824422e-13       0.000000000000e+00       3.145562716235e-15       2.638419718415e-17      -1.846674484989e-17 
 1183       1.577384172021e-10       1.906184913129e-12      -8.498814698044e-14       0.000000000000e+00       3.135367357947e-15       2.941831241338e-17      -1.984637133238e-17 
 1184       1.571552752699e-10       1.925337458624e-12       1.028618092874e-14       0.000000000000e+00       3.125213169826e-15       3.257831248444e-17      -2.121630129975e-17 
 1185       1.565652024159e-10       1.945016899624e-12       1.033210382859e-13       0.000000000000e+00       3.115099896908e-15       3.586813394096e-17      -2.257667038203e-17 
 1186       1.559683932831e-10       1.965214497721e-12       1.940630656088e-13       0.000000000000e+00       3.105027280667e-15       3.929173684626e-17      -2.392761545232e-17 
 1187       1.553650439620e-10       1.985921443055e-12       2.824586063524e-13       0.000000000000e+00       3.094995059009e-15       4.285310483080e-17      -2.526927462977e-17 
 1188       1.547553519934e-10       2.007128854157e-12       3.684537063295e-13       0.000000000000e+00       3.085002966262e-15       4.655624513971e-17      -2.660178728234e-17 
 1189       1.541395163715e-10       2.028827777788e-12       4.519941131313e-13       0.000000000000e+00       3.075050733167e-15       5.040518868026e-17      -2.792529402976e-17 
 1190       1.535177392946e-10       2.051008667370e-12       5.330334243590e-13       0.000000000000e+00       3.065138112166e-15       5.440220636940e-17      -2.923990342150e-17 
 1191       1.528902314339e-10       2.073659811591e-12       6.115576430431e-13       0.000000000000e+00       3.055264953627e-15       5.854243409883e-17      -3.054559151686e-17 
 1192       1.522572067355e-10       2.096768886188e-12       6.875609226759e-13       0.000000000000e+00       3.045431130537e-15       6.281918184502e-17      -3.184230107720e-17 
 1193       1.516188806823e-10       2.120323473394e-12       7.610374458672e-13       0.000000000000e+00       3.035636513285e-15       6.722571127755e-17      -3.312997477897e-17 
 1194       1.509754702970e-10       2.144311061745e-12       8.319814244546e-13       0.000000000000e+00       3.025880969649e-15       7.175523565559e-17      -3.440855521381e-17 
 1195       1.503271941457e-10       2.168719045870e-12       9.003870996136e-13       0.000000000000e+00       3.016164364796e-15       7.640091972435e-17      -3.567798488854e-17 
 1196       1.496742723408e-10       2.193534726290e-12       9.662487419683e-13       0.000000000000e+00       3.006486561272e-15       8.115587961157e-17      -3.693820622530e-17 
 1197       1.490169265444e-10       2.218745309216e-12       1.029560651701e-12       0.000000000000e+00       2.996847418993e-15       8.601318272397e-17      -3.818916156153e-17 
 1198       1.483553799720e-10       2.244337906342e-12       1.090317158665e-12       0.000000000000e+00       2.987246795241e-15       9.096584764372e-17      -3.943079315008e-17 
 1199       1.476898573948e-10       2.270299534649e-12       1.148512622491e-12       0.000000000000e+00       2.977684544658e-15       9.600684402491e-17      -4.066304315923e-17 
 1200       1.470205851442e-10       2.296617116195e-12       1.204141432699e-12       0.000000000000e+00       2.968160519233e-15       1.011290924900e-16      -4.188585367278e-17 
 1201       1.463477911140e-10       2.323277477914e-12       1.257198008813e-12       0.000000000000e+00       2.958674568304e-15       1.063254645264e-16      -4.309916669007e-17 
 1202       1.456717047643e-10       2.350267351415e-12       1.307676800463e-12       0.000000000000e+00       2.949226538542e-15       1.115887823827e-16      -4.430292412607e-17 
 1203       1.449925571246e-10       2.377573372778e-12       1.355572287504e-12       0.000000000000e+00       2.939816273950e-15       1.169118189654e-16      -4.549706781140e-17 
 1204       1.443105807970e-10       2.405182082349e-12       1.400878980118e-12       0.000000000000e+00       2.930443615856e-15       1.222872977352e-16      -4.668153949243e-17 
 1205       1.436260099596e-10       2.433079924538e-12       1.443591418934e-12       0.000000000000e+00       2.921108402900e-15       1.277078926036e-16      -4.785628083131e-17 
 1206       1.429390803696e-10       2.461253247616e-12       1.483704175127e-12       0.000000000000e+00       2.911810471035e-15       1.331662278291e-16      -4.902123340601e-17 
 1207       1.422500293668e-10       2.489688303514e-12       1.521211850540e-12       0.000000000000e+00       2.902549653515e-15       1.386548779141e-16      -5.017633871042e-17 
 1208       1.415590958768e-10       2.518371247615e-12       1.556109077784e-12       0.000000000000e+00       2.893325780890e-15       1.441663675009e-16      -5.132153815437e-17 
 1209       1.408665204140e-10       2.547288138557e-12       1.588390520357e-12       0.000000000000e+00       2.884138680997e-15       1.496931712687e-16      -5.245677306370e-17 
 1210       1.401725450853e-10       2.576424938024e-12       1.618050872747e-12       0.000000000000e+00       2.874988178955e-15       1.552277138295e-16      -5.358198468031e-17 
 1211       1.394774135932e-10       2.605767510547e-12       1.645084860549e-12       0.000000000000e+00       2.865874097158e-15       1.607623696250e-16      -5.469711416224e-17 
 1212       1.387813712389e-10       2.635301623299e-12       1.669487240570e-12       0.000000000000e+00       2.856796255268e-15       1.662894628227e-16      -5.580210258368e-17 
 1213       1.380846649259e-10       2.665012945894e-12       1.691252800943e-12       0.000000000000e+00       2.847754470205e-15       1.718012672127e-16      -5.689689093508e-17 
 1214       1.373875431629e-10       2.694887050179e-12       1.710376361233e-12       0.000000000000e+00       2.838748556146e-15       1.772900061042e-16      -5.798142012316e-17 
 1215       1.366902560674e-10       2.724909410039e-12       1.726852772554e-12       0.000000000000e+00       2.829778324512e-15       1.827478522214e-16      -5.905563097100e-17 
 1216       1.359930553688e-10       2.755065401184e-12       1.740676917674e-12       0.000000000000e+00       2.820843583965e-15       1.881669276007e-16      -6.011946421807e-17 
 1217       1.352961944116e-10       2.785340300955e-12       1.751843711125e-12       0.000000000000e+00       2.811944140398e-15       1.935393034868e-16      -6.117286052032e-17 
 1218       1.345999281592e-10       2.815719288116e-12       1.760348099319e-12       0.000000000000e+00       2.803079796932e-15       1.988570002291e-16      -6.221576045019e-17 
 1219       1.339045131962e-10       2.846187442651e-12       1.766185060652e-12       0.000000000000e+00       2.794250353904e-15       2.041119871783e-16      -6.324810449671e-17 
 1220       1.332102077325e-10       2.876729745562e-12       1.769349605619e-12       0.000000000000e+00       2.785455608866e-15       2.092961825828e-16      -6.426983306553e-17 
 1221       1.325172716065e-10       2.907331078667e-12       1.769836776919e-12       0.000000000000e+00       2.776695356572e-15       2.144014534855e-16      -6.528088647899e-17 
 1222       1.318259662879e-10       2.937976224394e-12       1.767641649573e-12       0.000000000000e+00       2.767969388975e-15       2.194196156195e-16      -6.628120497616e-17 
 1223       1.311365548813e-10       2.968649865581e-12       1.762759331026e-12       0.000000000000e+00       2.759277495218e-15       2.243424333054e-16      -6.727072871292e-17 
 1224       1.304493021296e-10       2.999336585269e-12       1.755184961266e-12       0.000000000000e+00       2.750619461629e-15       2.291616193473e-16      -6.824939776199e-17 
 1225       1.297644744168e-10       3.030020866505e-12       1.744913712926e-12       0.000000000000e+00       2.741995071713e-15       2.338688349294e-16      -6.921715211300e-17 
 1226       1.290823397717e-10       3.060687092132e-12       1.731940791399e-12       0.000000000000e+00       2.733404106143e-15       2.384556895125e-16      -7.017393167257e-17 
 1227       1.284031678713e-10       3.091319544591e-12       1.716261434949e-12       0.000000000000e+00       2.724846342756e-15       2.429137407302e-16      -7.111967626431e-17 
 1228       1.277272300435e-10       3.121902405715e-12       1.697870914819e-12       0.000000000000e+00       2.716321556547e-15       2.472344942858e-16      -7.205432562892e-17 
 1229       1.270547774972e-10       3.152420677039e-12       1.676770467432e-12       0.000000000000e+00       2.707829541785e-15       2.514118219514e-16      -7.297781070856e-17 
 1230       1.263859757211e-10       3.182862953120e-12       1.652985168003e-12       0.000000000000e+00       2.699370178679e-15       2.554492472536e-16      -7.389002738635e-17 
 1231       1.257209693112e-10       3.213218680797e-12       1.626546269736e-12       0.000000000000e+00       2.690943367494e-15       2.593527462389e-16      -7.479086243461e-17 
 1232       1.250599036749e-10       3.243477241543e-12       1.597485291603e-12       0.000000000000e+00       2.682549006491e-15       2.631283373196e-16      -7.568020220161e-17 
 1233       1.244029250326e-10       3.273627951339e-12       1.565834018920e-12       0.000000000000e+00       2.674186991920e-15       2.667820813622e-16      -7.655793261091e-17 
 1234       1.237501804194e-10       3.303660060537e-12       1.531624503931e-12       0.000000000000e+00       2.665857218013e-15       2.703200817761e-16      -7.742393916076e-17 
 1235       1.231018176863e-10       3.333562753737e-12       1.494889066390e-12       0.000000000000e+00       2.657559576985e-15       2.737484846017e-16      -7.827810692338e-17 
 1236       1.224579855023e-10       3.363325149650e-12       1.455660294140e-12       0.000000000000e+00       2.649293959022e-15       2.770734785990e-16      -7.912032054445e-17 
 1237       1.218188333555e-10       3.392936300974e-12       1.413971043698e-12       0.000000000000e+00       2.641060252280e-15       2.803012953359e-16      -7.995046424235e-17 
 1238       1.211845115545e-10       3.422385194260e-12       1.369854440830e-12       0.000000000000e+00       2.632858342878e-15       2.834382092768e-16      -8.076842180760e-17 
 1239       1.205551712307e-10       3.451660749786e-12       1.323343881138e-12       0.000000000000e+00       2.624688114894e-15       2.864905378708e-16      -8.157407660222e-17 
 1240       1.199309643389e-10       3.480751821421e-12       1.274473030639e-12       0.000000000000e+00       2.616549450358e-15       2.894646416405e-16      -8.236731155906e-17 
 1241       1.193120436596e-10       3.509647196502e-12       1.223275826348e-12       0.000000000000e+00       2.608442229249e-15       2.923669242697e-16      -8.314800918119e-17 
 1242       1.186985628000e-10       3.538335595697e-12       1.169786476855e-12       0.000000000000e+00       2.600366329489e-15       2.952038326928e-16      -8.391605154125e-17 
 1243       1.180906761961e-10       3.566805672881e-12       1.114039462912e-12       0.000000000000e+00       2.592321626935e-15       2.979818571824e-16      -8.467132028084e-17 
 1244       1.174885391137e-10       3.595046015003e-12       1.056069538008e-12       0.000000000000e+00       2.584307995378e-15       3.007075314382e-16      -8.541369660986e-17 
 1245       1.168923076502e-10       3.623045141955e-12       9.959117289556e-13       0.000000000000e+00       2.576325306537e-15       3.033874326750e-16      -8.614306130587e-17 
 1246       1.163021387362e-10       3.650791506444e-12       9.336013364707e-13       0.000000000000e+00       2.568373430050e-15       3.060281817117e-16      -8.685929471347e-17 
 1247       1.157181901369e-10       3.678273493863e-12       8.691739357522e-13       0.000000000000e+00       2.560452233476e-15       3.086364430592e-16      -8.756227674367e-17 
 1248       1.151406204538e-10       3.705479422156e-12       8.026653770647e-13       0.000000000000e+00       2.552561582280e-15       3.112189250091e-16      -8.825188687324e-17 
 1249       1.145695891260e-10       3.732397541694e-12       7.341117863194e-13       0.000000000000e+00       2.544701339836e-15       3.137823797220e-16      -8.892800414408e-17 
 1250       1.140052564320e-10       3.759016035142e-12       6.635495656554e-13       0.000000000000e+00       2.536871367421e-15       3.163336033159e-16      -8.959050716257e-17 
 1251       1.134477834912e-10       3.785323017329e-12       5.910153940209e-13       0.000000000000e+00       2.529071524203e-15       3.188794359549e-16      -9.023927409897e-17 
 1252       1.128973322654e-10       3.811306535116e-12       5.165462277544e-13       0.000000000000e+00       2.521301667245e-15       3.214267619373e-16      -9.087418268675e-17 
 1253       1.123540655601e-10       3.836954567272e-12       4.401793011663e-13       0.000000000000e+00       2.513561651492e-15       3.239825097840e-16      -9.149511022197e-17 
 1254       1.118181470266e-10       3.862255024337e-12       3.619521271197e-13       0.000000000000e+00       2.505851329771e-15       3.265536523272e-16      -9.210193356263e-17 
 1255       1.112897411629e-10       3.887195748497e-12       2.819024976121e-13       0.000000000000e+00       2.498170552784e-15       3.291472067988e-16      -9.269452912806e-17 
 1256       1.107690133159e-10       3.911764513453e-12       2.000684843562e-13       0.000000000000e+00       2.490519169101e-15       3.317702349185e-16      -9.327277289827e-17 
 1257       1.102561296825e-10       3.935949024286e-12       1.164884393616e-13       0.000000000000e+00       2.482897025159e-15       3.344298429825e-16      -9.383654041331e-17 
 1258       1.097512573110e-10       3.959736917337e-12       3.120099551570e-14       0.000000000000e+00       2.475303965251e-15       3.371331819517e-16      -9.438570677263e-17 
 1259       1.092545641033e-10       3.983115760065e-12      -5.575493283467e-14       0.000000000000e+00       2.467739831528e-15       3.398874475406e-16      -9.492014663446e-17 
 1260       1.087662188158e-10       4.006073050928e-12      -1.443401493023e-13       0.000000000000e+00       2.460204463986e-15       3.426998803051e-16      -9.543973421518e-17 
 1261       1.082863910612e-10       4.028596219245e-12      -2.345151748783e-13       0.000000000000e+00       2.452697700467e-15       3.455777657314e-16      -9.594434328866e-17 
 1262       1.078152513102e-10       4.050672625071e-12      -3.262402473506e-13       0.000000000000e+00       2.445219376650e-15       3.485284343241e-16      -9.643384718563e-17 
 1263       1.073529708927e-10       4.072289559064e-12      -4.194753207230e-13       0.000000000000e+00       2.437769326050e-15       3.515592616948e-16      -9.690811879307e-17 
 1264       1.068997219997e-10       4.093434242355e-12      -5.141800646337e-13       0.000000000000e+00       2.430347380006e-15       3.546776686506e-16      -9.736703055354e-17 
 1265       1.064556776844e-10       4.114093826421e-12      -6.103138637740e-13       0.000000000000e+00       2.422953367682e-15       3.578911212821e-16      -9.781045446456e-17 
 1266       1.060210118644e-10       4.134255392951e-12      -7.078358173074e-13       0.000000000000e+00       2.415587116060e-15       3.612071310525e-16      -9.823826207799e-17 
 1267       1.055958993225e-10       4.153905953721e-12      -8.067047382878e-13       0.000000000000e+00       2.408248449933e-15       3.646332548855e-16      -9.865032449936e-17 
 1268       1.051804864135e-10       4.173034160924e-12      -9.068784508807e-13       0.000000000000e+00       2.400937208125e-15       3.681747737931e-16      -9.904654620760e-17 
 1269       1.047748028106e-10       4.191635460034e-12      -1.008311674328e-12       0.000000000000e+00       2.393653292356e-15       3.718276992897e-16      -9.942696694220e-17 
 1270       1.043788487440e-10       4.209706996097e-12      -1.110958113431e-12       0.000000000000e+00       2.386396618927e-15       3.755856865215e-16      -9.979166098946e-17 
 1271       1.039926242040e-10       4.227245908651e-12      -1.214771157900e-12       0.000000000000e+00       2.379167102550e-15       3.794423483281e-16      -1.001407034706e-16 
 1272       1.036161289397e-10       4.244249331722e-12      -1.319703881725e-12       0.000000000000e+00       2.371964656336e-15       3.833912551578e-16      -1.004741703438e-16 
 1273       1.032493624589e-10       4.260714393825e-12      -1.425709042538e-12       0.000000000000e+00       2.364789191799e-15       3.874259349825e-16      -1.007921384059e-16 
 1274       1.028923240270e-10       4.276638217958e-12      -1.532739080979e-12       0.000000000000e+00       2.357640618847e-15       3.915398732138e-16      -1.010946852941e-16 
 1275       1.025450126666e-10       4.292017921604e-12      -1.640746120068e-12       0.000000000000e+00       2.350518845778e-15       3.957265126174e-16      -1.013818894884e-16 
 1276       1.022074271567e-10       4.306850616722e-12      -1.749681964565e-12       0.000000000000e+00       2.343423779279e-15       3.999792532291e-16      -1.016538303131e-16 
 1277       1.018795660324e-10       4.321133409750e-12      -1.859498100339e-12       0.000000000000e+00       2.336355324419e-15       4.042914522696e-16      -1.019105879388e-16 
 1278       1.015614275839e-10       4.334863401602e-12      -1.970145693735e-12       0.000000000000e+00       2.329313384648e-15       4.086564240602e-16      -1.021522433840e-16 
 1279       1.012530098560e-10       4.348037687661e-12      -2.081575590939e-12       0.000000000000e+00       2.322297861789e-15       4.130674399376e-16      -1.023788785176e-16 
 1280       1.009543106475e-10       4.360653357783e-12      -2.193738317347e-12       0.000000000000e+00       2.315308656038e-15       4.175177281699e-16      -1.025905760601e-16 
 1281       1.006653275104e-10       4.372707496291e-12      -2.306584076926e-12       0.000000000000e+00       2.308345665957e-15       4.220004738712e-16      -1.027874195860e-16 
 1282       1.003860577495e-10       4.384197181970e-12      -2.420062751587e-12       0.000000000000e+00       2.301408788474e-15       4.265088189173e-16      -1.029694935255e-16 
 1283       1.001164984216e-10       4.395119488071e-12      -2.534123900546e-12       0.000000000000e+00       2.294497918872e-15       4.310358618608e-16      -1.031368831663e-16 
 1284       9.985664633474e-11       4.405471482303e-12      -2.648716759694e-12       0.000000000000e+00       2.287612950792e-15       4.355746578467e-16      -1.032896746555e-16 
 1285       9.960649804797e-11       4.415250226834e-12      -2.763790240960e-12       0.000000000000e+00       2.280753776227e-15       4.401182185273e-16      -1.034279550018e-16 
 1286       9.936604987028e-11       4.424452778285e-12      -2.879292931682e-12       0.000000000000e+00       2.273920285515e-15       4.446595119776e-16      -1.035518120769e-16 
 1287       9.913529786017e-11       4.433076187732e-12      -2.995173093968e-12       0.000000000000e+00       2.267112367339e-15       4.491914626110e-16      -1.036613346177e-16 
 1288       9.891423782498e-11       4.441117500698e-12      -3.111378664066e-12       0.000000000000e+00       2.260329908719e-15       4.537069510939e-16      -1.037566122282e-16 
 1289       9.870286532023e-11       4.448573757158e-12      -3.227857251731e-12       0.000000000000e+00       2.253572795014e-15       4.581988142616e-16      -1.038377353813e-16 
 1290       9.850117564901e-11       4.455441991528e-12      -3.344556139586e-12       0.000000000000e+00       2.246840909911e-15       4.626598450334e-16      -1.039047954205e-16 
 1291       9.830916386129e-11       4.461719232670e-12      -3.461422282496e-12       0.000000000000e+00       2.240134135425e-15       4.670827923276e-16      -1.039578845622e-16 
 1292       9.812682475335e-11       4.467402503884e-12      -3.578402306928e-12       0.000000000000e+00       2.233452351894e-15       4.714603609774e-16      -1.039970958972e-16 
 1293       9.795415286706e-11       4.472488822909e-12      -3.695442510321e-12       0.000000000000e+00       2.226795437978e-15       4.757852116455e-16      -1.040225233929e-16 
 1294       9.779114248932e-11       4.476975201919e-12      -3.812488860450e-12       0.000000000000e+00       2.220163270648e-15       4.800499607401e-16      -1.040342618948e-16 
 1295       9.763778765134e-11       4.480858647522e-12      -3.929486994796e-12       0.000000000000e+00       2.213555725189e-15       4.842471803297e-16      -1.040324071289e-16 
 1296       9.749408212808e-11       4.484136160755e-12      -4.046382219907e-12       0.000000000000e+00       2.206972675193e-15       4.883693980584e-16      -1.040170557032e-16 
 1297       9.736001943755e-11       4.486804737084e-12      -4.163119510770e-12       0.000000000000e+00       2.200413992554e-15       4.924090970616e-16      -1.039883051096e-16 
 1298       9.723559284018e-11       4.488861366399e-12      -4.279643510173e-12       0.000000000000e+00       2.193879547465e-15       4.963587158808e-16      -1.039462537260e-16 
 1299       9.712079533822e-11       4.490303033016e-12      -4.395898528073e-12       0.000000000000e+00       2.187369208418e-15       5.002106483794e-16      -1.038910008180e-16 
 1300       9.701561967504e-11       4.491126715668e-12      -4.511828540964e-12       0.000000000000e+00       2.180882842191e-15       5.039572436576e-16      -1.038226465409e-16 
 1301       9.692005833454e-11       4.491329387510e-12      -4.627377191240e-12       0.000000000000e+00       2.174420313853e-15       5.075908059676e-16      -1.037412919415e-16 
 1302       9.683410354048e-11       4.490908016109e-12      -4.742487786565e-12       0.000000000000e+00       2.167981486754e-15       5.111035946296e-16      -1.036470389600e-16 
 1303       9.675774725586e-11       4.489859563448e-12      -4.857103299236e-12       0.000000000000e+00       2.161566222524e-15       5.144878239463e-16      -1.035399904321e-16 
 1304       9.669098118226e-11       4.488180985920e-12      -4.971166365552e-12       0.000000000000e+00       2.155174381069e-15       5.177356631185e-16      -1.034202500905e-16 
 1305       9.663379675921e-11       4.485869234325e-12      -5.084619285178e-12       0.000000000000e+00       2.148805820565e-15       5.208392361606e-16      -1.032879225670e-16 
 1306       9.658618516356e-11       4.482921253871e-12      -5.197404020514e-12       0.000000000000e+00       2.142460397456e-15       5.237906218156e-16      -1.031431133945e-16 
 1307       9.654811808126e-11       4.479335442822e-12      -5.309466503058e-12       0.000000000000e+00       2.136137979647e-15       5.265840533440e-16      -1.029859307602e-16 
 1308       9.651948978872e-11       4.475116046317e-12      -5.420769606490e-12       0.000000000000e+00       2.129838486252e-15       5.292225449898e-16      -1.028164907838e-16 
 1309       9.650017442229e-11       4.470268811699e-12      -5.531280317451e-12       0.000000000000e+00       2.123561848285e-15       5.317113394731e-16      -1.026349123020e-16 
 1310       9.649004514501e-11       4.464799534421e-12      -5.640965441381e-12       0.000000000000e+00       2.117307995496e-15       5.340557149111e-16      -1.024413151246e-16 
 1311       9.648897414468e-11       4.458714058143e-12      -5.749791602188e-12       0.000000000000e+00       2.111076856369e-15       5.362609848877e-16      -1.022358200366e-16 
 1312       9.649683263184e-11       4.452018274835e-12      -5.857725241914e-12       0.000000000000e+00       2.104868358120e-15       5.383324985237e-16      -1.020185487998e-16 
 1313       9.651349083779e-11       4.444718124875e-12      -5.964732620406e-12       0.000000000000e+00       2.098682426691e-15       5.402756405460e-16      -1.017896241552e-16 
 1314       9.653881801256e-11       4.436819597151e-12      -6.070779814983e-12       0.000000000000e+00       2.092518986750e-15       5.420958313575e-16      -1.015491698248e-16 
 1315       9.657268242298e-11       4.428328729157e-12      -6.175832720109e-12       0.000000000000e+00       2.086377961688e-15       5.437985271070e-16      -1.012973105136e-16 
 1316       9.661495135066e-11       4.419251607099e-12      -6.279857047054e-12       0.000000000000e+00       2.080259273613e-15       5.453892197584e-16      -1.010341719118e-16 
 1317       9.666549109000e-11       4.409594365988e-12      -6.382818323572e-12       0.000000000000e+00       2.074162843349e-15       5.468734371611e-16      -1.007598806967e-16 
 1318       9.672416694620e-11       4.399363189745e-12      -6.484681893561e-12       0.000000000000e+00       2.068088590433e-15       5.482567431193e-16      -1.004745645346e-16 
 1319       9.679084323328e-11       4.388564311300e-12      -6.585412916736e-12       0.000000000000e+00       2.062036433112e-15       5.495447374615e-16      -1.001783520828e-16 
 1320       9.686538327208e-11       4.377204012689e-12      -6.684976368301e-12       0.000000000000e+00       2.056006288338e-15       5.507430561107e-16      -9.987137299203e-17 
 1321       9.694764938829e-11       4.365288625158e-12      -6.783337038609e-12       0.000000000000e+00       2.049998071767e-15       5.518573711541e-16      -9.955375790787e-17 
 1322       9.703750291041e-11       4.352824529260e-12      -6.880459532838e-12       0.000000000000e+00       2.044011697756e-15       5.528933909123e-16      -9.922563847316e-17 
 1323       9.713480416783e-11       4.339818154957e-12      -6.976308270658e-12       0.000000000000e+00       2.038047079357e-15       5.538568600094e-16      -9.888714732985e-17 
 1324       9.723941248879e-11       4.326275981718e-12      -7.070847485898e-12       0.000000000000e+00       2.032104128320e-15       5.547535594428e-16      -9.853841812105e-17 
 1325       9.735118619840e-11       4.312204538621e-12      -7.164041226216e-12       0.000000000000e+00       2.026182755082e-15       5.555893066525e-16      -9.817958549303e-17 
 1326       9.746998261667e-11       4.297610404449e-12      -7.255853352767e-12       0.000000000000e+00       2.020282868769e-15       5.563699555915e-16      -9.781078509723e-17 
 1327       9.759565805649e-11       4.282500207797e-12      -7.346247539873e-12       0.000000000000e+00       2.014404377195e-15       5.571013967946e-16      -9.743215359227e-17 
 1328       9.772806782167e-11       4.266880627163e-12      -7.435187274690e-12       0.000000000000e+00       2.008547186851e-15       5.577895574489e-16      -9.704382864597e-17 
 1329       9.786706620493e-11       4.250758391056e-12      -7.522635856879e-12       0.000000000000e+00       2.002711202911e-15       5.584404014631e-16      -9.664594893736e-17 
 1330       9.801250648592e-11       4.234140278091e-12      -7.608556398270e-12       0.000000000000e+00       1.996896329221e-15       5.590599295375e-16      -9.623865415865e-17 
 1331       9.816424092923e-11       4.217033117090e-12      -7.692911822538e-12       0.000000000000e+00       1.991102468302e-15       5.596541792333e-16      -9.582208501730e-17 
 1332       9.832212078237e-11       4.199443787184e-12      -7.775664864865e-12       0.000000000000e+00       1.985329521344e-15       5.602292250428e-16      -9.539638323798e-17 
 1333       9.848599627385e-11       4.181379217910e-12      -7.856778071611e-12       0.000000000000e+00       1.979577388204e-15       5.607911784586e-16      -9.496169156462e-17 
 1334       9.865571661112e-11       4.162846389312e-12      -7.936213799985e-12       0.000000000000e+00       1.973845967400e-15       5.613461880439e-16      -9.451815376237e-17 
 1335       9.883112997862e-11       4.143852332042e-12      -8.013934217710e-12       0.000000000000e+00       1.968135156113e-15       5.619004395016e-16      -9.406591461967e-17 
 1336       9.901208353577e-11       4.124404127457e-12      -8.089901302695e-12       0.000000000000e+00       1.962444850180e-15       5.624601557446e-16      -9.360511995021e-17 
 1337       9.919842341498e-11       4.104508907725e-12      -8.164076842699e-12       0.000000000000e+00       1.956774944092e-15       5.630315969650e-16      -9.313591659496e-17 
 1338       9.938999471970e-11       4.084173855916e-12      -8.236422435007e-12       0.000000000000e+00       1.951125330991e-15       5.636210607042e-16      -9.265845242418e-17 
 1339       9.958664152237e-11       4.063406206111e-12      -8.306899486091e-12       0.000000000000e+00       1.945495902668e-15       5.642348819223e-16      -9.217287633943e-17 
 1340       9.978820686246e-11       4.042213243495e-12      -8.375469211283e-12       0.000000000000e+00       1.939886549557e-15       5.648794330680e-16      -9.167933827556e-17 
 1341       9.999453274451e-11       4.020602304461e-12      -8.442092634445e-12       0.000000000000e+00       1.934297160736e-15       5.655611241485e-16      -9.117798920275e-17 
 1342       1.002054601361e-10       3.998580776708e-12      -8.506730587632e-12       0.000000000000e+00       1.928727623921e-15       5.662864027988e-16      -9.066898112852e-17 
 1343       1.004208289658e-10       3.976156099342e-12      -8.569343710767e-12       0.000000000000e+00       1.923177825462e-15       5.670617543516e-16      -9.015246709969e-17 
 1344       1.006404781213e-10       3.953335762976e-12      -8.629892451307e-12       0.000000000000e+00       1.917647650345e-15       5.678937019070e-16      -8.962860120445e-17 
 1345       1.008642454475e-10       3.930127309827e-12      -8.688337063909e-12       0.000000000000e+00       1.912136982181e-15       5.687888064025e-16      -8.909753857433e-17 
 1346       1.010919679305e-10       3.906538753919e-12      -8.744643873781e-12       0.000000000000e+00       1.906645713636e-15       5.697518656171e-16      -8.855942585195e-17 
 1347       1.013234822573e-10       3.882579846470e-12      -8.798804141833e-12       0.000000000000e+00       1.901173777815e-15       5.707804896365e-16      -8.801437247673e-17 
 1348       1.015586242584e-10       3.858260824448e-12      -8.850815403806e-12       0.000000000000e+00       1.895721117212e-15       5.718704665984e-16      -8.746247909126e-17 
 1349       1.017972287201e-10       3.833591991846e-12      -8.900675225267e-12       0.000000000000e+00       1.890287673309e-15       5.730175583613e-16      -8.690384704861e-17 
 1350       1.020391293826e-10       3.808583719812e-12      -8.948381201695e-12       0.000000000000e+00       1.884873386574e-15       5.742175004550e-16      -8.633857841374e-17 
 1351       1.022841589377e-10       3.783246446775e-12      -8.993930958565e-12       0.000000000000e+00       1.879478196464e-15       5.754660020314e-16      -8.576677596486e-17 
 1352       1.025321490273e-10       3.757590678575e-12      -9.037322151427e-12       0.000000000000e+00       1.874102041415e-15       5.767587458148e-16      -8.518854319485e-17 
 1353       1.027829302409e-10       3.731626988587e-12      -9.078552465994e-12       0.000000000000e+00       1.868744858845e-15       5.780913880526e-16      -8.460398431257e-17 
 1354       1.030363321143e-10       3.705366017853e-12      -9.117619618225e-12       0.000000000000e+00       1.863406585150e-15       5.794595584654e-16      -8.401320424430e-17 
 1355       1.032921831268e-10       3.678818475205e-12      -9.154521354405e-12       0.000000000000e+00       1.858087155703e-15       5.808588601981e-16      -8.341630863510e-17 
 1356       1.035503106998e-10       3.651995137399e-12      -9.189255451230e-12       0.000000000000e+00       1.852786504846e-15       5.822848697697e-16      -8.281340385016e-17 
 1357       1.038105411949e-10       3.624906849237e-12      -9.221819715890e-12       0.000000000000e+00       1.847504565897e-15       5.837331370246e-16      -8.220459697623e-17 
 1358       1.040726999113e-10       3.597564523696e-12      -9.252211986153e-12       0.000000000000e+00       1.842241271138e-15       5.851991850824e-16      -8.158999582296e-17 
 1359       1.043366110844e-10       3.569979142058e-12      -9.280430130449e-12       0.000000000000e+00       1.836996551820e-15       5.866785102889e-16      -8.096970892428e-17 
 1360       1.046020978836e-10       3.542161754035e-12      -9.306472047951e-12       0.000000000000e+00       1.831770338157e-15       5.881665821663e-16      -8.034384553979e-17 
 1361       1.048689824105e-10       3.514123477901e-12      -9.330335668658e-12       0.000000000000e+00       1.826562559323e-15       5.896588433639e-16      -7.971251565617e-17 
 1362       1.051370856965e-10       3.485875500613e-12      -9.352018953482e-12       0.000000000000e+00       1.821373143453e-15       5.911507096085e-16      -7.907582998847e-17 
 1363       1.054062277014e-10       3.457429077945e-12      -9.371519894327e-12       0.000000000000e+00       1.816202017636e-15       5.926375696549e-16      -7.843389998159e-17 
 1364       1.056762273109e-10       3.428795534612e-12      -9.388836514177e-12       0.000000000000e+00       1.811049107916e-15       5.941147852365e-16      -7.778683781158e-17 
 1365       1.059469023349e-10       3.399986264400e-12      -9.403966867172e-12       0.000000000000e+00       1.805914339291e-15       5.955776910159e-16      -7.713475638708e-17 
 1366       1.062180695056e-10       3.371012730291e-12      -9.416909038699e-12       0.000000000000e+00       1.800797635706e-15       5.970215945349e-16      -7.647776935065e-17 
 1367       1.064895444751e-10       3.341886464595e-12      -9.427661145472e-12       0.000000000000e+00       1.795698920053e-15       5.984417761657e-16      -7.581599108017e-17 
 1368       1.067611418140e-10       3.312619069073e-12      -9.436221335612e-12       0.000000000000e+00       1.790618114169e-15       5.998334890610e-16      -7.514953669022e-17 
 1369       1.070326750091e-10       3.283222215067e-12      -9.442587788738e-12       0.000000000000e+00       1.785555138833e-15       6.011919591045e-16      -7.447852203345e-17 
 1370       1.073039564613e-10       3.253707643629e-12      -9.446758716041e-12       0.000000000000e+00       1.780509913765e-15       6.025123848617e-16      -7.380306370197e-17 
 1371       1.075747974839e-10       3.224087165647e-12      -9.448732360377e-12       0.000000000000e+00       1.775482357620e-15       6.037899375299e-16      -7.312327902872e-17 
 1372       1.078450083004e-10       3.194372661972e-12      -9.448506996340e-12       0.000000000000e+00       1.770472387991e-15       6.050197608892e-16      -7.243928608885e-17 
 1373       1.081143980428e-10       3.164576083549e-12      -9.446080930356e-12       0.000000000000e+00       1.765479921401e-15       6.061969712529e-16      -7.175120370110e-17 
 1374       1.083827747493e-10       3.134709451539e-12      -9.441452500755e-12       0.000000000000e+00       1.760504873305e-15       6.073166574178e-16      -7.105915142917e-17 
 1375       1.086499453626e-10       3.104784857453e-12      -9.434620077865e-12       0.000000000000e+00       1.755547158085e-15       6.083738806149e-16      -7.036324958312e-17 
 1376       1.089157157276e-10       3.074814463278e-12      -9.425582064088e-12       0.000000000000e+00       1.750606689048e-15       6.093636744597e-16      -6.966361922072e-17 
 1377       1.091798905898e-10       3.044810501600e-12      -9.414336893986e-12       0.000000000000e+00       1.745683378426e-15       6.102810449031e-16      -6.896038214885e-17 
 1378       1.094422735930e-10       3.014785275739e-12      -9.400883034363e-12       0.000000000000e+00       1.740777137370e-15       6.111209701815e-16      -6.825366092488e-17 
 1379       1.097026672777e-10       2.984751159872e-12      -9.385218984351e-12       0.000000000000e+00       1.735887875950e-15       6.118784007674e-16      -6.754357885803e-17 
 1380       1.099608730786e-10       2.954720599162e-12      -9.367343275489e-12       0.000000000000e+00       1.731015503152e-15       6.125482593202e-16      -6.683026001076e-17 
 1381       1.102166913230e-10       2.924706109885e-12      -9.347254471811e-12       0.000000000000e+00       1.726159926874e-15       6.131254406363e-16      -6.611382920014e-17 
 1382       1.104699212288e-10       2.894720279559e-12      -9.324951169925e-12       0.000000000000e+00       1.721321053928e-15       6.136048115998e-16      -6.539441199925e-17 
 1383       1.107203609024e-10       2.864775767071e-12      -9.300431999100e-12       0.000000000000e+00       1.716498790032e-15       6.139812111332e-16      -6.467213473854e-17 
 1384       1.109678073368e-10       2.834885302806e-12      -9.273695621345e-12       0.000000000000e+00       1.711693039813e-15       6.142494501475e-16      -6.394712450720e-17 
 1385       1.112120731233e-10       2.805060945053e-12      -9.244745254904e-12       0.000000000000e+00       1.706903715247e-15       6.144056085865e-16      -6.321950080882e-17 
 1386       1.114530367838e-10       2.775311840385e-12      -9.213602296803e-12       0.000000000000e+00       1.702130761097e-15       6.144509416427e-16      -6.248935042899e-17 
 1387       1.116905929659e-10       2.745646439888e-12      -9.180292844302e-12       0.000000000000e+00       1.697374129740e-15       6.143880146859e-16      -6.175675230509e-17 
 1388       1.119246357767e-10       2.716073240816e-12      -9.144843184897e-12       0.000000000000e+00       1.692633772746e-15       6.142194099439e-16      -6.102178584877e-17 
 1389       1.121550587817e-10       2.686600786672e-12      -9.107279796689e-12       0.000000000000e+00       1.687909640871e-15       6.139477265336e-16      -6.028453094687e-17 
 1390       1.123817550038e-10       2.657237667288e-12      -9.067629348754e-12       0.000000000000e+00       1.683201684058e-15       6.135755804928e-16      -5.954506796220e-17 
 1391       1.126046169228e-10       2.627992518907e-12      -9.025918701500e-12       0.000000000000e+00       1.678509851436e-15       6.131056048118e-16      -5.880347773446e-17 
 1392       1.128235364737e-10       2.598874024268e-12      -8.982174907043e-12       0.000000000000e+00       1.673834091314e-15       6.125404494648e-16      -5.805984158108e-17 
 1393       1.130384050466e-10       2.569890912679e-12      -8.936425209566e-12       0.000000000000e+00       1.669174351186e-15       6.118827814419e-16      -5.731424129804e-17 
 1394       1.132491134851e-10       2.541051960107e-12      -8.888697045688e-12       0.000000000000e+00       1.664530577722e-15       6.111352847803e-16      -5.656675916080e-17 
 1395       1.134555520859e-10       2.512365989253e-12      -8.839018044830e-12       0.000000000000e+00       1.659902716771e-15       6.103006605960e-16      -5.581747792508e-17 
 1396       1.136576105975e-10       2.483841869637e-12      -8.787416029579e-12       0.000000000000e+00       1.655290713356e-15       6.093816271155e-16      -5.506648082778e-17 
 1397       1.138551782192e-10       2.455488517677e-12      -8.733919016057e-12       0.000000000000e+00       1.650694511677e-15       6.083809197072e-16      -5.431385158778e-17 
 1398       1.140481436007e-10       2.427314896770e-12      -8.678555214285e-12       0.000000000000e+00       1.646114055100e-15       6.073012909132e-16      -5.355967440685e-17 
 1399       1.142363948405e-10       2.399330017377e-12      -8.621353028550e-12       0.000000000000e+00       1.641549286167e-15       6.061455104809e-16      -5.280403397046e-17 
 1400       1.144198194854e-10       2.371542937098e-12      -8.562341057769e-12       0.000000000000e+00       1.637000146584e-15       6.049163653943e-16      -5.204701544868e-17 
 1401       1.145983045297e-10       2.343962760761e-12      -8.501548095860e-12       0.000000000000e+00       1.632466577225e-15       6.036166599060e-16      -5.128870449701e-17 
 1402       1.147717364136e-10       2.316598640496e-12      -8.439003132102e-12       0.000000000000e+00       1.627948518126e-15       6.022492155683e-16      -5.052918725722e-17 
 1403       1.149400010229e-10       2.289459775819e-12      -8.374735351504e-12       0.000000000000e+00       1.623445908490e-15       6.008168712653e-16      -4.976855035826e-17 
 1404       1.151029836878e-10       2.262555413714e-12      -8.308774135172e-12       0.000000000000e+00       1.618958686676e-15       5.993224832442e-16      -4.900688091707e-17 
 1405       1.152605691822e-10       2.235894848716e-12      -8.241149060673e-12       0.000000000000e+00       1.614486790203e-15       5.977689251470e-16      -4.824426653947e-17 
 1406       1.154126417224e-10       2.209487422987e-12      -8.171889902402e-12       0.000000000000e+00       1.610030155749e-15       5.961590880420e-16      -4.748079532096e-17 
 1407       1.155590849663e-10       2.183342526401e-12      -8.101026631947e-12       0.000000000000e+00       1.605588719145e-15       5.944958804554e-16      -4.671655584767e-17 
 1408       1.156997820127e-10       2.157469596626e-12      -8.028589418458e-12       0.000000000000e+00       1.601162415375e-15       5.927822284031e-16      -4.595163719711e-17 
 1409       1.158346154001e-10       2.131878119200e-12      -7.954608629010e-12       0.000000000000e+00       1.596751178575e-15       5.910210754220e-16      -4.518612893913e-17 
 1410       1.159634671059e-10       2.106577627621e-12      -7.879114828968e-12       0.000000000000e+00       1.592354942031e-15       5.892153826016e-16      -4.442012113669e-17 
 1411       1.160862185454e-10       2.081577703418e-12      -7.802138782359e-12       0.000000000000e+00       1.587973638175e-15       5.873681286161e-16      -4.365370434677e-17 
 1412       1.162027505709e-10       2.056887976241e-12      -7.723711452231e-12       0.000000000000e+00       1.583607198587e-15       5.854823097553e-16      -4.288696962121e-17 
 1413       1.163129434708e-10       2.032518123938e-12      -7.643864001022e-12       0.000000000000e+00       1.579255553988e-15       5.835609399565e-16      -4.212000850756e-17 
 1414       1.164166769684e-10       2.008477872636e-12      -7.562627790929e-12       0.000000000000e+00       1.574918634245e-15       5.816070508362e-16      -4.135291304995e-17 
 1415       1.165138302217e-10       1.984776996823e-12      -7.480034384268e-12       0.000000000000e+00       1.570596368360e-15       5.796236917216e-16      -4.058577578995e-17 
 1416       1.166042818213e-10       1.961425319431e-12      -7.396115543845e-12       0.000000000000e+00       1.566288684478e-15       5.776139296822e-16      -3.981868976739e-17 
 1417       1.166879097908e-10       1.938432711913e-12      -7.310903233319e-12       0.000000000000e+00       1.561995509877e-15       5.755808495612e-16      -3.905174852128e-17 
 1418       1.167645915846e-10       1.915809094329e-12      -7.224429617572e-12       0.000000000000e+00       1.557716770973e-15       5.735275540074e-16      -3.828504609061e-17 
 1419       1.168342040880e-10       1.893564435424e-12      -7.136727063069e-12       0.000000000000e+00       1.553452393311e-15       5.714571635067e-16      -3.751867701522e-17 
 1420       1.168966236157e-10       1.871708752712e-12      -7.047828138229e-12       0.000000000000e+00       1.549202301570e-15       5.693728164135e-16      -3.675273633670e-17 
 1421       1.169517259108e-10       1.850252112553e-12      -6.957765613790e-12       0.000000000000e+00       1.544966419556e-15       5.672776689826e-16      -3.598731959916e-17 
 1422       1.169993861444e-10       1.829204630238e-12      -6.866572463172e-12       0.000000000000e+00       1.540744670202e-15       5.651748954006e-16      -3.522252285020e-17 
 1423       1.170394789142e-10       1.808576470070e-12      -6.774281862848e-12       0.000000000000e+00       1.536536975569e-15       5.630676878174e-16      -3.445844264165e-17 
 1424       1.170718999923e-10       1.788376483247e-12      -6.680927701812e-12       0.000000000000e+00       1.532343263700e-15       5.609587669172e-16      -3.369517063560e-17 
 1425       1.170966318157e-10       1.768608106050e-12      -6.586546114981e-12       0.000000000000e+00       1.528163489280e-15       5.588489080677e-16      -3.293277735988e-17 
 1426       1.171136786664e-10       1.749273419694e-12      -6.491173966271e-12       0.000000000000e+00       1.523997613190e-15       5.567384000969e-16      -3.217132828739e-17 
 1427       1.171230449843e-10       1.730374508697e-12      -6.394848341315e-12       0.000000000000e+00       1.519845595658e-15       5.546275333837e-16      -3.141088921648e-17 
 1428       1.171247353680e-10       1.711913460889e-12      -6.297606547861e-12       0.000000000000e+00       1.515707396260e-15       5.525165998601e-16      -3.065152627144e-17 
 1429       1.171187545741e-10       1.693892367403e-12      -6.199486116164e-12       0.000000000000e+00       1.511582973922e-15       5.504058930140e-16      -2.989330590304e-17 
 1430       1.171051075186e-10       1.676313322684e-12      -6.100524799389e-12       0.000000000000e+00       1.507472286911e-15       5.482957078917e-16      -2.913629488909e-17 
 1431       1.170837992768e-10       1.659178424485e-12      -6.000760574000e-12       0.000000000000e+00       1.503375292842e-15       5.461863411010e-16      -2.838056033497e-17 
 1432       1.170548350834e-10       1.642489773869e-12      -5.900231640161e-12       0.000000000000e+00       1.499291948670e-15       5.440780908132e-16      -2.762616967415e-17 
 1433       1.170182203335e-10       1.626249475209e-12      -5.798976422129e-12       0.000000000000e+00       1.495222210690e-15       5.419712567664e-16      -2.687319066876e-17 
 1434       1.169739605822e-10       1.610459636190e-12      -5.697033568653e-12       0.000000000000e+00       1.491166034541e-15       5.398661402675e-16      -2.612169141009e-17 
 1435       1.169220615457e-10       1.595122367809e-12      -5.594441953369e-12       0.000000000000e+00       1.487123375194e-15       5.377630441954e-16      -2.537174031917e-17 
 1436       1.168625291011e-10       1.580239784376e-12      -5.491240675194e-12       0.000000000000e+00       1.483094186962e-15       5.356622730034e-16      -2.462340614725e-17 
 1437       1.167953692870e-10       1.565814003513e-12      -5.387469058725e-12       0.000000000000e+00       1.479078423490e-15       5.335641327218e-16      -2.387675797642e-17 
 1438       1.167205883037e-10       1.551847146158e-12      -5.283166654636e-12       0.000000000000e+00       1.475076037759e-15       5.314689309606e-16      -2.313186522006e-17 
 1439       1.166381925139e-10       1.538341336562e-12      -5.178373240069e-12       0.000000000000e+00       1.471086982079e-15       5.293769769124e-16      -2.238879762344e-17 
 1440       1.165481884424e-10       1.525298702293e-12      -5.073128819035e-12       0.000000000000e+00       1.467111208093e-15       5.272885813546e-16      -2.164762526423e-17 
 1441       1.164505827773e-10       1.512721374233e-12      -4.967473622810e-12       0.000000000000e+00       1.463148666775e-15       5.252040566522e-16      -2.090841855304e-17 
 1442       1.163453823697e-10       1.500611486582e-12      -4.861448110327e-12       0.000000000000e+00       1.459199308423e-15       5.231237167607e-16      -2.017124823397e-17 
 1443       1.162325942343e-10       1.488971176858e-12      -4.755092968577e-12       0.000000000000e+00       1.455263082664e-15       5.210478772284e-16      -1.943618538514e-17 
 1444       1.161122255496e-10       1.477802585897e-12      -4.648449113002e-12       0.000000000000e+00       1.451339938451e-15       5.189768551994e-16      -1.870330141921e-17 
 1445       1.159842836585e-10       1.467107857853e-12      -4.541557687893e-12       0.000000000000e+00       1.447429824057e-15       5.169109694158e-16      -1.797266808396e-17 
 1446       1.158487760687e-10       1.456889140200e-12      -4.434460066785e-12       0.000000000000e+00       1.443532687081e-15       5.148505402209e-16      -1.724435746279e-17 
 1447       1.157057104525e-10       1.447148583732e-12      -4.327197852852e-12       0.000000000000e+00       1.439648474439e-15       5.127958895613e-16      -1.651844197526e-17 
 1448       1.155550946478e-10       1.437888342564e-12      -4.219812879306e-12       0.000000000000e+00       1.435777132369e-15       5.107473409899e-16      -1.579499437767e-17 
 1449       1.153969366582e-10       1.429110574133e-12      -4.112347209792e-12       0.000000000000e+00       1.431918606426e-15       5.087052196684e-16      -1.507408776353e-17 
 1450       1.152312446531e-10       1.420817439197e-12      -4.004843138784e-12       0.000000000000e+00       1.428072841481e-15       5.066698523701e-16      -1.435579556415e-17 
 1451       1.150580269686e-10       1.413011101839e-12      -3.897343191979e-12       0.000000000000e+00       1.424239781720e-15       5.046415674823e-16      -1.364019154917e-17 
 1452       1.148772921074e-10       1.405693729464e-12      -3.789890126698e-12       0.000000000000e+00       1.420419370641e-15       5.026206950092e-16      -1.292734982708e-17 
 1453       1.146890487393e-10       1.398867492802e-12      -3.682526932277e-12       0.000000000000e+00       1.416611551057e-15       5.006075665743e-16      -1.221734484577e-17 
 1454       1.144933057016e-10       1.392534565907e-12      -3.575296830466e-12       0.000000000000e+00       1.412816265089e-15       4.986025154235e-16      -1.151025139305e-17 
 1455       1.142900719993e-10       1.386697126160e-12      -3.468243275826e-12       0.000000000000e+00       1.409033454168e-15       4.966058764269e-16      -1.080614459724e-17 
 1456       1.140793568057e-10       1.381357354268e-12      -3.361409956121e-12       0.000000000000e+00       1.405263059031e-15       4.946179860825e-16      -1.010509992763e-17 
 1457       1.138611694627e-10       1.376517434266e-12      -3.254840792720e-12       0.000000000000e+00       1.401505019725e-15       4.926391825180e-16      -9.407193195083e-18 
 1458       1.136355194807e-10       1.372179553513e-12      -3.148579940988e-12       0.000000000000e+00       1.397759275597e-15       4.906698054940e-16      -8.712500552538e-18 
 1459       1.134024165397e-10       1.368345902701e-12      -3.042671790685e-12       0.000000000000e+00       1.394025765300e-15       4.887101964062e-16      -8.021098495563e-18 
 1460       1.131618704892e-10       1.365018675849e-12      -2.937160966360e-12       0.000000000000e+00       1.390304426788e-15       4.867606982884e-16      -7.333063862884e-18 
 1461       1.129138913485e-10       1.362200070306e-12      -2.832092327750e-12       0.000000000000e+00       1.386595197316e-15       4.848216558151e-16      -6.648473836929e-18 
 1462       1.126584893073e-10       1.359892286751e-12      -2.727510970174e-12       0.000000000000e+00       1.382898013438e-15       4.828934153038e-16      -5.967405944362e-18 
 1463       1.123956889130e-10       1.358096372820e-12      -2.623458944036e-12       0.000000000000e+00       1.379212816402e-15       4.809760258723e-16      -5.289928729488e-18 
 1464       1.121255717880e-10       1.356808741339e-12      -2.519965376656e-12       0.000000000000e+00       1.375539568414e-15       4.790683396357e-16      -4.616073671376e-18 
 1465       1.118482343400e-10       1.356024617282e-12      -2.417056252477e-12       0.000000000000e+00       1.371878236534e-15       4.771689025188e-16      -3.945862987061e-18 
 1466       1.115637736152e-10       1.355739190929e-12      -2.314757685207e-12       0.000000000000e+00       1.368228787295e-15       4.752762522721e-16      -3.279318933218e-18 
 1467       1.112722872991e-10       1.355947617795e-12      -2.213095918032e-12       0.000000000000e+00       1.364591186696e-15       4.733889184574e-16      -2.616463806176e-18 
 1468       1.109738737178e-10       1.356645018572e-12      -2.112097323830e-12       0.000000000000e+00       1.360965400207e-15       4.715054224341e-16      -1.957319941936e-18 
 1469       1.106686318393e-10       1.357826479063e-12      -2.011788405379e-12       0.000000000000e+00       1.357351392765e-15       4.696242773443e-16      -1.301909716185e-18 
 1470       1.103566612743e-10       1.359487050114e-12      -1.912195795576e-12       0.000000000000e+00       1.353749128772e-15       4.677439880996e-16      -6.502555443086e-19 
 1471       1.100380622774e-10       1.361621747556e-12      -1.813346257643e-12       0.000000000000e+00       1.350158572096e-15       4.658630513665e-16      -2.379881410395e-21 
 1472       1.097129357487e-10       1.364225552138e-12      -1.715266685343e-12       0.000000000000e+00       1.346579686068e-15       4.639799555524e-16       6.416947776755e-19 
 1473       1.093813832344e-10       1.367293409461e-12      -1.617984103191e-12       0.000000000000e+00       1.343012433481e-15       4.620931807916e-16       1.281945898368e-18 
 1474       1.090435069282e-10       1.370820229917e-12      -1.521525666666e-12       0.000000000000e+00       1.339456776591e-15       4.602011989310e-16       1.918350906325e-18 
 1475       1.086994096725e-10       1.374800888625e-12      -1.425918662425e-12       0.000000000000e+00       1.335912677114e-15       4.583024735164e-16       2.550887187428e-18 
 1476       1.083491949594e-10       1.379230225364e-12      -1.331190508513e-12       0.000000000000e+00       1.332380096223e-15       4.563954597777e-16       3.179532087763e-18 
 1477       1.079929669319e-10       1.384103044511e-12      -1.237368754578e-12       0.000000000000e+00       1.328858994552e-15       4.544786046157e-16       3.804262913614e-18 
 1478       1.076308303852e-10       1.389414114977e-12      -1.144481082080e-12       0.000000000000e+00       1.325349332190e-15       4.525503465872e-16       4.425056931439e-18 
 1479       1.072628907675e-10       1.395158170141e-12      -1.052555304508e-12       0.000000000000e+00       1.321851068682e-15       4.506091158915e-16       5.041891367858e-18 
 1480       1.068892541815e-10       1.401329907789e-12      -9.616193675858e-13       0.000000000000e+00       1.318364163028e-15       4.486533343559e-16       5.654743409640e-18 
 1481       1.065100273855e-10       1.407923990047e-12      -8.717013494913e-13       0.000000000000e+00       1.314888573681e-15       4.466814154219e-16       6.263590203685e-18 
 1482       1.061253177941e-10       1.414935043318e-12      -7.828294610638e-13       0.000000000000e+00       1.311424258546e-15       4.446917641308e-16       6.868408857009e-18 
 1483       1.057352334802e-10       1.422357658219e-12      -6.950320460187e-13       0.000000000000e+00       1.307971174980e-15       4.426827771098e-16       7.469176436730e-18 
 1484       1.053398831753e-10       1.430186389514e-12      -6.083375811590e-13       0.000000000000e+00       1.304529279788e-15       4.406528425580e-16       8.065869970054e-18 
 1485       1.049393762711e-10       1.438415756054e-12      -5.227746765880e-13       0.000000000000e+00       1.301098529227e-15       4.386003402320e-16       8.658466444255e-18 
 1486       1.045338228205e-10       1.447040240709e-12      -4.383720759212e-13       0.000000000000e+00       1.297678879000e-15       4.365236414322e-16       9.246942806665e-18 
 1487       1.041233335390e-10       1.456054290306e-12      -3.551586564992e-13       0.000000000000e+00       1.294270284254e-15       4.344211089884e-16       9.831275964655e-18 
 1488       1.037080198054e-10       1.465452315564e-12      -2.731634295994e-13       0.000000000000e+00       1.290872699585e-15       4.322910972456e-16       1.041144278562e-17 
 1489       1.032879936634e-10       1.475228691032e-12      -1.924155406490e-13       0.000000000000e+00       1.287486079032e-15       4.301319520503e-16       1.098742009698e-17 
 1490       1.028633678224e-10       1.485377755021e-12      -1.129442694366e-13       0.000000000000e+00       1.284110376077e-15       4.279420107363e-16       1.155918468612e-17 
 1491       1.024342556589e-10       1.495893809544e-12      -3.477903032512e-14       0.000000000000e+00       1.280745543643e-15       4.257196021101e-16       1.212671330043e-17 
 1492       1.020007712173e-10       1.506771120248e-12       4.205062753625e-14       0.000000000000e+00       1.277391534095e-15       4.234630464377e-16       1.268998264726e-17 
 1493       1.015630292118e-10       1.518003916354e-12       1.175150199995e-13       0.000000000000e+00       1.274048299237e-15       4.211706554296e-16       1.324896939390e-17 
 1494       1.011211450264e-10       1.529586390590e-12       1.915843277057e-13       0.000000000000e+00       1.270715790311e-15       4.188407322274e-16       1.380365016759e-17 
 1495       1.006752347173e-10       1.541512699126e-12       2.642285958724e-13       0.000000000000e+00       1.267393957997e-15       4.164715713893e-16       1.435400155547e-17 
 1496       1.002254150129e-10       1.553776961515e-12       3.354177340815e-13       0.000000000000e+00       1.264082752412e-15       4.140614588761e-16       1.490000010460e-17 
 1497       9.977180331588e-11       1.566373260623e-12       4.051215160669e-13       0.000000000000e+00       1.260782123106e-15       4.116086720372e-16       1.544162232192e-17 
 1498       9.931451770376e-11       1.579295642568e-12       4.733095795020e-13       0.000000000000e+00       1.257492019064e-15       4.091114795964e-16       1.597884467424e-17 
 1499       9.885367693029e-11       1.592538116655e-12       5.399514257879e-13       0.000000000000e+00       1.254212388704e-15       4.065681416378e-16       1.651164358824e-17 
 1500       9.838940042655e-11       1.606094655314e-12       6.050164198402e-13       0.000000000000e+00       1.250943179874e-15       4.039769095918e-16       1.703999545044e-17 
 1501       9.792180830209e-11       1.619959194031e-12       6.684737898776e-13       0.000000000000e+00       1.247684339854e-15       4.013360262209e-16       1.756387660718e-17 
 1502       9.745102164500e-11       1.634125295263e-12       7.302973721395e-13       0.000000000000e+00       1.244435819774e-15       3.986443453144e-16       1.808326329942e-17 
 1503       9.697716342292e-11       1.648585136717e-12       7.904798960100e-13       0.000000000000e+00       1.241197587926e-15       3.959031974014e-16       1.859813146646e-17 
 1504       9.650035759311e-11       1.663330513087e-12       8.490188375825e-13       0.000000000000e+00       1.237969616580e-15       3.931145421781e-16       1.910845694029e-17 
 1505       9.602072880544e-11       1.678353171106e-12       9.059116873923e-13       0.000000000000e+00       1.234751877572e-15       3.902803504672e-16       1.961421551057e-17 
 1506       9.553840240361e-11       1.693644809466e-12       9.611559504569e-13       0.000000000000e+00       1.231544342307e-15       3.874026042360e-16       2.011538292461e-17 
 1507       9.505350442630e-11       1.709197078734e-12       1.014749146315e-12       0.000000000000e+00       1.228346981754e-15       3.844832966159e-16       2.061193488737e-17 
 1508       9.456616160832e-11       1.725001581269e-12       1.066688809069e-12       0.000000000000e+00       1.225159766447e-15       3.815244319210e-16       2.110384706145e-17 
 1509       9.407650138178e-11       1.741049871142e-12       1.116972487420e-12       0.000000000000e+00       1.221982666484e-15       3.785280256667e-16       2.159109506702e-17 
 1510       9.358465187728e-11       1.757333454054e-12       1.165597744712e-12       0.000000000000e+00       1.218815651525e-15       3.754961045891e-16       2.207365448185e-17 
 1511       9.309074192502e-11       1.773843787252e-12       1.212562158973e-12       0.000000000000e+00       1.215658690793e-15       3.724307066633e-16       2.255150084130e-17 
 1512       9.259490105602e-11       1.790572279450e-12       1.257863322948e-12       0.000000000000e+00       1.212511753072e-15       3.693338811225e-16       2.302460963824e-17 
 1513       9.209725950326e-11       1.807510290743e-12       1.301498844146e-12       0.000000000000e+00       1.209374806704e-15       3.662076884768e-16       2.349295632309e-17 
 1514       9.159794820283e-11       1.824649132531e-12       1.343466344876e-12       0.000000000000e+00       1.206247819593e-15       3.630542005323e-16       2.395651630378e-17 
 1515       9.109709879513e-11       1.841980067430e-12       1.383763462289e-12       0.000000000000e+00       1.203130759201e-15       3.598755004094e-16       2.441526494574e-17 
 1516       9.059484362600e-11       1.859494309196e-12       1.422387848417e-12       0.000000000000e+00       1.200023592545e-15       3.566736825620e-16       2.486917757184e-17 
 1517       9.009131574790e-11       1.877183022640e-12       1.459337170212e-12       0.000000000000e+00       1.196926286201e-15       3.534508527965e-16       2.531822946244e-17 
 1518       8.958664892107e-11       1.895037323546e-12       1.494609109588e-12       0.000000000000e+00       1.193838806299e-15       3.502091282903e-16       2.576239585533e-17 
 1519       8.908097761472e-11       1.913048278589e-12       1.528201363457e-12       0.000000000000e+00       1.190761118524e-15       3.469506376108e-16       2.620165194570e-17 
 1520       8.857443700813e-11       1.931206905257e-12       1.560111643774e-12       0.000000000000e+00       1.187693188115e-15       3.436775207342e-16       2.663597288616e-17 
 1521       8.806716299189e-11       1.949504171761e-12       1.590337677574e-12       0.000000000000e+00       1.184634979864e-15       3.403919290644e-16       2.706533378667e-17 
 1522       8.755929216902e-11       1.967930996962e-12       1.618877207012e-12       0.000000000000e+00       1.181586458114e-15       3.370960254519e-16       2.748970971460e-17 
 1523       8.705096185613e-11       1.986478250283e-12       1.645727989404e-12       0.000000000000e+00       1.178547586759e-15       3.337919842126e-16       2.790907569461e-17 
 1524       8.654231008463e-11       2.005136751627e-12       1.670887797265e-12       0.000000000000e+00       1.175518329244e-15       3.304819911465e-16       2.832340670871e-17 
 1525       8.603347560182e-11       2.023897271301e-12       1.694354418351e-12       0.000000000000e+00       1.172498648563e-15       3.271682435566e-16       2.873267769622e-17 
 1526       8.552459787214e-11       2.042750529926e-12       1.716125655696e-12       0.000000000000e+00       1.169488507256e-15       3.238529502680e-16       2.913686355375e-17 
 1527       8.501581707826e-11       2.061687198362e-12       1.736199327657e-12       0.000000000000e+00       1.166487867414e-15       3.205383316465e-16       2.953593913514e-17 
 1528       8.450727412229e-11       2.080697897620e-12       1.754573267947e-12       0.000000000000e+00       1.163496690672e-15       3.172266196175e-16       2.992987925153e-17 
 1529       8.399911062693e-11       2.099773198786e-12       1.771245325683e-12       0.000000000000e+00       1.160514938211e-15       3.139200576846e-16       3.031865867125e-17 
 1530       8.349146893663e-11       2.118903622933e-12       1.786213365418e-12       0.000000000000e+00       1.157542570756e-15       3.106209009492e-16       3.070225211988e-17 
 1531       8.298449211876e-11       2.138079641045e-12       1.799475267186e-12       0.000000000000e+00       1.154579548577e-15       3.073314161283e-16       3.108063428015e-17 
 1532       8.247832396477e-11       2.157291673931e-12       1.811028926539e-12       0.000000000000e+00       1.151625831484e-15       3.040538815743e-16       3.145377979201e-17 
 1533       8.197310899137e-11       2.176530092143e-12       1.820872254590e-12       0.000000000000e+00       1.148681378833e-15       3.007905872932e-16       3.182166325252e-17 
 1534       8.146899244165e-11       2.195785215897e-12       1.829003178050e-12       0.000000000000e+00       1.145746149517e-15       2.975438349636e-16       3.218425921591e-17 
 1535       8.096612028632e-11       2.215047314987e-12       1.835419639269e-12       0.000000000000e+00       1.142820101971e-15       2.943159379560e-16       3.254154219353e-17 
 1536       8.046463922480e-11       2.234306608708e-12       1.840119596277e-12       0.000000000000e+00       1.139903194169e-15       2.911092213508e-16       3.289348665380e-17 
 1537       7.996469668642e-11       2.253553265770e-12       1.843101022820e-12       0.000000000000e+00       1.136995383622e-15       2.879260219579e-16       3.324006702226e-17 
 1538       7.946644083158e-11       2.272777404217e-12       1.844361908407e-12       0.000000000000e+00       1.134096627380e-15       2.847686883352e-16       3.358125768147e-17 
 1539       7.897002055291e-11       2.291969091345e-12       1.843900258342e-12       0.000000000000e+00       1.131206882027e-15       2.816395808075e-16       3.391703297108e-17 
 1540       7.847558547645e-11       2.311118343621e-12       1.841714093768e-12       0.000000000000e+00       1.128326103685e-15       2.785410714852e-16       3.424736718773e-17 
 1541       7.798327422643e-11       2.330215698439e-12       1.837804937586e-12       0.000000000000e+00       1.125454251602e-15       2.754750682150e-16       3.457223967323e-17 
 1542       7.749317909548e-11       2.349253935481e-12       1.832188308316e-12       0.000000000000e+00       1.122591298976e-15       2.724415814497e-16       3.489165013183e-17 
 1543       7.700538104140e-11       2.368226371534e-12       1.824883325926e-12       0.000000000000e+00       1.119737222234e-15       2.694401438119e-16       3.520560345832e-17 
 1544       7.651996139363e-11       2.387126290079e-12       1.815909235207e-12       0.000000000000e+00       1.116891997446e-15       2.664702849229e-16       3.551410466327e-17 
 1545       7.603700185385e-11       2.405946941238e-12       1.805285405992e-12       0.000000000000e+00       1.114055600326e-15       2.635315313972e-16       3.581715887328e-17 
 1546       7.555658449653e-11       2.424681541723e-12       1.793031333371e-12       0.000000000000e+00       1.111228006231e-15       2.606234068377e-16       3.611477133125e-17 
 1547       7.507879176950e-11       2.443323274781e-12       1.779166637905e-12       0.000000000000e+00       1.108409190159e-15       2.577454318303e-16       3.640694739658e-17 
 1548       7.460370649453e-11       2.461865290141e-12       1.763711065846e-12       0.000000000000e+00       1.105599126749e-15       2.548971239386e-16       3.669369254542e-17 
 1549       7.413141186792e-11       2.480300703963e-12       1.746684489347e-12       0.000000000000e+00       1.102797790280e-15       2.520779976989e-16       3.697501237091e-17 
 1550       7.366199146103e-11       2.498622598782e-12       1.728106906685e-12       0.000000000000e+00       1.100005154671e-15       2.492875646149e-16       3.725091258343e-17 
 1551       7.319552922090e-11       2.516824023456e-12       1.707998442470e-12       0.000000000000e+00       1.097221193481e-15       2.465253331525e-16       3.752139901082e-17 
 1552       7.273210947077e-11       2.534897993115e-12       1.686379347867e-12       0.000000000000e+00       1.094445879904e-15       2.437908087347e-16       3.778647759863e-17 
 1553       7.227181691070e-11       2.552837489104e-12       1.663270000807e-12       0.000000000000e+00       1.091679186775e-15       2.410834937362e-16       3.804615441034e-17 
 1554       7.181473661810e-11       2.570635458934e-12       1.638690906206e-12       0.000000000000e+00       1.088921086563e-15       2.384028874787e-16       3.830043562763e-17 
 1555       7.136095404834e-11       2.588284816225e-12       1.612662696182e-12       0.000000000000e+00       1.086171551375e-15       2.357484862248e-16       3.854932755059e-17 
 1556       7.091055503529e-11       2.605778440657e-12       1.585206130265e-12       0.000000000000e+00       1.083430552950e-15       2.331197831737e-16       3.879283659796e-17 
 1557       7.046362579190e-11       2.623109177913e-12       1.556342095619e-12       0.000000000000e+00       1.080698062664e-15       2.305162684557e-16       3.903096930741e-17 
 1558       7.002025291079e-11       2.640269839628e-12       1.526091607258e-12       0.000000000000e+00       1.077974051527e-15       2.279374291267e-16       3.926373233571e-17 
 1559       6.958052336481e-11       2.657253203336e-12       1.494475808255e-12       0.000000000000e+00       1.075258490180e-15       2.253827491634e-16       3.949113245901e-17 
 1560       6.914452450760e-11       2.674052012416e-12       1.461515969968e-12       0.000000000000e+00       1.072551348897e-15       2.228517094581e-16       3.971317657309e-17 
 1561       6.871234407416e-11       2.690658976041e-12       1.427233492246e-12       0.000000000000e+00       1.069852597585e-15       2.203437878130e-16       3.992987169357e-17 
 1562       6.828407018145e-11       2.707066769122e-12       1.391649903652e-12       0.000000000000e+00       1.067162205779e-15       2.178584589358e-16       4.014122495614e-17 
 1563       6.785979132895e-11       2.723268032255e-12       1.354786861677e-12       0.000000000000e+00       1.064480142646e-15       2.153951944337e-16       4.034724361685e-17 
 1564       6.743959639920e-11       2.739255371671e-12       1.316666152954e-12       0.000000000000e+00       1.061806376982e-15       2.129534628089e-16       4.054793505229e-17 
 1565       6.702357465842e-11       2.755021359181e-12       1.277309693477e-12       0.000000000000e+00       1.059140877211e-15       2.105327294528e-16       4.074330675987e-17 
 1566       6.661181575704e-11       2.770558532123e-12       1.236739528812e-12       0.000000000000e+00       1.056483611385e-15       2.081324566413e-16       4.093336635802e-17 
 1567       6.620440973032e-11       2.785859393307e-12       1.194977834321e-12       0.000000000000e+00       1.053834547184e-15       2.057521035292e-16       4.111812158647e-17 
 1568       6.580144699886e-11       2.800916410967e-12       1.152046915370e-12       0.000000000000e+00       1.051193651912e-15       2.033911261454e-16       4.129758030645e-17 
 1569       6.540301836923e-11       2.815722018702e-12       1.107969207549e-12       0.000000000000e+00       1.048560892502e-15       2.010489773873e-16       4.147175050098e-17 
 1570       6.500921503449e-11       2.830268615427e-12       1.062767276886e-12       0.000000000000e+00       1.045936235509e-15       1.987251070161e-16       4.164064027502e-17 
 1571       6.462012857481e-11       2.844548565318e-12       1.016463820067e-12       0.000000000000e+00       1.043319647114e-15       1.964189616508e-16       4.180425785582e-17 
 1572       6.423585095801e-11       2.858554197759e-12       9.690816646459e-13       0.000000000000e+00       1.040711093120e-15       1.941299847641e-16       4.196261159307e-17 
 1573       6.385647454012e-11       2.872277807292e-12       9.206437692647e-13       0.000000000000e+00       1.038110538953e-15       1.918576166762e-16       4.211570995917e-17 
 1574       6.348209206602e-11       2.885711653557e-12       8.711732238682e-13       0.000000000000e+00       1.035517949661e-15       1.896012945501e-16       4.226356154947e-17 
 1575       6.311279666992e-11       2.898847961247e-12       8.206932499198e-13       0.000000000000e+00       1.032933289915e-15       1.873604523865e-16       4.240617508251e-17 
 1576       6.274868187599e-11       2.911678920049e-12       7.692272006177e-13       0.000000000000e+00       1.030356524004e-15       1.851345210181e-16       4.254355940025e-17 
 1577       6.238984159891e-11       2.924196684594e-12       7.167985611107e-13       0.000000000000e+00       1.027787615839e-15       1.829229281052e-16       4.267572346833e-17 
 1578       6.203637014448e-11       2.936393374403e-12       6.634309487141e-13       0.000000000000e+00       1.025226528946e-15       1.807250981295e-16       4.280267637626e-17 
 1579       6.168836221011e-11       2.948261073833e-12       6.091481131258e-13       0.000000000000e+00       1.022673226475e-15       1.785404523899e-16       4.292442733771e-17 
 1580       6.134589749815e-11       2.959792886119e-12       5.539744353201e-13       0.000000000000e+00       1.020127674141e-15       1.763684803664e-16       4.304098783712e-17 
 1581       6.100899439864e-11       2.970986106283e-12       4.979364288481e-13       0.000000000000e+00       1.017589849121e-15       1.742089545481e-16       4.315237809090e-17 
 1582       6.067765587881e-11       2.981839077495e-12       4.410612528675e-13       0.000000000000e+00       1.015059731242e-15       1.720617175842e-16       4.325862064653e-17 
 1583       6.035188483135e-11       2.992350139643e-12       3.833762149651e-13       0.000000000000e+00       1.012537300035e-15       1.699266110927e-16       4.335973824191e-17 
 1584       6.003168407424e-11       3.002517629332e-12       3.249087713974e-13       0.000000000000e+00       1.010022534737e-15       1.678034756590e-16       4.345575380576e-17 
 1585       5.971705635056e-11       3.012339879881e-12       2.656865273302e-13       0.000000000000e+00       1.007515414289e-15       1.656921508338e-16       4.354669045792e-17 
 1586       5.940800432834e-11       3.021815221319e-12       2.057372370782e-13       0.000000000000e+00       1.005015917334e-15       1.635924751315e-16       4.363257150967e-17 
 1587       5.910453060040e-11       3.030941980384e-12       1.450888043453e-13       0.000000000000e+00       1.002524022221e-15       1.615042860284e-16       4.371342046413e-17 
 1588       5.880663768413e-11       3.039718480521e-12       8.376928246448e-14       0.000000000000e+00       1.000039706998e-15       1.594274199607e-16       4.378926101655e-17 
 1589       5.851432802143e-11       3.048143041879e-12       2.180687463731e-14       0.000000000000e+00       9.975629494159e-16       1.573617123233e-16       4.386011705469e-17 
 1590       5.822760397841e-11       3.056213981307e-12      -4.077006582575e-14       0.000000000000e+00       9.950937269280e-16       1.553069974674e-16       4.392601265914e-17 
 1591       5.794646784532e-11       3.063929612354e-12      -1.039330352657e-13       0.000000000000e+00       9.926320166866e-16       1.532631086991e-16       4.398697210365e-17 
 1592       5.767092183637e-11       3.071288245266e-12      -1.676533794349e-13       0.000000000000e+00       9.901777955443e-16       1.512298782777e-16       4.404301985550e-17 
 1593       5.740096808949e-11       3.078288186981e-12      -2.319022932575e-13       0.000000000000e+00       9.877310400531e-16       1.492071374136e-16       4.409418057583e-17 
 1594       5.713660866626e-11       3.084927741131e-12      -2.966508205892e-13       0.000000000000e+00       9.852917264639e-16       1.471947162666e-16       4.414047911996e-17 
 1595       5.687784555169e-11       3.091205208036e-12      -3.618698539775e-13       0.000000000000e+00       9.828598307255e-16       1.451924439446e-16       4.418194053778e-17 
 1596       5.662468065404e-11       3.097118884702e-12      -4.275301344220e-13       0.000000000000e+00       9.804353284844e-16       1.432001485011e-16       4.421859007403e-17 
 1597       5.637711580469e-11       3.102667064821e-12      -4.936022511342e-13       0.000000000000e+00       9.780181950843e-16       1.412176569342e-16       4.425045316869e-17 
 1598       5.613515275795e-11       3.107848038766e-12      -5.600566412978e-13       0.000000000000e+00       9.756084055648e-16       1.392447951840e-16       4.427755545731e-17 
 1599       5.589879319090e-11       3.112660093587e-12      -6.268635898286e-13       0.000000000000e+00       9.732059346617e-16       1.372813881316e-16       4.429992277134e-17 
 1600       5.566803870322e-11       3.117101513015e-12      -6.939932291349e-13       0.000000000000e+00       9.708107568058e-16       1.353272595969e-16       4.431758113847e-17 
 1601       5.544289081701e-11       3.121170577453e-12      -7.614155388774e-13       0.000000000000e+00       9.684228461226e-16       1.333822323370e-16       4.433055678299e-17 
 1602       5.522335097666e-11       3.124865563977e-12      -8.291003457295e-13       0.000000000000e+00       9.660421764316e-16       1.314461280442e-16       4.433887612612e-17 
 1603       5.500942054864e-11       3.128184746331e-12      -8.970173231371e-13       0.000000000000e+00       9.636687212458e-16       1.295187673445e-16       4.434256578634e-17 
 1604       5.480110082135e-11       3.131126394927e-12      -9.651359910790e-13       0.000000000000e+00       9.613024537707e-16       1.275999697959e-16       4.434165257975e-17 
 1605       5.459839300495e-11       3.133688776843e-12      -1.033425715827e-12       0.000000000000e+00       9.589433469046e-16       1.256895538862e-16       4.433616352041e-17 
 1606       5.440129823120e-11       3.135870155817e-12      -1.101855709706e-12       0.000000000000e+00       9.565913732370e-16       1.237873370317e-16       4.432612582066e-17 
 1607       5.420981755329e-11       3.137668792248e-12      -1.170395030853e-12       0.000000000000e+00       9.542465050486e-16       1.218931355750e-16       4.431156689150e-17 
 1608       5.402395194566e-11       3.139082943193e-12      -1.239012582979e-12       0.000000000000e+00       9.519087143107e-16       1.200067647838e-16       4.429251434289e-17 
 1609       5.384370230386e-11       3.140110862361e-12      -1.307677115130e-12       0.000000000000e+00       9.495779726842e-16       1.181280388486e-16       4.426899598412e-17 
 1610       5.366906944433e-11       3.140750800116e-12      -1.376357221442e-12       0.000000000000e+00       9.472542515196e-16       1.162567708810e-16       4.424103982413e-17 
 1611       5.350005410430e-11       3.141001003472e-12      -1.445021340908e-12       0.000000000000e+00       9.449375218559e-16       1.143927729124e-16       4.420867407188e-17 
 1612       5.333665694157e-11       3.140859716090e-12      -1.513637757131e-12       0.000000000000e+00       9.426277544203e-16       1.125358558915e-16       4.417192713666e-17 
 1613       5.317887853438e-11       3.140325178274e-12      -1.582174598092e-12       0.000000000000e+00       9.403249196274e-16       1.106858296833e-16       4.413082762845e-17 
 1614       5.302671938121e-11       3.139395626973e-12      -1.650599835902e-12       0.000000000000e+00       9.380289875788e-16       1.088425030668e-16       4.408540435825e-17 
 1615       5.288017990061e-11       3.138069295777e-12      -1.718881286568e-12       0.000000000000e+00       9.357399280624e-16       1.070056837332e-16       4.403568633844e-17 
 1616       5.273926043109e-11       3.136344414911e-12      -1.786986609752e-12       0.000000000000e+00       9.334577105520e-16       1.051751782848e-16       4.398170278311e-17 
 1617       5.260396123087e-11       3.134219211236e-12      -1.854883308527e-12       0.000000000000e+00       9.311823042062e-16       1.033507922322e-16       4.392348310839e-17 
 1618       5.247428247779e-11       3.131691908248e-12      -1.922538729144e-12       0.000000000000e+00       9.289136778685e-16       1.015323299935e-16       4.386105693281e-17 
 1619       5.235021382226e-11       3.128761627837e-12      -1.989922334833e-12       0.000000000000e+00       9.266518025047e-16       9.971973815581e-17       4.379445447821e-17 
 1620       5.223170294344e-11       3.125431104506e-12      -2.057012550187e-12       0.000000000000e+00       9.243966585424e-16       9.791353668098e-17       4.372370777573e-17 
 1621       5.211868670862e-11       3.121703995673e-12      -2.123789978148e-12       0.000000000000e+00       9.221482285968e-16       9.611439159297e-17       4.364884947142e-17 
 1622       5.201110159361e-11       3.117583982174e-12      -2.190235131440e-12       0.000000000000e+00       9.199064950377e-16       9.432297207240e-17       4.356991242697e-17 
 1623       5.190888368208e-11       3.113074768300e-12      -2.256328432434e-12       0.000000000000e+00       9.176714399891e-16       9.253995046137e-17       4.348692972011e-17 
 1624       5.181196866496e-11       3.108180081837e-12      -2.322050213008e-12       0.000000000000e+00       9.154430453287e-16       9.076600226821e-17       4.339993464492e-17 
 1625       5.172029183972e-11       3.102903674101e-12      -2.387380714416e-12       0.000000000000e+00       9.132212926875e-16       8.900180617229e-17       4.330896071224e-17 
 1626       5.163378810979e-11       3.097249319983e-12      -2.452300087147e-12       0.000000000000e+00       9.110061634490e-16       8.724804402881e-17       4.321404165000e-17 
 1627       5.155239198389e-11       3.091220817981e-12      -2.516788390796e-12       0.000000000000e+00       9.087976387490e-16       8.550540087358e-17       4.311521140361e-17 
 1628       5.147603757536e-11       3.084821990245e-12      -2.580825593920e-12       0.000000000000e+00       9.065956994753e-16       8.377456492779e-17       4.301250413626e-17 
 1629       5.140465860157e-11       3.078056682611e-12      -2.644391573908e-12       0.000000000000e+00       9.044003262667e-16       8.205622760282e-17       4.290595422935e-17 
 1630       5.133818838323e-11       3.070928764642e-12      -2.707466116846e-12       0.000000000000e+00       9.022114995129e-16       8.035108350504e-17       4.279559628281e-17 
 1631       5.127655984376e-11       3.063442129669e-12      -2.770028917374e-12       0.000000000000e+00       9.000291993541e-16       7.865983044055e-17       4.268146511544e-17 
 1632       5.121970550863e-11       3.055600694823e-12      -2.832059578557e-12       0.000000000000e+00       8.978534056799e-16       7.698316942002e-17       4.256359576535e-17 
 1633       5.116755750475e-11       3.047408401083e-12      -2.893537611748e-12       0.000000000000e+00       8.956840981298e-16       7.532180466343e-17       4.244202349022e-17 
 1634       5.112004755977e-11       3.038869213306e-12      -2.954442436450e-12       0.000000000000e+00       8.935212560919e-16       7.367644360489e-17       4.231678376773e-17 
 1635       5.107710700150e-11       3.029987120272e-12      -3.014753380180e-12       0.000000000000e+00       8.913648587026e-16       7.204779689743e-17       4.218791229588e-17 
 1636       5.103866675721e-11       3.020766134720e-12      -3.074449678336e-12       0.000000000000e+00       8.892148848464e-16       7.043657841775e-17       4.205544499339e-17 
 1637       5.100465735301e-11       3.011210293388e-12      -3.133510474059e-12       0.000000000000e+00       8.870713131553e-16       6.884350527105e-17       4.191941800001e-17 
 1638       5.097500891318e-11       3.001323657051e-12      -3.191914818098e-12       0.000000000000e+00       8.849341220082e-16       6.726929779579e-17       4.177986767693e-17 
 1639       5.094965115959e-11       2.991110310560e-12      -3.249641668674e-12       0.000000000000e+00       8.828032895303e-16       6.571467956850e-17       4.163683060709e-17 
 1640       5.092851341095e-11       2.980574362880e-12      -3.306669891343e-12       0.000000000000e+00       8.806787935931e-16       6.418037740852e-17       4.149034359558e-17 
 1641       5.091152458227e-11       2.969719947131e-12      -3.362978258861e-12       0.000000000000e+00       8.785606118133e-16       6.266712138285e-17       4.134044366997e-17 
 1642       5.089861318413e-11       2.958551220625e-12      -3.418545451050e-12       0.000000000000e+00       8.764487215531e-16       6.117564481090e-17       4.118716808072e-17 
 1643       5.088970732211e-11       2.947072364905e-12      -3.473350054659e-12       0.000000000000e+00       8.743430999188e-16       5.970668426929e-17       4.103055430146e-17 
 1644       5.088473469606e-11       2.935287585784e-12      -3.527370563230e-12       0.000000000000e+00       8.722437237611e-16       5.826097959662e-17       4.087064002943e-17 
 1645       5.088362259955e-11       2.923201113385e-12      -3.580585376962e-12       0.000000000000e+00       8.701505696740e-16       5.683927389827e-17       4.070746318576e-17 
 1646       5.088629791913e-11       2.910817202179e-12      -3.632972802575e-12       0.000000000000e+00       8.680636139951e-16       5.544231355120e-17       4.054106191593e-17 
 1647       5.089268713375e-11       2.898140131020e-12      -3.684511053172e-12       0.000000000000e+00       8.659828328041e-16       5.407084820871e-17       4.037147459002e-17 
 1648       5.090271631410e-11       2.885174203192e-12      -3.735178248108e-12       0.000000000000e+00       8.639082019233e-16       5.272563080525e-17       4.019873980316e-17 
 1649       5.091631112194e-11       2.871923746440e-12      -3.784952412851e-12       0.000000000000e+00       8.618396969164e-16       5.140741756118e-17       4.002289637583e-17 
 1650       5.093339680950e-11       2.858393113013e-12      -3.833811478845e-12       0.000000000000e+00       8.597772930885e-16       5.011696798761e-17       3.984398335424e-17 
 1651       5.095389821876e-11       2.844586679703e-12      -3.881733283376e-12       0.000000000000e+00       8.577209654853e-16       4.885504489112e-17       3.966204001072e-17 
 1652       5.097773978091e-11       2.830508847880e-12      -3.928695569437e-12       0.000000000000e+00       8.556706888928e-16       4.762241437859e-17       3.947710584403e-17 
 1653       5.100484551559e-11       2.816164043536e-12      -3.974675985590e-12       0.000000000000e+00       8.536264378367e-16       4.641984586197e-17       3.928922057973e-17 
 1654       5.103513903034e-11       2.801556717318e-12      -4.019652085832e-12       0.000000000000e+00       8.515881865821e-16       4.524811206311e-17       3.909842417058e-17 
 1655       5.106854351990e-11       2.786691344574e-12      -4.063601329456e-12       0.000000000000e+00       8.495559091329e-16       4.410798901845e-17       3.890475679684e-17 
 1656       5.110498176558e-11       2.771572425385e-12      -4.106501080921e-12       0.000000000000e+00       8.475295792311e-16       4.300025608392e-17       3.870825886669e-17 
 1657       5.114437613461e-11       2.756204484607e-12      -4.148328609709e-12       0.000000000000e+00       8.455091703569e-16       4.192569593966e-17       3.850897101654e-17 
 1658       5.118664787708e-11       2.740592345187e-12      -4.189064506362e-12       0.000000000000e+00       8.434946577566e-16       4.088487932734e-17       3.830693253871e-17 
 1659       5.123171501125e-11       2.724741950665e-12      -4.228702963806e-12       0.000000000000e+00       8.414860245483e-16       3.987751717522e-17       3.810217664852e-17 
 1660       5.127949441828e-11       2.708659550006e-12      -4.267241586478e-12       0.000000000000e+00       8.394832556699e-16       3.890310276565e-17       3.789473517614e-17 
 1661       5.132990254232e-11       2.692351425034e-12      -4.304677982409e-12       0.000000000000e+00       8.374863358535e-16       3.796112647911e-17       3.768464013580e-17 
 1662       5.138285538976e-11       2.675823890480e-12      -4.341009763232e-12       0.000000000000e+00       8.354952496259e-16       3.705107578962e-17       3.747192372611e-17 
 1663       5.143826852865e-11       2.659083294037e-12      -4.376234544199e-12       0.000000000000e+00       8.335099813078e-16       3.617243526006e-17       3.725661833028e-17 
 1664       5.149605708795e-11       2.642136016406e-12      -4.410349944195e-12       0.000000000000e+00       8.315305150137e-16       3.532468653766e-17       3.703875651649e-17 
 1665       5.155613575687e-11       2.624988471350e-12      -4.443353585746e-12       0.000000000000e+00       8.295568346510e-16       3.450730834931e-17       3.681837103814e-17 
 1666       5.161841878422e-11       2.607647105744e-12      -4.475243095038e-12       0.000000000000e+00       8.275889239202e-16       3.371977649703e-17       3.659549483414e-17 
 1667       5.168281997771e-11       2.590118399624e-12      -4.506016101928e-12       0.000000000000e+00       8.256267663142e-16       3.296156385331e-17       3.637016102922e-17 
 1668       5.174925270328e-11       2.572408866241e-12      -4.535670239957e-12       0.000000000000e+00       8.236703451178e-16       3.223214035653e-17       3.614240293419e-17 
 1669       5.181762988441e-11       2.554525052109e-12      -4.564203146362e-12       0.000000000000e+00       8.217196434077e-16       3.153097300637e-17       3.591225404628e-17 
 1670       5.188786400148e-11       2.536473537057e-12      -4.591612462091e-12       0.000000000000e+00       8.197746440515e-16       3.085752585916e-17       3.567974804937e-17 
 1671       5.195986709107e-11       2.518260934278e-12      -4.617895831816e-12       0.000000000000e+00       8.178353297080e-16       3.021126002333e-17       3.544491881435e-17 
 1672       5.203355074525e-11       2.499893890383e-12      -4.643050903946e-12       0.000000000000e+00       8.159016828265e-16       2.959163365478e-17       3.520780039933e-17 
 1673       5.210882611099e-11       2.481379085449e-12      -4.667075330638e-12       0.000000000000e+00       8.139736856461e-16       2.899810195226e-17       3.496842705003e-17 
 1674       5.218560388939e-11       2.462723233070e-12      -4.689966767815e-12       0.000000000000e+00       8.120513201958e-16       2.843011715280e-17       3.472683319997e-17 
 1675       5.226379433507e-11       2.443933080409e-12      -4.711722875175e-12       0.000000000000e+00       8.101345682940e-16       2.788712852707e-17       3.448305347082e-17 
 1676       5.234330725546e-11       2.425015408248e-12      -4.732341316204e-12       0.000000000000e+00       8.082234115477e-16       2.736858237482e-17       3.423712267270e-17 
 1677       5.242405201014e-11       2.405977031039e-12      -4.751819758195e-12       0.000000000000e+00       8.063178313528e-16       2.687392202022e-17       3.398907580442e-17 
 1678       5.250593751015e-11       2.386824796954e-12      -4.770155872251e-12       0.000000000000e+00       8.044178088931e-16       2.640258780731e-17       3.373894805382e-17 
 1679       5.258887221734e-11       2.367565587936e-12      -4.787347333310e-12       0.000000000000e+00       8.025233251401e-16       2.595401709537e-17       3.348677479805e-17 
 1680       5.267276414365e-11       2.348206319750e-12      -4.803391820148e-12       0.000000000000e+00       8.006343608529e-16       2.552764425430e-17       3.323259160382e-17 
 1681       5.275752085048e-11       2.328753942035e-12      -4.818287015399e-12       0.000000000000e+00       7.987508965773e-16       2.512290066005e-17       3.297643422776e-17 
 1682       5.284304944798e-11       2.309215438351e-12      -4.832030605564e-12       0.000000000000e+00       7.968729126458e-16       2.473921468999e-17       3.271833861666e-17 
 1683       5.292925659439e-11       2.289597826234e-12      -4.844620281027e-12       0.000000000000e+00       7.950003891772e-16       2.437601171832e-17       3.245834090777e-17 
 1684       5.301604849536e-11       2.269908157245e-12      -4.856053736067e-12       0.000000000000e+00       7.931333060757e-16       2.403271411146e-17       3.219647742911e-17 
 1685       5.310333090328e-11       2.250153517019e-12      -4.866328668869e-12       0.000000000000e+00       7.912716430313e-16       2.370874122346e-17       3.193278469975e-17 
 1686       5.319100911660e-11       2.230341025319e-12      -4.875442781544e-12       0.000000000000e+00       7.894153795188e-16       2.340350939136e-17       3.166729943009e-17 
 1687       5.327898797914e-11       2.210477836084e-12      -4.883393780134e-12       0.000000000000e+00       7.875644947976e-16       2.311643193062e-17       3.140005852217e-17 
 1688       5.336717187943e-11       2.190571137481e-12      -4.890179374629e-12       0.000000000000e+00       7.857189679115e-16       2.284691913051e-17       3.113109906994e-17 
 1689       5.345546475005e-11       2.170628151956e-12      -4.895797278981e-12       0.000000000000e+00       7.838787776879e-16       2.259437824948e-17       3.086045835958e-17 
 1690       5.354377006690e-11       2.150656136284e-12      -4.900245211116e-12       0.000000000000e+00       7.820439027377e-16       2.235821351061e-17       3.058817386976e-17 
 1691       5.363199084857e-11       2.130662381619e-12      -4.903520892948e-12       0.000000000000e+00       7.802143214550e-16       2.213782609693e-17       3.031428327195e-17 
 1692       5.372002965567e-11       2.110654213548e-12      -4.905622050389e-12       0.000000000000e+00       7.783900120163e-16       2.193261414690e-17       3.003882443072e-17 
 1693       5.380778859011e-11       2.090638992138e-12      -4.906546413369e-12       0.000000000000e+00       7.765709523807e-16       2.174197274974e-17       2.976183540400e-17 
 1694       5.389516929446e-11       2.070624111987e-12      -4.906291715841e-12       0.000000000000e+00       7.747571202888e-16       2.156529394085e-17       2.948335444339e-17 
 1695       5.398207295127e-11       2.050617002279e-12      -4.904855695800e-12       0.000000000000e+00       7.729484932629e-16       2.140196669721e-17       2.920341999446e-17 
 1696       5.406840028236e-11       2.030625126828e-12      -4.902236095294e-12       0.000000000000e+00       7.711450486064e-16       2.125137693277e-17       2.892207069703e-17 
 1697       5.415405912278e-11       2.010655597041e-12      -4.898433218418e-12       0.000000000000e+00       7.693467651009e-16       2.111296294939e-17       2.863934445630e-17 
 1698       5.423898721523e-11       1.990714007027e-12      -4.893457629391e-12       0.000000000000e+00       7.675536281151e-16       2.098638232171e-17       2.835527564702e-17 
 1699       5.432312961081e-11       1.970805588546e-12      -4.887322520878e-12       0.000000000000e+00       7.657656245394e-16       2.087134644198e-17       2.806989788577e-17 
 1700       5.440643111188e-11       1.950935597219e-12      -4.880041162151e-12       0.000000000000e+00       7.639827410915e-16       2.076756519279e-17       2.778324495823e-17 
 1701       5.448883627175e-11       1.931109312570e-12      -4.871626899210e-12       0.000000000000e+00       7.622049643169e-16       2.067474694479e-17       2.749535081940e-17 
 1702       5.457028939426e-11       1.911332038054e-12      -4.862093154903e-12       0.000000000000e+00       7.604322805877e-16       2.059259855444e-17       2.720624959390e-17 
 1703       5.465073453346e-11       1.891609101097e-12      -4.851453429046e-12       0.000000000000e+00       7.586646761029e-16       2.052082536163e-17       2.691597557614e-17 
 1704       5.473011549326e-11       1.871945853128e-12      -4.839721298541e-12       0.000000000000e+00       7.569021368877e-16       2.045913118745e-17       2.662456323065e-17 
 1705       5.480837582702e-11       1.852347669614e-12      -4.826910417498e-12       0.000000000000e+00       7.551446487936e-16       2.040721833188e-17       2.633204719231e-17 
 1706       5.488545883722e-11       1.832819950093e-12      -4.813034517352e-12       0.000000000000e+00       7.533921974974e-16       2.036478757149e-17       2.603846226656e-17 
 1707       5.496130757512e-11       1.813368118212e-12      -4.798107406987e-12       0.000000000000e+00       7.516447685017e-16       2.033153815714e-17       2.574384342972e-17 
 1708       5.503586484035e-11       1.793997621760e-12      -4.782142972849e-12       0.000000000000e+00       7.499023471340e-16       2.030716781169e-17       2.544822582919e-17 
 1709       5.510907318059e-11       1.774713932701e-12      -4.765155179073e-12       0.000000000000e+00       7.481649185465e-16       2.029137272771e-17       2.515164478374e-17 
 1710       5.518087489118e-11       1.755522547212e-12      -4.747158067598e-12       0.000000000000e+00       7.464324677159e-16       2.028384756520e-17       2.485413578373e-17 
 1711       5.525121201479e-11       1.736428985713e-12      -4.728165758288e-12       0.000000000000e+00       7.447049794431e-16       2.028428544925e-17       2.455573449138e-17 
 1712       5.532002634104e-11       1.717438792907e-12      -4.708192449052e-12       0.000000000000e+00       7.429824383527e-16       2.029237796778e-17       2.425647674103e-17 
 1713       5.538725940613e-11       1.698557537810e-12      -4.687252415965e-12       0.000000000000e+00       7.412648288927e-16       2.030781516925e-17       2.395639853936e-17 
 1714       5.545285249251e-11       1.679790813788e-12      -4.665360013383e-12       0.000000000000e+00       7.395521353344e-16       2.033028556035e-17       2.365553606568e-17 
 1715       5.551674662847e-11       1.661144238592e-12      -4.642529674069e-12       0.000000000000e+00       7.378443417718e-16       2.035947610371e-17       2.335392567217e-17 
 1716       5.557888258785e-11       1.642623454390e-12      -4.618775909309e-12       0.000000000000e+00       7.361414321216e-16       2.039507221558e-17       2.305160388411e-17 
 1717       5.563920088962e-11       1.624234127805e-12      -4.594113309031e-12       0.000000000000e+00       7.344433901223e-16       2.043675776360e-17       2.274860740018e-17 
 1718       5.569764179751e-11       1.605981949948e-12      -4.568556541927e-12       0.000000000000e+00       7.327501993348e-16       2.048421506444e-17       2.244497309267e-17 
 1719       5.575414531974e-11       1.587872636449e-12      -4.542120355573e-12       0.000000000000e+00       7.310618431411e-16       2.053712488152e-17       2.214073800773e-17 
 1720       5.580865120854e-11       1.569911927501e-12      -4.514819576546e-12       0.000000000000e+00       7.293783047447e-16       2.059516642276e-17       2.183593936566e-17 
 1721       5.586109895987e-11       1.552105587884e-12      -4.486669110545e-12       0.000000000000e+00       7.276995671699e-16       2.065801733821e-17       2.153061456113e-17 
 1722       5.591142781303e-11       1.534459407006e-12      -4.457683942513e-12       0.000000000000e+00       7.260256132615e-16       2.072535371783e-17       2.122480116346e-17 
 1723       5.595957675033e-11       1.516979198937e-12      -4.427879136752e-12       0.000000000000e+00       7.243564256847e-16       2.079685008914e-17       2.091853691684e-17 
 1724       5.600548449665e-11       1.499670802441e-12      -4.397269837048e-12       0.000000000000e+00       7.226919869247e-16       2.087217941496e-17       2.061185974059e-17 
 1725       5.604908951919e-11       1.482540081013e-12      -4.365871266787e-12       0.000000000000e+00       7.210322792861e-16       2.095101309109e-17       2.030480772945e-17 
 1726       5.609033002702e-11       1.465592922913e-12      -4.333698729075e-12       0.000000000000e+00       7.193772848929e-16       2.103302094403e-17       1.999741915377e-17 
 1727       5.612914397075e-11       1.448835241199e-12      -4.300767606859e-12       0.000000000000e+00       7.177269856883e-16       2.111787122869e-17       1.968973245983e-17 
 1728       5.616546904219e-11       1.432272973766e-12      -4.267093363048e-12       0.000000000000e+00       7.160813634338e-16       2.120523062607e-17       1.938178627003e-17 
 1729       5.619924267396e-11       1.415912083374e-12      -4.232691540628e-12       0.000000000000e+00       7.144403997094e-16       2.129476424102e-17       1.907361938319e-17 
 1730       5.623040203914e-11       1.399758557690e-12      -4.197577762788e-12       0.000000000000e+00       7.128040759133e-16       2.138613559986e-17       1.876527077475e-17 
 1731       5.625888405089e-11       1.383818409315e-12      -4.161767733033e-12       0.000000000000e+00       7.111723732610e-16       2.147900664816e-17       1.845677959711e-17 
 1732       5.628462536215e-11       1.368097675826e-12      -4.125277235310e-12       0.000000000000e+00       7.095452727858e-16       2.157303774843e-17       1.814818517977e-17 
 1733       5.630756236520e-11       1.352602419804e-12      -4.088122134123e-12       0.000000000000e+00       7.079227553377e-16       2.166788767778e-17       1.783952702969e-17 
 1734       5.632763119136e-11       1.337338728875e-12      -4.050318374656e-12       0.000000000000e+00       7.063048015838e-16       2.176321362570e-17       1.753084483145e-17 
 1735       5.634476771058e-11       1.322312715738e-12      -4.011881982890e-12       0.000000000000e+00       7.046913920072e-16       2.185867119168e-17       1.722217844757e-17 
 1736       5.635891789056e-11       1.307529733291e-12      -3.972829519845e-12       0.000000000000e+00       7.030825083407e-16       2.195400960960e-17       1.691356496694e-17 
 1737       5.637006897004e-11       1.292992012682e-12      -3.933179448247e-12       0.000000000000e+00       7.014781378790e-16       2.204935830279e-17       1.660502982248e-17 
 1738       5.637821854755e-11       1.278701005418e-12      -3.892950777617e-12       0.000000000000e+00       6.998782692016e-16       2.214494273965e-17       1.629659559910e-17 
 1739       5.638336424581e-11       1.264658166474e-12      -3.852162611336e-12       0.000000000000e+00       6.982828907432e-16       2.224098942774e-17       1.598828497887e-17 
 1740       5.638550371185e-11       1.250864954295e-12      -3.810834146782e-12       0.000000000000e+00       6.966919907929e-16       2.233772591525e-17       1.568012074115e-17 
 1741       5.638463461699e-11       1.237322830804e-12      -3.768984675464e-12       0.000000000000e+00       6.951055574942e-16       2.243538079257e-17       1.537212576267e-17 
 1742       5.638075465696e-11       1.224033261399e-12      -3.726633583168e-12       0.000000000000e+00       6.935235788445e-16       2.253418369370e-17       1.506432301777e-17 
 1743       5.637386155192e-11       1.210997714964e-12      -3.683800350086e-12       0.000000000000e+00       6.919460426951e-16       2.263436529780e-17       1.475673557842e-17 
 1744       5.636395304649e-11       1.198217663864e-12      -3.640504550959e-12       0.000000000000e+00       6.903729367508e-16       2.273615733067e-17       1.444938661444e-17 
 1745       5.635102690985e-11       1.185694583954e-12      -3.596765855215e-12       0.000000000000e+00       6.888042485697e-16       2.283979256625e-17       1.414229939358e-17 
 1746       5.633508093574e-11       1.173429954584e-12      -3.552604027103e-12       0.000000000000e+00       6.872399655629e-16       2.294550482809e-17       1.383549728171e-17 
 1747       5.631611294257e-11       1.161425258594e-12      -3.508038925833e-12       0.000000000000e+00       6.856800749941e-16       2.305352899087e-17       1.352900374289e-17 
 1748       5.629412077341e-11       1.149681982326e-12      -3.463090505717e-12       0.000000000000e+00       6.841245639796e-16       2.316410098191e-17       1.322284233956e-17 
 1749       5.626910229609e-11       1.138201615624e-12      -3.417778816299e-12       0.000000000000e+00       6.825734194878e-16       2.327745778261e-17       1.291703673264e-17 
 1750       5.624105540321e-11       1.126985651837e-12      -3.372124002502e-12       0.000000000000e+00       6.810266283393e-16       2.339383743000e-17       1.261161068169e-17 
 1751       5.620997801225e-11       1.116035587823e-12      -3.326146304758e-12       0.000000000000e+00       6.794841772060e-16       2.351347901821e-17       1.230658804502e-17 
 1752       5.617586806554e-11       1.105352923950e-12      -3.279866059151e-12       0.000000000000e+00       6.779460526115e-16       2.363662269995e-17       1.200199277985e-17 
 1753       5.613872353038e-11       1.094939164106e-12      -3.233303697551e-12       0.000000000000e+00       6.764122409304e-16       2.376350968805e-17       1.169784894243e-17 
 1754       5.609854239909e-11       1.084795815693e-12      -3.186479747755e-12       0.000000000000e+00       6.748827283883e-16       2.389438225690e-17       1.139418068817e-17 
 1755       5.605532268899e-11       1.074924389639e-12      -3.139414833622e-12       0.000000000000e+00       6.733575010613e-16       2.402948374400e-17       1.109101227179e-17 
 1756       5.600906244254e-11       1.065326400397e-12      -3.092129675215e-12       0.000000000000e+00       6.718365448759e-16       2.416905855141e-17       1.078836804746e-17 
 1757       5.595975972734e-11       1.056003365947e-12      -3.044645088931e-12       0.000000000000e+00       6.703198456088e-16       2.431335214726e-17       1.048627246889e-17 
 1758       5.590741263619e-11       1.046956807804e-12      -2.996981987649e-12       0.000000000000e+00       6.688073888864e-16       2.446261106726e-17       1.018475008952e-17 
 1759       5.585201928716e-11       1.038188251017e-12      -2.949161380860e-12       0.000000000000e+00       6.672991601848e-16       2.461708291616e-17       9.883825562638e-18 
 1760       5.579357782360e-11       1.029699224176e-12      -2.901204374806e-12       0.000000000000e+00       6.657951448292e-16       2.477701636930e-17       9.583523641497e-18 
 1761       5.573208641425e-11       1.021491259412e-12      -2.853132172622e-12       0.000000000000e+00       6.642953279941e-16       2.494266117403e-17       9.283869179467e-18 
 1762       5.566754325323e-11       1.013565892402e-12      -2.804966074469e-12       0.000000000000e+00       6.627996947025e-16       2.511426815129e-17       8.984887130165e-18 
 1763       5.559994656016e-11       1.005924662372e-12      -2.756727477674e-12       0.000000000000e+00       6.613082298261e-16       2.529208919703e-17       8.686602547591e-18 
 1764       5.552929458013e-11       9.985691121037e-13      -2.708437876867e-12       0.000000000000e+00       6.598209180849e-16       2.547637728374e-17       8.389040586261e-18 
 1765       5.545558558382e-11       9.915007879310e-13      -2.660118864121e-12       0.000000000000e+00       6.583377440467e-16       2.566738646195e-17       8.092226501346e-18 
 1766       5.537881786752e-11       9.847212397492e-13      -2.611792129086e-12       0.000000000000e+00       6.568586921271e-16       2.586537186171e-17       7.796185648800e-18 
 1767       5.529898975320e-11       9.782320210161e-13      -2.563479459130e-12       0.000000000000e+00       6.553837465893e-16       2.607058969411e-17       7.500943485504e-18 
 1768       5.521609958852e-11       9.720346887557e-13      -2.515202739475e-12       0.000000000000e+00       6.539128915435e-16       2.628329725271e-17       7.206525569393e-18 
 1769       5.513014574695e-11       9.661308035614e-13      -2.466983953336e-12       0.000000000000e+00       6.524461109468e-16       2.650375291513e-17       6.912957559595e-18 
 1770       5.504112662774e-11       9.605219295998e-13      -2.418845182057e-12       0.000000000000e+00       6.509833886033e-16       2.673221614446e-17       6.620265216565e-18 
 1771       5.494904065604e-11       9.552096346136e-13      -2.370808605251e-12       0.000000000000e+00       6.495247081630e-16       2.696894749082e-17       6.328474402220e-18 
 1772       5.485388628292e-11       9.501954899253e-13      -2.322896500937e-12       0.000000000000e+00       6.480700531225e-16       2.721420859279e-17       6.037611080074e-18 
 1773       5.475566198544e-11       9.454810704404e-13      -2.275131245676e-12       0.000000000000e+00       6.466194068241e-16       2.746826217897e-17       5.747701315373e-18 
 1774       5.465436626665e-11       9.410679546508e-13      -2.227535314713e-12       0.000000000000e+00       6.451727524556e-16       2.773137206942e-17       5.458771275230e-18 
 1775       5.455000476362e-11       9.369570418079e-13      -2.180129742627e-12       0.000000000000e+00       6.437300742923e-16       2.800373256185e-17       5.170845394157e-18 
 1776       5.444261163513e-11       9.331464972783e-13      -2.132929491151e-12       0.000000000000e+00       6.422913614332e-16       2.828525595040e-17       4.883940853848e-18 
 1777       5.433222835037e-11       9.296337902565e-13      -2.085948043442e-12       0.000000000000e+00       6.408566040951e-16       2.857578325817e-17       4.598073058162e-18 
 1778       5.421889659737e-11       9.264163750355e-13      -2.039198940178e-12       0.000000000000e+00       6.394257923729e-16       2.887515469235e-17       4.313257463652e-18 
 1779       5.410265828329e-11       9.234916909836e-13      -1.992695779632e-12       0.000000000000e+00       6.379989162395e-16       2.918320964304e-17       4.029509579632e-18 
 1780       5.398355553475e-11       9.208571625225e-13      -1.946452217758e-12       0.000000000000e+00       6.365759655455e-16       2.949978668207e-17       3.746844968245e-18 
 1781       5.386163069820e-11       9.185101991038e-13      -1.900481968266e-12       0.000000000000e+00       6.351569300191e-16       2.982472356176e-17       3.465279244528e-18 
 1782       5.373692634016e-11       9.164481951875e-13      -1.854798802701e-12       0.000000000000e+00       6.337417992660e-16       3.015785721378e-17       3.184828076471e-18 
 1783       5.360948524763e-11       9.146685302184e-13      -1.809416550524e-12       0.000000000000e+00       6.323305627688e-16       3.049902374795e-17       2.905507185091e-18 
 1784       5.347935042834e-11       9.131685686039e-13      -1.764349099192e-12       0.000000000000e+00       6.309232098872e-16       3.084805845101e-17       2.627332344490e-18 
 1785       5.334656511110e-11       9.119456596914e-13      -1.719610394233e-12       0.000000000000e+00       6.295197298574e-16       3.120479578546e-17       2.350319381924e-18 
 1786       5.321117274615e-11       9.109971377458e-13      -1.675214439330e-12       0.000000000000e+00       6.281201117923e-16       3.156906938835e-17       2.074484177867e-18 
 1787       5.307321700542e-11       9.103203219263e-13      -1.631175296396e-12       0.000000000000e+00       6.267243446808e-16       3.194071207010e-17       1.799842666075e-18 
 1788       5.293274178291e-11       9.099125162646e-13      -1.587507085658e-12       0.000000000000e+00       6.253324173882e-16       3.231955581329e-17       1.526410833653e-18 
 1789       5.278979119498e-11       9.097710096416e-13      -1.544223985730e-12       0.000000000000e+00       6.239443186552e-16       3.270543177150e-17       1.254204721121e-18 
 1790       5.264440958070e-11       9.098930757652e-13      -1.501340233699e-12       0.000000000000e+00       6.225600370985e-16       3.309817026807e-17       9.832404224726e-19 
 1791       5.249664150212e-11       9.102759731475e-13      -1.458870125198e-12       0.000000000000e+00       6.211795612099e-16       3.349760079493e-17       7.135340852498e-19 
 1792       5.234653174465e-11       9.109169450822e-13      -1.416828014490e-12       0.000000000000e+00       6.198028793566e-16       3.390355201143e-17       4.451019106006e-19 
 1793       5.219412531736e-11       9.118132196221e-13      -1.375228314543e-12       0.000000000000e+00       6.184299797806e-16       3.431585174310e-17       1.779601533475e-19 
 1794       5.203946745328e-11       9.129620095561e-13      -1.334085497114e-12       0.000000000000e+00       6.170608505988e-16       3.473432698049e-17      -8.787487794834e-20 
 1795       5.188260360976e-11       9.143605123873e-13      -1.293414092823e-12       0.000000000000e+00       6.156954798025e-16       3.515880387798e-17      -3.523868209218e-19 
 1796       5.172357946877e-11       9.160059103095e-13      -1.253228691236e-12       0.000000000000e+00       6.143338552574e-16       3.558910775255e-17      -6.155592593389e-19 
 1797       5.156244093720e-11       9.178953701854e-13      -1.213543940943e-12       0.000000000000e+00       6.129759647032e-16       3.602506308264e-17      -8.773757230310e-19 
 1798       5.139923414726e-11       9.200260435234e-13      -1.174374549636e-12       0.000000000000e+00       6.116217957536e-16       3.646649350689e-17      -1.137819687831e-18 
 1799       5.123400545670e-11       9.223950664552e-13      -1.135735284191e-12       0.000000000000e+00       6.102713358959e-16       3.691322182303e-17      -1.396874575506e-18 
 1800       5.106680144922e-11       9.249995597133e-13      -1.097640970744e-12       0.000000000000e+00       6.089245724908e-16       3.736506998660e-17      -1.654523753696e-18 
 1801       5.089766893472e-11       9.278366286081e-13      -1.060106494771e-12       0.000000000000e+00       6.075814927723e-16       3.782185910983e-17      -1.910750535843e-18 
 1802       5.072665494969e-11       9.309033630056e-13      -1.023146801170e-12       0.000000000000e+00       6.062420838474e-16       3.828340946040e-17      -2.165538181133e-18 
 1803       5.055380675746e-11       9.341968373045e-13      -9.867768943360e-13       0.000000000000e+00       6.049063326960e-16       3.874954046027e-17      -2.418869894425e-18 
 1804       5.037917184860e-11       9.377141104138e-13      -9.510118382437e-13       0.000000000000e+00       6.035742261704e-16       3.922007068446e-17      -2.670728826188e-18 
 1805       5.020279794119e-11       9.414522257299e-13      -9.158667565241e-13       0.000000000000e+00       6.022457509953e-16       3.969481785990e-17      -2.921098072436e-18 
 1806       5.002473298113e-11       9.454082111144e-13      -8.813568325451e-13       0.000000000000e+00       6.009208937677e-16       4.017359886419e-17      -3.169960674664e-18 
 1807       4.984502514252e-11       9.495790788712e-13      -8.474973094903e-13       0.000000000000e+00       5.995996409564e-16       4.065622972446e-17      -3.417299619782e-18 
 1808       4.966372282792e-11       9.539618257238e-13      -8.143034904383e-13       0.000000000000e+00       5.982819789020e-16       4.114252561611e-17      -3.663097840046e-18 
 1809       4.948087466874e-11       9.585534327929e-13      -7.817907384416e-13       0.000000000000e+00       5.969678938165e-16       4.163230086168e-17      -3.907338213002e-18 
 1810       4.929652952548e-11       9.633508655737e-13      -7.499744766062e-13       0.000000000000e+00       5.956573717832e-16       4.212536892961e-17      -4.150003561410e-18 
 1811       4.911073648812e-11       9.683510739133e-13      -7.188701881705e-13       0.000000000000e+00       5.943503987565e-16       4.262154243308e-17      -4.391076653188e-18 
 1812       4.892354487641e-11       9.735509919881e-13      -6.884934165845e-13       0.000000000000e+00       5.930469605618e-16       4.312063312881e-17      -4.630540201343e-18 
 1813       4.873500424020e-11       9.789475382809e-13      -6.588597655890e-13       0.000000000000e+00       5.917470428949e-16       4.362245191583e-17      -4.868376863903e-18 
 1814       4.854516497811e-11       9.845373775695e-13      -6.299825211141e-13       0.000000000000e+00       5.904506323061e-16       4.412684498084e-17      -5.104570331103e-18 
 1815       4.835408019832e-11       9.903162048363e-13      -6.018654958395e-13       0.000000000000e+00       5.891577191611e-16       4.463380255522e-17      -5.339108596632e-18 
 1816       4.816180387343e-11       9.962794555365e-13      -5.745101270687e-13       0.000000000000e+00       5.878682947032e-16       4.514335103295e-17      -5.571980712647e-18 
 1817       4.796839022383e-11       1.002422543032e-12      -5.479178496628e-13       0.000000000000e+00       5.865823500719e-16       4.565551690392e-17      -5.803175704889e-18 
 1818       4.777389371802e-11       1.008740858561e-12      -5.220900960329e-13       0.000000000000e+00       5.852998763021e-16       4.617032675399e-17      -6.032682572664e-18 
 1819       4.757836907299e-11       1.015229771203e-12      -4.970282961327e-13       0.000000000000e+00       5.840208643244e-16       4.668780726515e-17      -6.260490288816e-18 
 1820       4.738187125452e-11       1.021884627854e-12      -4.727338774507e-13       0.000000000000e+00       5.827453049645e-16       4.720798521566e-17      -6.486587799698e-18 
 1821       4.718445547758e-11       1.028700753188e-12      -4.492082650033e-13       0.000000000000e+00       5.814731889435e-16       4.773088748015e-17      -6.710964025154e-18 
 1822       4.698617720662e-11       1.035673449632e-12      -4.264528813267e-13       0.000000000000e+00       5.802045068773e-16       4.825654102973e-17      -6.933607858486e-18 
 1823       4.678709215594e-11       1.042797997329e-12      -4.044691464697e-13       0.000000000000e+00       5.789392492765e-16       4.878497293216e-17      -7.154508166433e-18 
 1824       4.658725629005e-11       1.050069654113e-12      -3.832584779862e-13       0.000000000000e+00       5.776774065465e-16       4.931621035194e-17      -7.373653789143e-18 
 1825       4.638672582398e-11       1.057483655471e-12      -3.628222909276e-13       0.000000000000e+00       5.764189689870e-16       4.985028055043e-17      -7.591033540150e-18 
 1826       4.618555722365e-11       1.065035214517e-12      -3.431619978354e-13       0.000000000000e+00       5.751639267919e-16       5.038721088601e-17      -7.806636206346e-18 
 1827       4.598380720621e-11       1.072719521958e-12      -3.242790087339e-13       0.000000000000e+00       5.739122700493e-16       5.092702881416e-17      -8.020450547956e-18 
 1828       4.578153274038e-11       1.080531746063e-12      -3.061747311220e-13       0.000000000000e+00       5.726639887409e-16       5.146976188762e-17      -8.232465298517e-18 
 1829       4.557879104679e-11       1.088467032634e-12      -2.888505699668e-13       0.000000000000e+00       5.714190727424e-16       5.201543775649e-17      -8.442669164843e-18 
 1830       4.537563959835e-11       1.096520504970e-12      -2.723079276949e-13       0.000000000000e+00       5.701775118228e-16       5.256408416836e-17      -8.651050827010e-18 
 1831       4.517213612054e-11       1.104687263842e-12      -2.565482041860e-13       0.000000000000e+00       5.689392956446e-16       5.311572896847e-17      -8.857598938324e-18 
 1832       4.496833859182e-11       1.112962387454e-12      -2.415727967646e-13       0.000000000000e+00       5.677044137632e-16       5.367040009975e-17      -9.062302125297e-18 
 1833       4.476430524395e-11       1.121340931419e-12      -2.273831001930e-13       0.000000000000e+00       5.664728556273e-16       5.422812560304e-17      -9.265148987621e-18 
 1834       4.456009456230e-11       1.129817928725e-12      -2.139805066634e-13       0.000000000000e+00       5.652446105782e-16       5.478893361716e-17      -9.466128098145e-18 
 1835       4.435576528625e-11       1.138388389700e-12      -2.013664057910e-13       0.000000000000e+00       5.640196678497e-16       5.535285237903e-17      -9.665228002848e-18 
 1836       4.415137640949e-11       1.147047301989e-12      -1.895421846057e-13       0.000000000000e+00       5.627980165682e-16       5.591991022382e-17      -9.862437220811e-18 
 1837       4.394698718040e-11       1.155789630513e-12      -1.785092275454e-13       0.000000000000e+00       5.615796457524e-16       5.649013558507e-17      -1.005774424420e-17 
 1838       4.374265710237e-11       1.164610317446e-12      -1.682689164479e-13       0.000000000000e+00       5.603645443129e-16       5.706355699480e-17      -1.025113753822e-17 
 1839       4.353844593415e-11       1.173504282177e-12      -1.588226305439e-13       0.000000000000e+00       5.591527010523e-16       5.764020308365e-17      -1.044260554112e-17 
 1840       4.333441369019e-11       1.182466421286e-12      -1.501717464490e-13       0.000000000000e+00       5.579441046648e-16       5.822010258098e-17      -1.063213666414e-17 
 1841       4.313062064103e-11       1.191491608504e-12      -1.423176381568e-13       0.000000000000e+00       5.567387437363e-16       5.880328431502e-17      -1.081971929151e-17 
 1842       4.292712731355e-11       1.200574694691e-12      -1.352616770306e-13       0.000000000000e+00       5.555366067438e-16       5.938977721299e-17      -1.100534178039e-17 
 1843       4.272399449141e-11       1.209710507795e-12      -1.290052317969e-13       0.000000000000e+00       5.543376820558e-16       5.997961030122e-17      -1.118899246090e-17 
 1844       4.252128321534e-11       1.218893852831e-12      -1.235496685369e-13       0.000000000000e+00       5.531419579314e-16       6.057281270526e-17      -1.137065963602e-17 
 1845       4.231905478352e-11       1.228119511840e-12      -1.188963506800e-13       0.000000000000e+00       5.519494225208e-16       6.116941365003e-17      -1.155033158163e-17 
 1846       4.211737075187e-11       1.237382243865e-12      -1.150466389953e-13       0.000000000000e+00       5.507600638647e-16       6.176944245992e-17      -1.172799654646e-17 
 1847       4.191629293447e-11       1.246676784916e-12      -1.120018915851e-13       0.000000000000e+00       5.495738698942e-16       6.237292855895e-17      -1.190364275205e-17 
 1848       4.171588340382e-11       1.255997847939e-12      -1.097634638764e-13       0.000000000000e+00       5.483908284309e-16       6.297990147083e-17      -1.207725839275e-17 
 1849       4.151620449128e-11       1.265340122785e-12      -1.083327086143e-13       0.000000000000e+00       5.472109271861e-16       6.359039081917e-17      -1.224883163568e-17 
 1850       4.131731878731e-11       1.274698276181e-12      -1.077109758540e-13       0.000000000000e+00       5.460341537613e-16       6.420442632753e-17      -1.241835062071e-17 
 1851       4.111928914190e-11       1.284066951694e-12      -1.078996129534e-13       0.000000000000e+00       5.448604956476e-16       6.482203781958e-17      -1.258580346042e-17 
 1852       4.092217866488e-11       1.293440769705e-12      -1.088999645657e-13       0.000000000000e+00       5.436899402257e-16       6.544325521921e-17      -1.275117824011e-17 
 1853       4.072604577348e-11       1.302814595197e-12      -1.107115775417e-13       0.000000000000e+00       5.425224756521e-16       6.606806545917e-17      -1.291446323585e-17 
 1854       4.053092929152e-11       1.312184343509e-12      -1.133268001517e-13       0.000000000000e+00       5.413580935256e-16       6.669628283457e-17      -1.307564757079e-17 
 1855       4.033686323325e-11       1.321546180883e-12      -1.167361401955e-13       0.000000000000e+00       5.401967862418e-16       6.732767762571e-17      -1.323472056399e-17 
 1856       4.014388174557e-11       1.330896257200e-12      -1.209300561507e-13       0.000000000000e+00       5.390385461078e-16       6.796201909527e-17      -1.339167151277e-17 
 1857       3.995201910826e-11       1.340230705956e-12      -1.258989571019e-13       0.000000000000e+00       5.378833653426e-16       6.859907548694e-17      -1.354648969271e-17 
 1858       3.976130973412e-11       1.349545644238e-12      -1.316332026712e-13       0.000000000000e+00       5.367312360767e-16       6.923861402401e-17      -1.369916435758e-17 
 1859       3.957178816913e-11       1.358837172707e-12      -1.381231029476e-13       0.000000000000e+00       5.355821503519e-16       6.988040090799e-17      -1.384968473936e-17 
 1860       3.938348909267e-11       1.368101375572e-12      -1.453589184168e-13       0.000000000000e+00       5.344361001211e-16       7.052420131729e-17      -1.399804004823e-17 
 1861       3.919644731762e-11       1.377334320568e-12      -1.533308598911e-13       0.000000000000e+00       5.332930772487e-16       7.116977940574e-17      -1.414421947252e-17 
 1862       3.901069779062e-11       1.386532058937e-12      -1.620290884393e-13       0.000000000000e+00       5.321530735095e-16       7.181689830130e-17      -1.428821217871e-17 
 1863       3.882627559215e-11       1.395690625405e-12      -1.714437153163e-13       0.000000000000e+00       5.310160805895e-16       7.246532010462e-17      -1.443000731142e-17 
 1864       3.864321593677e-11       1.404806038158e-12      -1.815648018931e-13       0.000000000000e+00       5.298820900850e-16       7.311480588770e-17      -1.456959399337e-17 
 1865       3.846155417325e-11       1.413874298823e-12      -1.923823595865e-13       0.000000000000e+00       5.287510935031e-16       7.376511569245e-17      -1.470696132540e-17 
 1866       3.828132578477e-11       1.422891392442e-12      -2.038863497888e-13       0.000000000000e+00       5.276230822610e-16       7.441600852939e-17      -1.484209838639e-17 
 1867       3.810256638909e-11       1.431853287457e-12      -2.160666837978e-13       0.000000000000e+00       5.264980476861e-16       7.506724237621e-17      -1.497499423330e-17 
 1868       3.792531173868e-11       1.440755935679e-12      -2.289132227465e-13       0.000000000000e+00       5.253759810158e-16       7.571857417641e-17      -1.510563790114e-17 
 1869       3.774959772095e-11       1.449595272275e-12      -2.424157775331e-13       0.000000000000e+00       5.242568733977e-16       7.636975983789e-17      -1.523401840293e-17 
 1870       3.757546035839e-11       1.458367215739e-12      -2.565641087503e-13       0.000000000000e+00       5.231407158886e-16       7.702055423164e-17      -1.536012472970e-17 
 1871       3.740293580874e-11       1.467067667875e-12      -2.713479266157e-13       0.000000000000e+00       5.220274994552e-16       7.767071119028e-17      -1.548394585046e-17 
 1872       3.723206036517e-11       1.475692513770e-12      -2.867568909012e-13       0.000000000000e+00       5.209172149738e-16       7.831998350671e-17      -1.560547071220e-17 
 1873       3.706287045645e-11       1.484237621780e-12      -3.027806108631e-13       0.000000000000e+00       5.198098532295e-16       7.896812293276e-17      -1.572468823987e-17 
 1874       3.689540264711e-11       1.492698843498e-12      -3.194086451715e-13       0.000000000000e+00       5.187054049169e-16       7.961488017775e-17      -1.584158733632e-17 
 1875       3.672969363766e-11       1.501072013741e-12      -3.366305018405e-13       0.000000000000e+00       5.176038606396e-16       8.026000490716e-17      -1.595615688236e-17 
 1876       3.656578026468e-11       1.509352950521e-12      -3.544356381580e-13       0.000000000000e+00       5.165052109097e-16       8.090324574121e-17      -1.606838573667e-17 
 1877       3.640369950105e-11       1.517537455030e-12      -3.728134606150e-13       0.000000000000e+00       5.154094461483e-16       8.154435025353e-17      -1.617826273581e-17 
 1878       3.624348845613e-11       1.525621311611e-12      -3.917533248361e-13       0.000000000000e+00       5.143165566850e-16       8.218306496970e-17      -1.628577669423e-17 
 1879       3.608518437589e-11       1.533600287742e-12      -4.112445355089e-13       0.000000000000e+00       5.132265327575e-16       8.281913536596e-17      -1.639091640419e-17 
 1880       3.592882464308e-11       1.541470134010e-12      -4.312763463136e-13       0.000000000000e+00       5.121393645122e-16       8.345230586775e-17      -1.649367063580e-17 
 1881       3.577444677747e-11       1.549226584091e-12      -4.518379598535e-13       0.000000000000e+00       5.110550420031e-16       8.408231984839e-17      -1.659402813696e-17 
 1882       3.562208843594e-11       1.556865354728e-12      -4.729185275841e-13       0.000000000000e+00       5.099735551925e-16       8.470891962767e-17      -1.669197763339e-17 
 1883       3.547178741269e-11       1.564382145708e-12      -4.945071497431e-13       0.000000000000e+00       5.088948939503e-16       8.533184647045e-17      -1.678750782856e-17 
 1884       3.532358163942e-11       1.571772639842e-12      -5.165928752807e-13       0.000000000000e+00       5.078190480540e-16       8.595084058532e-17      -1.688060740371e-17 
 1885       3.517750918547e-11       1.579032502940e-12      -5.391647017885e-13       0.000000000000e+00       5.067460071888e-16       8.656564112320e-17      -1.697126501779e-17 
 1886       3.503360825804e-11       1.586157383793e-12      -5.622115754302e-13       0.000000000000e+00       5.056757609471e-16       8.717598617596e-17      -1.705946930751e-17 
 1887       3.489191720230e-11       1.593142914147e-12      -5.857223908708e-13       0.000000000000e+00       5.046082988284e-16       8.778161277502e-17      -1.714520888724e-17 
 1888       3.475247450161e-11       1.599984708685e-12      -6.096859912065e-13       0.000000000000e+00       5.035436102394e-16       8.838225689001e-17      -1.722847234908e-17 
 1889       3.461531877768e-11       1.606678365001e-12      -6.340911678949e-13       0.000000000000e+00       5.024816844935e-16       8.897765342736e-17      -1.730924826276e-17 
 1890       3.448048879073e-11       1.613219463581e-12      -6.589266606843e-13       0.000000000000e+00       5.014225108111e-16       8.956753622892e-17      -1.738752517567e-17 
 1891       3.434802343965e-11       1.619603567782e-12      -6.841811575438e-13       0.000000000000e+00       5.003660783190e-16       9.015163807059e-17      -1.746329161283e-17 
 1892       3.421795493600e-11       1.625826776806e-12      -7.098429564247e-13       0.000000000000e+00       4.993123767985e-16       9.072974547978e-17      -1.753653755912e-17 
 1893       3.409028826768e-11       1.631887389362e-12      -7.358989478262e-13       0.000000000000e+00       4.982613989360e-16       9.130186365423e-17      -1.760725891858e-17 
 1894       3.396502157670e-11       1.637784252831e-12      -7.623356242196e-13       0.000000000000e+00       4.972131380896e-16       9.186805281609e-17      -1.767545308955e-17 
 1895       3.384215297096e-11       1.643516211431e-12      -7.891394174211e-13       0.000000000000e+00       4.961675875421e-16       9.242837350938e-17      -1.774111748560e-17 
 1896       3.372168052418e-11       1.649082106216e-12      -8.162966985104e-13       0.000000000000e+00       4.951247405016e-16       9.298288660041e-17      -1.780424953558e-17 
 1897       3.360360227583e-11       1.654480775066e-12      -8.437937777484e-13       0.000000000000e+00       4.940845901006e-16       9.353165327825e-17      -1.786484668363e-17 
 1898       3.348791623108e-11       1.659711052691e-12      -8.716169044965e-13       0.000000000000e+00       4.930471293964e-16       9.407473505518e-17      -1.792290638923e-17 
 1899       3.337462036075e-11       1.664771770623e-12      -8.997522671347e-13       0.000000000000e+00       4.920123513709e-16       9.461219376716e-17      -1.797842612719e-17 
 1900       3.326371260125e-11       1.669661757215e-12      -9.281859929801e-13       0.000000000000e+00       4.909802489301e-16       9.514409157426e-17      -1.803140338775e-17 
 1901       3.315519085452e-11       1.674379837635e-12      -9.569041482053e-13       0.000000000000e+00       4.899508149044e-16       9.567049096114e-17      -1.808183567655e-17 
 1902       3.304905298796e-11       1.678924833867e-12      -9.858927377571e-13       0.000000000000e+00       4.889240420485e-16       9.619145473749e-17      -1.812972051470e-17 
 1903       3.294529683441e-11       1.683295564701e-12      -1.015137705275e-12       0.000000000000e+00       4.878999230409e-16       9.670704603849e-17      -1.817505543878e-17 
 1904       3.284392019205e-11       1.687490845736e-12      -1.044624933009e-12       0.000000000000e+00       4.868784504841e-16       9.721732832528e-17      -1.821783800090e-17 
 1905       3.274492082438e-11       1.691509489373e-12      -1.074340241738e-12       0.000000000000e+00       4.858596169041e-16       9.772236538538e-17      -1.825806576872e-17 
 1906       3.264829646014e-11       1.695350304814e-12      -1.104269390692e-12       0.000000000000e+00       4.848434147510e-16       9.822222133321e-17      -1.829573632550e-17 
 1907       3.255404479324e-11       1.699012098053e-12      -1.134398077463e-12       0.000000000000e+00       4.838298363980e-16       9.871696061045e-17      -1.833084727008e-17 
 1908       3.246216348274e-11       1.702493671882e-12      -1.164711937932e-12       0.000000000000e+00       4.828188741418e-16       9.920664798659e-17      -1.836339621697e-17 
 1909       3.237265015278e-11       1.705793825880e-12      -1.195196546180e-12       0.000000000000e+00       4.818105202024e-16       9.969134855935e-17      -1.839338079636e-17 
 1910       3.228550239250e-11       1.708911356410e-12      -1.225837414412e-12       0.000000000000e+00       4.808047667231e-16       1.001711277551e-16      -1.842079865413e-17 
 1911       3.220071775601e-11       1.711845056620e-12      -1.256619992872e-12       0.000000000000e+00       4.798016057698e-16       1.006460513294e-16      -1.844564745194e-17 
 1912       3.211829376232e-11       1.714593716437e-12      -1.287529669764e-12       0.000000000000e+00       4.788010293317e-16       1.011161853673e-16      -1.846792486718e-17 
 1913       3.203822789529e-11       1.717156122562e-12      -1.318551771169e-12       0.000000000000e+00       4.778030293206e-16       1.015815962840e-16      -1.848762859307e-17 
 1914       3.196051760356e-11       1.719531058469e-12      -1.349671560964e-12       0.000000000000e+00       4.768075975708e-16       1.020423508252e-16      -1.850475633866e-17 
 1915       3.188516030051e-11       1.721717304403e-12      -1.380874240738e-12       0.000000000000e+00       4.758147258393e-16       1.024985160675e-16      -1.851930582888e-17 
 1916       3.181215336419e-11       1.723713637371e-12      -1.412144949716e-12       0.000000000000e+00       4.748244058055e-16       1.029501594190e-16      -1.853127480455e-17 
 1917       3.174149413726e-11       1.725518831143e-12      -1.443468764672e-12       0.000000000000e+00       4.738366290710e-16       1.033973486195e-16      -1.854066102242e-17 
 1918       3.167317992697e-11       1.727131656250e-12      -1.474830699851e-12       0.000000000000e+00       4.728513871595e-16       1.038401517415e-16      -1.854746225522e-17 
 1919       3.160720800503e-11       1.728550879976e-12      -1.506215706884e-12       0.000000000000e+00       4.718686715167e-16       1.042786371898e-16      -1.855167629167e-17 
 1920       3.154357560763e-11       1.729775266356e-12      -1.537608674711e-12       0.000000000000e+00       4.708884735103e-16       1.047128737027e-16      -1.855330093650e-17 
 1921       3.148227993534e-11       1.730803576175e-12      -1.568994429495e-12       0.000000000000e+00       4.699107844297e-16       1.051429303523e-16      -1.855233401053e-17 
 1922       3.142331815305e-11       1.731634566964e-12      -1.600357734545e-12       0.000000000000e+00       4.689355954861e-16       1.055688765447e-16      -1.854877335064e-17 
 1923       3.136668738994e-11       1.732266992992e-12      -1.631683290230e-12       0.000000000000e+00       4.679628978119e-16       1.059907820205e-16      -1.854261680987e-17 
 1924       3.131238473941e-11       1.732699605270e-12      -1.662955733900e-12       0.000000000000e+00       4.669926824611e-16       1.064087168556e-16      -1.853386225739e-17 
 1925       3.126040725900e-11       1.732931151542e-12      -1.694159639805e-12       0.000000000000e+00       4.660249404089e-16       1.068227514613e-16      -1.852250757856e-17 
 1926       3.121075197036e-11       1.732960376284e-12      -1.725279519010e-12       0.000000000000e+00       4.650596625519e-16       1.072329565849e-16      -1.850855067496e-17 
 1927       3.116341585922e-11       1.732786020697e-12      -1.756299819318e-12       0.000000000000e+00       4.640968397073e-16       1.076394033101e-16      -1.849198946443e-17 
 1928       3.111839587525e-11       1.732406822712e-12      -1.787204925186e-12       0.000000000000e+00       4.631364626134e-16       1.080421630575e-16      -1.847282188108e-17 
 1929       3.107568893208e-11       1.731821516976e-12      -1.817979157644e-12       0.000000000000e+00       4.621785219294e-16       1.084413075850e-16      -1.845104587534e-17 
 1930       3.103529190721e-11       1.731028834857e-12      -1.848606774212e-12       0.000000000000e+00       4.612230082349e-16       1.088369089884e-16      -1.842665941400e-17 
 1931       3.099719703018e-11       1.730028003368e-12      -1.879073034558e-12       0.000000000000e+00       4.602699126669e-16       1.092290059501e-16      -1.839966413350e-17 
 1932       3.096137800901e-11       1.728820246101e-12      -1.909367406453e-12       0.000000000000e+00       4.593192288348e-16       1.096175022048e-16      -1.837007633021e-17 
 1933       3.092780379848e-11       1.727407293663e-12      -1.939480383950e-12       0.000000000000e+00       4.583709509193e-16       1.100022673052e-16      -1.833791605352e-17 
 1934       3.089644320218e-11       1.725790885790e-12      -1.969402423806e-12       0.000000000000e+00       4.574250730374e-16       1.103831703032e-16      -1.830320346030e-17 
 1935       3.086726487229e-11       1.723972771359e-12      -1.999123945439e-12       0.000000000000e+00       4.564815892418e-16       1.107600797492e-16      -1.826595881499e-17 
 1936       3.084023730939e-11       1.721954708402e-12      -2.028635330874e-12       0.000000000000e+00       4.555404935211e-16       1.111328636913e-16      -1.822620248979e-17 
 1937       3.081532886224e-11       1.719738464117e-12      -2.057926924700e-12       0.000000000000e+00       4.546017797995e-16       1.115013896750e-16      -1.818395496481e-17 
 1938       3.079250772757e-11       1.717325814883e-12      -2.086989034023e-12       0.000000000000e+00       4.536654419369e-16       1.118655247423e-16      -1.813923682818e-17 
 1939       3.077174194991e-11       1.714718546268e-12      -2.115811928417e-12       0.000000000000e+00       4.527314737285e-16       1.122251354311e-16      -1.809206877625e-17 
 1940       3.075299942135e-11       1.711918453048e-12      -2.144385839876e-12       0.000000000000e+00       4.517998689050e-16       1.125800877749e-16      -1.804247161372e-17 
 1941       3.073624788131e-11       1.708927339214e-12      -2.172700962769e-12       0.000000000000e+00       4.508706211325e-16       1.129302473016e-16      -1.799046625375e-17 
 1942       3.072145491642e-11       1.705747017988e-12      -2.200747453794e-12       0.000000000000e+00       4.499437240121e-16       1.132754790333e-16      -1.793607371820e-17 
 1943       3.070858796023e-11       1.702379311833e-12      -2.228515431925e-12       0.000000000000e+00       4.490191710800e-16       1.136156474856e-16      -1.787931513767e-17 
 1944       3.069761429305e-11       1.698826052471e-12      -2.255994978371e-12       0.000000000000e+00       4.480969558073e-16       1.139506166669e-16      -1.782021175173e-17 
 1945       3.068850104172e-11       1.695089080887e-12      -2.283176136526e-12       0.000000000000e+00       4.471770716001e-16       1.142802500778e-16      -1.775878490904e-17 
 1946       3.068121517943e-11       1.691170247350e-12      -2.310048911920e-12       0.000000000000e+00       4.462595117992e-16       1.146044107102e-16      -1.769505606751e-17 
 1947       3.067572352549e-11       1.687071411420e-12      -2.336603272176e-12       0.000000000000e+00       4.453442696800e-16       1.149229610474e-16      -1.762904679443e-17 
 1948       3.067199274515e-11       1.682794441965e-12      -2.362829146959e-12       0.000000000000e+00       4.444313384525e-16       1.152357630626e-16      -1.756077876663e-17 
 1949       3.066998934936e-11       1.678341217170e-12      -2.388716427929e-12       0.000000000000e+00       4.435207112611e-16       1.155426782189e-16      -1.749027377063e-17 
 1950       3.066967969460e-11       1.673713624550e-12      -2.414254968698e-12       0.000000000000e+00       4.426123811847e-16       1.158435674682e-16      -1.741755370279e-17 
 1951       3.067102998265e-11       1.668913560967e-12      -2.439434584778e-12       0.000000000000e+00       4.417063412362e-16       1.161382912512e-16      -1.734264056948e-17 
 1952       3.067400626041e-11       1.663942932635e-12      -2.464245053535e-12       0.000000000000e+00       4.408025843627e-16       1.164267094959e-16      -1.726555648716e-17 
 1953       3.067857441965e-11       1.658803655141e-12      -2.488676114143e-12       0.000000000000e+00       4.399011034454e-16       1.167086816178e-16      -1.718632368263e-17 
 1954       3.068470019686e-11       1.653497653451e-12      -2.512717467535e-12       0.000000000000e+00       4.390018912995e-16       1.169840665188e-16      -1.710496449309e-17 
 1955       3.069234917300e-11       1.648026861927e-12      -2.536358776358e-12       0.000000000000e+00       4.381049406738e-16       1.172527225867e-16      -1.702150136634e-17 
 1956       3.070148677333e-11       1.642393224335e-12      -2.559589664923e-12       0.000000000000e+00       4.372102442508e-16       1.175145076945e-16      -1.693595686091e-17 
 1957       3.071207826716e-11       1.636598693865e-12      -2.582399719160e-12       0.000000000000e+00       4.363177946470e-16       1.177692792000e-16      -1.684835364622e-17 
 1958       3.072408876771e-11       1.630645233135e-12      -2.604778486571e-12       0.000000000000e+00       4.354275844120e-16       1.180168939447e-16      -1.675871450273e-17 
 1959       3.073748323181e-11       1.624534814211e-12      -2.626715476179e-12       0.000000000000e+00       4.345396060289e-16       1.182572082539e-16      -1.666706232206e-17 
 1960       3.075222645981e-11       1.618269418614e-12      -2.648200158485e-12       0.000000000000e+00       4.336538519142e-16       1.184900779351e-16      -1.657342010718e-17 
 1961       3.076828309528e-11       1.611851037336e-12      -2.669221965420e-12       0.000000000000e+00       4.327703144175e-16       1.187153582784e-16      -1.647781097254e-17 
 1962       3.078561762484e-11       1.605281670853e-12      -2.689770290296e-12       0.000000000000e+00       4.318889858217e-16       1.189329040551e-16      -1.638025814422e-17 
 1963       3.080419437796e-11       1.598563329134e-12      -2.709834487760e-12       0.000000000000e+00       4.310098583422e-16       1.191425695175e-16      -1.628078496007e-17 
 1964       3.082397752676e-11       1.591698031657e-12      -2.729403873746e-12       0.000000000000e+00       4.301329241279e-16       1.193442083980e-16      -1.617941486989e-17 
 1965       3.084493108577e-11       1.584687807422e-12      -2.748467725429e-12       0.000000000000e+00       4.292581752600e-16       1.195376739086e-16      -1.607617143555e-17 
 1966       3.086701891178e-11       1.577534694961e-12      -2.767015281176e-12       0.000000000000e+00       4.283856037526e-16       1.197228187404e-16      -1.597107833113e-17 
 1967       3.089020470356e-11       1.570240742352e-12      -2.785035740501e-12       0.000000000000e+00       4.275152015523e-16       1.198994950627e-16      -1.586415934312e-17 
 1968       3.091445200173e-11       1.562808007231e-12      -2.802518264014e-12       0.000000000000e+00       4.266469605383e-16       1.200675545224e-16      -1.575543837050e-17 
 1969       3.093972418851e-11       1.555238556807e-12      -2.819451973380e-12       0.000000000000e+00       4.257808725219e-16       1.202268482438e-16      -1.564493942496e-17 
 1970       3.096598422813e-11       1.547534655486e-12      -2.835827610853e-12       0.000000000000e+00       4.249169298145e-16       1.203772686866e-16      -1.553269118438e-17 
 1971       3.099319388641e-11       1.539699329259e-12      -2.851642531466e-12       0.000000000000e+00       4.240551269346e-16       1.205188755631e-16      -1.541874069008e-17 
 1972       3.102131450494e-11       1.531735805534e-12      -2.866895747844e-12       0.000000000000e+00       4.231954589129e-16       1.206517708559e-16      -1.530313975167e-17 
 1973       3.105030725979e-11       1.523647325920e-12      -2.881586273977e-12       0.000000000000e+00       4.223379207260e-16       1.207760570434e-16      -1.518594040315e-17 
 1974       3.108013316128e-11       1.515437146245e-12      -2.895713125234e-12       0.000000000000e+00       4.214825072964e-16       1.208918371013e-16      -1.506719490325e-17 
 1975       3.111075305375e-11       1.507108536576e-12      -2.909275318361e-12       0.000000000000e+00       4.206292134919e-16       1.209992145027e-16      -1.494695573567e-17 
 1976       3.114212761536e-11       1.498664781236e-12      -2.922271871486e-12       0.000000000000e+00       4.197780341260e-16       1.210982932192e-16      -1.482527560943e-17 
 1977       3.117421735788e-11       1.490109178825e-12      -2.934701804126e-12       0.000000000000e+00       4.189289639577e-16       1.211891777211e-16      -1.470220745908e-17 
 1978       3.120698262646e-11       1.481445042233e-12      -2.946564137186e-12       0.000000000000e+00       4.180819976913e-16       1.212719729784e-16      -1.457780444508e-17 
 1979       3.124038359944e-11       1.472675698664e-12      -2.957857892970e-12       0.000000000000e+00       4.172371299763e-16       1.213467844614e-16      -1.445211995401e-17 
 1980       3.127438028812e-11       1.463804489652e-12      -2.968582095176e-12       0.000000000000e+00       4.163943554076e-16       1.214137181413e-16      -1.432520759892e-17 
 1981       3.130893253655e-11       1.454834771080e-12      -2.978735768910e-12       0.000000000000e+00       4.155536685251e-16       1.214728804908e-16      -1.419712121959e-17 
 1982       3.134400002132e-11       1.445769913198e-12      -2.988317940681e-12       0.000000000000e+00       4.147150638137e-16       1.215243784850e-16      -1.406791488282e-17 
 1983       3.137954225134e-11       1.436613300641e-12      -2.997327638412e-12       0.000000000000e+00       4.138785357033e-16       1.215683196019e-16      -1.393764288273e-17 
 1984       3.141551856762e-11       1.427368332449e-12      -3.005763891439e-12       0.000000000000e+00       4.130440785685e-16       1.216048118230e-16      -1.380635974104e-17 
 1985       3.145188814310e-11       1.418038422083e-12      -3.013625730519e-12       0.000000000000e+00       4.122116867289e-16       1.216339636342e-16      -1.367412020738e-17 
 1986       3.148860998236e-11       1.408626997446e-12      -3.020912187832e-12       0.000000000000e+00       4.113813544486e-16       1.216558840261e-16      -1.354097925955e-17 
 1987       3.152564292148e-11       1.399137500902e-12      -3.027622296983e-12       0.000000000000e+00       4.105530759363e-16       1.216706824949e-16      -1.340699210383e-17 
 1988       3.156294562780e-11       1.389573389289e-12      -3.033755093012e-12       0.000000000000e+00       4.097268453453e-16       1.216784690433e-16      -1.327221417528e-17 
 1989       3.160047659968e-11       1.379938133945e-12      -3.039309612391e-12       0.000000000000e+00       4.089026567732e-16       1.216793541807e-16      -1.313670113799e-17 
 1990       3.163819416632e-11       1.370235220720e-12      -3.044284893034e-12       0.000000000000e+00       4.080805042621e-16       1.216734489240e-16      -1.300050888542e-17 
 1991       3.167605648754e-11       1.360468149999e-12      -3.048679974297e-12       0.000000000000e+00       4.072603817981e-16       1.216608647985e-16      -1.286369354066e-17 
 1992       3.171402155356e-11       1.350640436716e-12      -3.052493896984e-12       0.000000000000e+00       4.064422833117e-16       1.216417138383e-16      -1.272631145671e-17 
 1993       3.175204718480e-11       1.340755610379e-12      -3.055725703351e-12       0.000000000000e+00       4.056262026774e-16       1.216161085870e-16      -1.258841921682e-17 
 1994       3.179009103163e-11       1.330817215080e-12      -3.058374437107e-12       0.000000000000e+00       4.048121337135e-16       1.215841620987e-16      -1.245007363470e-17 
 1995       3.182811057420e-11       1.320828809522e-12      -3.060439143425e-12       0.000000000000e+00       4.040000701824e-16       1.215459879379e-16      -1.231133175490e-17 
 1996       3.186606312222e-11       1.310793967030e-12      -3.061918868938e-12       0.000000000000e+00       4.031900057904e-16       1.215017001812e-16      -1.217225085303e-17 
 1997       3.190390581470e-11       1.300716275574e-12      -3.062812661749e-12       0.000000000000e+00       4.023819341872e-16       1.214514134170e-16      -1.203288843608e-17 
 1998       3.194159561982e-11       1.290599337787e-12      -3.063119571432e-12       0.000000000000e+00       4.015758489665e-16       1.213952427467e-16      -1.189330224272e-17 
 1999       3.197908933462e-11       1.280446770981e-12      -3.062838649036e-12       0.000000000000e+00       4.007717436652e-16       1.213333037854e-16      -1.175355024356e-17 
 2000       3.201634358488e-11       1.270262207169e-12      -3.061968947090e-12       0.000000000000e+00       3.999696117640e-16       1.212657126621e-16      -1.161369064146e-17 
 2001       3.205331482482e-11       1.260049293079e-12      -3.060509519609e-12       0.000000000000e+00       3.991694466867e-16       1.211925860210e-16      -1.147378187183e-17 
 2002       3.208995933695e-11       1.249811690178e-12      -3.058459422093e-12       0.000000000000e+00       3.983712418006e-16       1.211140410216e-16      -1.133388260288e-17 
 2003       3.212623323185e-11       1.239553074685e-12      -3.055817711536e-12       0.000000000000e+00       3.975749904161e-16       1.210301953397e-16      -1.119405173597e-17 
 2004       3.216209244791e-11       1.229277137592e-12      -3.052583446428e-12       0.000000000000e+00       3.967806857867e-16       1.209411671679e-16      -1.105434840584e-17 
 2005       3.219749275116e-11       1.218987584683e-12      -3.048755686758e-12       0.000000000000e+00       3.959883211091e-16       1.208470752163e-16      -1.091483198093e-17 
 2006       3.223238973505e-11       1.208688136552e-12      -3.044333494019e-12       0.000000000000e+00       3.951978895227e-16       1.207480387133e-16      -1.077556206368e-17 
 2007       3.226673882024e-11       1.198382528621e-12      -3.039315931214e-12       0.000000000000e+00       3.944093841099e-16       1.206441774061e-16      -1.063659849079e-17 
 2008       3.230049525434e-11       1.188074511157e-12      -3.033702062856e-12       0.000000000000e+00       3.936227978959e-16       1.205356115614e-16      -1.049800133354e-17 
 2009       3.233361763471e-11       1.177767677603e-12      -3.027492234294e-12       0.000000000000e+00       3.928381243464e-16       1.204224423386e-16      -1.035981886366e-17 
 2010       3.236607850499e-11       1.167464948153e-12      -3.020691919857e-12       0.000000000000e+00       3.920553588648e-16       1.203046927516e-16      -1.022205135459e-17 
 2011       3.239785383535e-11       1.157169082449e-12      -3.013307902755e-12       0.000000000000e+00       3.912744973061e-16       1.201823662783e-16      -1.008468701706e-17 
 2012       3.242891950637e-11       1.146882850947e-12      -3.005346998343e-12       0.000000000000e+00       3.904955354793e-16       1.200554664491e-16      -9.947714009506e-18 
 2013       3.245925130899e-11       1.136609034923e-12      -2.996816054167e-12       0.000000000000e+00       3.897184691478e-16       1.199239968466e-16      -9.811120437992e-18 
 2014       3.248882494438e-11       1.126350426493e-12      -2.987721950006e-12       0.000000000000e+00       3.889432940292e-16       1.197879611062e-16      -9.674894356137e-18 
 2015       3.251761602385e-11       1.116109828625e-12      -2.978071597911e-12       0.000000000000e+00       3.881700057953e-16       1.196473629159e-16      -9.539023765051e-18 
 2016       3.254560006870e-11       1.105890055150e-12      -2.967871942249e-12       0.000000000000e+00       3.873986000719e-16       1.195022060162e-16      -9.403496613269e-18 
 2017       3.257275251015e-11       1.095693930776e-12      -2.957129959745e-12       0.000000000000e+00       3.866290724387e-16       1.193524942009e-16      -9.268300796684e-18 
 2018       3.259904868924e-11       1.085524291105e-12      -2.945852659527e-12       0.000000000000e+00       3.858614184294e-16       1.191982313161e-16      -9.133424158475e-18 
 2019       3.262446385667e-11       1.075383982639e-12      -2.934047083160e-12       0.000000000000e+00       3.850956335315e-16       1.190394212614e-16      -8.998854489044e-18 
 2020       3.264897317274e-11       1.065275862803e-12      -2.921720304698e-12       0.000000000000e+00       3.843317131864e-16       1.188760679890e-16      -8.864579525945e-18 
 2021       3.267255170721e-11       1.055202799948e-12      -2.908879430719e-12       0.000000000000e+00       3.835696527891e-16       1.187081755046e-16      -8.730586953821e-18 
 2022       3.269517443921e-11       1.045167673372e-12      -2.895531600368e-12       0.000000000000e+00       3.828094476881e-16       1.185357478668e-16      -8.596864404330e-18 
 2023       3.271681625714e-11       1.035173373332e-12      -2.881683985403e-12       0.000000000000e+00       3.820510931856e-16       1.183587891878e-16      -8.463399456083e-18 
 2024       3.273745195851e-11       1.025222801053e-12      -2.867343790233e-12       0.000000000000e+00       3.812945845373e-16       1.181773036328e-16      -8.330179634573e-18 
 2025       3.275705624992e-11       1.015318868747e-12      -2.852518251962e-12       0.000000000000e+00       3.805399169523e-16       1.179912954208e-16      -8.197192412110e-18 
 2026       3.277560374684e-11       1.005464499622e-12      -2.837214640429e-12       0.000000000000e+00       3.797870855930e-16       1.178007688242e-16      -8.064425207749e-18 
 2027       3.279306897361e-11       9.956626278977e-13      -2.821440258255e-12       0.000000000000e+00       3.790360855751e-16       1.176057281689e-16      -7.931865387229e-18 
 2028       3.280942636326e-11       9.859161988189e-13      -2.805202440878e-12       0.000000000000e+00       3.782869119673e-16       1.174061778346e-16      -7.799500262901e-18 
 2029       3.282465025742e-11       9.762281686673e-13      -2.788508556600e-12       0.000000000000e+00       3.775395597919e-16       1.172021222548e-16      -7.667317093658e-18 
 2030       3.283871490622e-11       9.666015047759e-13      -2.771366006629e-12       0.000000000000e+00       3.767940240236e-16       1.169935659168e-16      -7.535303084875e-18 
 2031       3.285159446817e-11       9.570391855423e-13      -2.753782225119e-12       0.000000000000e+00       3.760502995908e-16       1.167805133619e-16      -7.403445388335e-18 
 2032       3.286326301006e-11       9.475442004417e-13      -2.735764679213e-12       0.000000000000e+00       3.753083813741e-16       1.165629691854e-16      -7.271731102163e-18 
 2033       3.287369450686e-11       9.381195500406e-13      -2.717320869083e-12       0.000000000000e+00       3.745682642075e-16       1.163409380365e-16      -7.140147270760e-18 
 2034       3.288286284158e-11       9.287682460097e-13      -2.698458327978e-12       0.000000000000e+00       3.738299428775e-16       1.161144246189e-16      -7.008680884734e-18 
 2035       3.289074180519e-11       9.194933111375e-13      -2.679184622258e-12       0.000000000000e+00       3.730934121233e-16       1.158834336903e-16      -6.877318880831e-18 
 2036       3.289730509649e-11       9.102977793439e-13      -2.659507351444e-12       0.000000000000e+00       3.723586666368e-16       1.156479700628e-16      -6.746048141871e-18 
 2037       3.290252632203e-11       9.011846956930e-13      -2.639434148253e-12       0.000000000000e+00       3.716257010624e-16       1.154080386031e-16      -6.614855496679e-18 
 2038       3.290637899598e-11       8.921571164066e-13      -2.618972678645e-12       0.000000000000e+00       3.708945099969e-16       1.151636442321e-16      -6.483727720014e-18 
 2039       3.290883654002e-11       8.832181088778e-13      -2.598130641862e-12       0.000000000000e+00       3.701650879898e-16       1.149147919255e-16      -6.352651532506e-18 
 2040       3.290987228322e-11       8.743707516842e-13      -2.576915770474e-12       0.000000000000e+00       3.694374295426e-16       1.146614867135e-16      -6.221613600588e-18 
 2041       3.290945946199e-11       8.656181346009e-13      -2.555335830415e-12       0.000000000000e+00       3.687115291092e-16       1.144037336812e-16      -6.090600536425e-18 
 2042       3.290757121989e-11       8.569633586145e-13      -2.533398621031e-12       0.000000000000e+00       3.679873810957e-16       1.141415379684e-16      -5.959598897849e-18 
 2043       3.290418060757e-11       8.484095359357e-13      -2.511111975119e-12       0.000000000000e+00       3.672649798603e-16       1.138749047699e-16      -5.828595188292e-18 
 2044       3.289926058267e-11       8.399597900133e-13      -2.488483758970e-12       0.000000000000e+00       3.665443197134e-16       1.136038393353e-16      -5.697575856715e-18 
 2045       3.289278400967e-11       8.316172555471e-13      -2.465521872409e-12       0.000000000000e+00       3.658253949170e-16       1.133283469695e-16      -5.566527297545e-18 
 2046       3.288472365981e-11       8.233850785014e-13      -2.442234248840e-12       0.000000000000e+00       3.651081996855e-16       1.130484330324e-16      -5.435435850604e-18 
 2047       3.287505221098e-11       8.152664161181e-13      -2.418628855288e-12       0.000000000000e+00       3.643927281847e-16       1.127641029392e-16      -5.304287801042e-18 
 2048       3.286374701783e-11       8.072640548393e-13      -2.394713961589e-12       0.000000000000e+00       3.636789748515e-16       1.124753502894e-16      -5.173074626506e-18 
 2049       3.285080445962e-11       7.993792610607e-13      -2.370498949992e-12       0.000000000000e+00       3.629669353540e-16       1.121821211620e-16      -5.041808779766e-18 
 2050       3.283622569468e-11       7.916129221909e-13      -2.345993511430e-12       0.000000000000e+00       3.622566056375e-16       1.118843495654e-16      -4.910508018754e-18 
 2051       3.282001189957e-11       7.839659279989e-13      -2.321207376942e-12       0.000000000000e+00       3.615479816068e-16       1.115819692848e-16      -4.779190169650e-18 
 2052       3.280216426908e-11       7.764391706167e-13      -2.296150317726e-12       0.000000000000e+00       3.608410591254e-16       1.112749138820e-16      -4.647873126971e-18 
 2053       3.278268401622e-11       7.690335445417e-13      -2.270832145184e-12       0.000000000000e+00       3.601358340158e-16       1.109631166952e-16      -4.516574853644e-18 
 2054       3.276157237234e-11       7.617499466392e-13      -2.245262710975e-12       0.000000000000e+00       3.594323020594e-16       1.106465108387e-16      -4.385313381098e-18 
 2055       3.273883058707e-11       7.545892761446e-13      -2.219451907065e-12       0.000000000000e+00       3.587304589962e-16       1.103250292023e-16      -4.254106809340e-18 
 2056       3.271445992838e-11       7.475524346661e-13      -2.193409665776e-12       0.000000000000e+00       3.580303005252e-16       1.099986044518e-16      -4.122973307039e-18 
 2057       3.268846168263e-11       7.406403261868e-13      -2.167145959834e-12       0.000000000000e+00       3.573318223038e-16       1.096671690280e-16      -3.991931111610e-18 
 2058       3.266083715457e-11       7.338538570672e-13      -2.140670802421e-12       0.000000000000e+00       3.566350199483e-16       1.093306551467e-16      -3.860998529297e-18 
 2059       3.263158766736e-11       7.271939360480e-13      -2.113994247226e-12       0.000000000000e+00       3.559398890332e-16       1.089889947987e-16      -3.730193935250e-18 
 2060       3.260071456262e-11       7.206614742517e-13      -2.087126388491e-12       0.000000000000e+00       3.552464250918e-16       1.086421197492e-16      -3.599535773614e-18 
 2061       3.256821920046e-11       7.142573851858e-13      -2.060077361062e-12       0.000000000000e+00       3.545546236156e-16       1.082899615377e-16      -3.469042557609e-18 
 2062       3.253410295949e-11       7.079825847449e-13      -2.032857340442e-12       0.000000000000e+00       3.538644800545e-16       1.079324514775e-16      -3.338732869611e-18 
 2063       3.249836723685e-11       7.018379912128e-13      -2.005476542835e-12       0.000000000000e+00       3.531759898168e-16       1.075695206559e-16      -3.208625361237e-18 
 2064       3.246101344824e-11       6.958245252655e-13      -1.977945225202e-12       0.000000000000e+00       3.524891482688e-16       1.072010999336e-16      -3.078738753425e-18 
 2065       3.242204302797e-11       6.899431099733e-13      -1.950273685305e-12       0.000000000000e+00       3.518039507352e-16       1.068271199444e-16      -2.949091836518e-18 
 2066       3.238145742895e-11       6.841946708030e-13      -1.922472261762e-12       0.000000000000e+00       3.511203924988e-16       1.064475110952e-16      -2.819703470346e-18 
 2067       3.233925812274e-11       6.785801356209e-13      -1.894551334092e-12       0.000000000000e+00       3.504384688001e-16       1.060622035656e-16      -2.690592584309e-18 
 2068       3.229544659958e-11       6.731004346944e-13      -1.866521322768e-12       0.000000000000e+00       3.497581748380e-16       1.056711273075e-16      -2.561778177460e-18 
 2069       3.225002436839e-11       6.677565006953e-13      -1.838392689266e-12       0.000000000000e+00       3.490795057691e-16       1.052742120453e-16      -2.433279318583e-18 
 2070       3.220299295685e-11       6.625492687014e-13      -1.810175936113e-12       0.000000000000e+00       3.484024567079e-16       1.048713872749e-16      -2.305115146283e-18 
 2071       3.215435391138e-11       6.574796761996e-13      -1.781881606940e-12       0.000000000000e+00       3.477270227267e-16       1.044625822642e-16      -2.177304869061e-18 
 2072       3.210410879717e-11       6.525486630877e-13      -1.753520286530e-12       0.000000000000e+00       3.470531988555e-16       1.040477260524e-16      -2.049867765403e-18 
 2073       3.205225919824e-11       6.477571716772e-13      -1.725102600865e-12       0.000000000000e+00       3.463809800819e-16       1.036267474498e-16      -1.922823183856e-18 
 2074       3.199880671745e-11       6.431061466957e-13      -1.696639217182e-12       0.000000000000e+00       3.457103613512e-16       1.031995750376e-16      -1.796190543116e-18 
 2075       3.194375297652e-11       6.385965352891e-13      -1.668140844018e-12       0.000000000000e+00       3.450413375663e-16       1.027661371678e-16      -1.669989332108e-18 
 2076       3.188709961606e-11       6.342292870241e-13      -1.639618231259e-12       0.000000000000e+00       3.443739035874e-16       1.023263619625e-16      -1.544239110067e-18 
 2077       3.182884829562e-11       6.300053538908e-13      -1.611082170195e-12       0.000000000000e+00       3.437080542322e-16       1.018801773142e-16      -1.418959506625e-18 
 2078       3.176900069368e-11       6.259256903048e-13      -1.582543493565e-12       0.000000000000e+00       3.430437842759e-16       1.014275108850e-16      -1.294170221887e-18 
 2079       3.170755850769e-11       6.219912531096e-13      -1.554013075608e-12       0.000000000000e+00       3.423810884507e-16       1.009682901067e-16      -1.169891026520e-18 
 2080       3.164452345415e-11       6.182030015796e-13      -1.525501832114e-12       0.000000000000e+00       3.417199614462e-16       1.005024421805e-16      -1.046141761832e-18 
 2081       3.157989726854e-11       6.145618974216e-13      -1.497020720471e-12       0.000000000000e+00       3.410603979091e-16       1.000298940766e-16      -9.229423398530e-19 
 2082       3.151368170543e-11       6.110689047780e-13      -1.468580739719e-12       0.000000000000e+00       3.404023924434e-16       9.955057253408e-17      -8.003127434211e-19 
 2083       3.144587853848e-11       6.077249902288e-13      -1.440192930595e-12       0.000000000000e+00       3.397459396098e-16       9.906440406050e-17      -6.782730262629e-19 
 2084       3.137648956044e-11       6.045311227940e-13      -1.411868375587e-12       0.000000000000e+00       3.390910339262e-16       9.857131493177e-17      -5.568433130761e-19 
 2085       3.130551658324e-11       6.014882739361e-13      -1.383618198980e-12       0.000000000000e+00       3.384376698675e-16       9.807123119185e-17      -4.360437996123e-19 
 2086       3.123296143794e-11       5.985974175628e-13      -1.355453566910e-12       0.000000000000e+00       3.377858418651e-16       9.756407865246e-17      -3.158947527594e-19 
 2087       3.115882926449e-11       5.958591748454e-13      -1.327384980605e-12       0.000000000000e+00       3.371355446808e-16       9.704984373306e-17      -1.964177919868e-19 
 2088       3.108313840595e-11       5.932727459483e-13      -1.299420150608e-12       0.000000000000e+00       3.364867745284e-16       9.652875644764e-17      -7.763974334169e-20 
 2089       3.100591058366e-11       5.908369708118e-13      -1.271566107746e-12       0.000000000000e+00       3.358395279597e-16       9.600110870081e-17       4.041118735157e-20 
 2090       3.092716761405e-11       5.885506836483e-13      -1.243829908609e-12       0.000000000000e+00       3.351938014916e-16       9.546719356561e-17       1.577066932823e-19 
 2091       3.084693140873e-11       5.864127129343e-13      -1.216218635582e-12       0.000000000000e+00       3.345495916060e-16       9.492730528484e-17       2.742183665360e-19 
 2092       3.076522397463e-11       5.844218814037e-13      -1.188739396876e-12       0.000000000000e+00       3.339068947502e-16       9.438173927257e-17       3.899176979765e-19 
 2093       3.068206741409e-11       5.825770060397e-13      -1.161399326556e-12       0.000000000000e+00       3.332657073362e-16       9.383079211547e-17       5.047760771281e-19 
 2094       3.059748392500e-11       5.808768980683e-13      -1.134205584573e-12       0.000000000000e+00       3.326260257413e-16       9.327476157429e-17       6.187647920580e-19 
 2095       3.051149580089e-11       5.793203629501e-13      -1.107165356792e-12       0.000000000000e+00       3.319878463076e-16       9.271394658523e-17       7.318550292587e-19 
 2096       3.042412543110e-11       5.779062003734e-13      -1.080285855025e-12       0.000000000000e+00       3.313511653419e-16       9.214864726140e-17       8.440178735300e-19 
 2097       3.033539530084e-11       5.766332042467e-13      -1.053574317062e-12       0.000000000000e+00       3.307159791163e-16       9.157916489418e-17       9.552243078611e-19 
 2098       3.024532799136e-11       5.755001626913e-13      -1.027038006697e-12       0.000000000000e+00       3.300822838672e-16       9.100580195472e-17       1.065445213313e-18 
 2099       3.015394618001e-11       5.745058580342e-13      -1.000684213763e-12       0.000000000000e+00       3.294500757959e-16       9.042886209527e-17       1.174651368902e-18 
 2100       3.006127264043e-11       5.736490668001e-13      -9.745202541582e-13       0.000000000000e+00       3.288193510685e-16       8.984865015064e-17       1.282813451479e-18 
 2101       2.996733024260e-11       5.729285597048e-13      -9.485534698792e-13       0.000000000000e+00       3.281901058156e-16       8.926547213962e-17       1.389902035616e-18 
 2102       2.987214195300e-11       5.723431016473e-13      -9.227912290506e-13       0.000000000000e+00       3.275623361324e-16       8.867963526638e-17       1.495887593482e-18 
 2103       2.977573083471e-11       5.718914517025e-13      -8.972409259546e-13       0.000000000000e+00       3.269360380786e-16       8.809144792189e-17       1.600740494734e-18 
 2104       2.967812004754e-11       5.715723631140e-13      -8.719099810619e-13       0.000000000000e+00       3.263112076784e-16       8.750121968534e-17       1.704431006390e-18 
 2105       2.957933284815e-11       5.713845832867e-13      -8.468058410619e-13       0.000000000000e+00       3.256878409204e-16       8.690926132557e-17       1.806929292719e-18 
 2106       2.947939259015e-11       5.713268537792e-13      -8.219359788928e-13       0.000000000000e+00       3.250659337575e-16       8.631588480245e-17       1.908205415119e-18 
 2107       2.937832272422e-11       5.713979102969e-13      -7.973078937721e-13       0.000000000000e+00       3.244454821070e-16       8.572140326834e-17       2.008229331999e-18 
 2108       2.927614679826e-11       5.715964826839e-13      -7.729291112266e-13       0.000000000000e+00       3.238264818504e-16       8.512613106947e-17       2.106970898663e-18 
 2109       2.917288845748e-11       5.719212949165e-13      -7.488071831233e-13       0.000000000000e+00       3.232089288335e-16       8.453038374737e-17       2.204399867194e-18 
 2110       2.906857144450e-11       5.723710650950e-13      -7.249496876990e-13       0.000000000000e+00       3.225928188662e-16       8.393447804030e-17       2.300485886330e-18 
 2111       2.896321959953e-11       5.729445054369e-13      -7.013642295908e-13       0.000000000000e+00       3.219781477223e-16       8.333873188466e-17       2.395198501354e-18 
 2112       2.885685686041e-11       5.736403222695e-13      -6.780584398669e-13       0.000000000000e+00       3.213649111400e-16       8.274346441638e-17       2.488507153970e-18 
 2113       2.874950726281e-11       5.744572160220e-13      -6.550399760560e-13       0.000000000000e+00       3.207531048213e-16       8.214899597237e-17       2.580381182189e-18 
 2114       2.864119494027e-11       5.753938812187e-13      -6.323165221785e-13       0.000000000000e+00       3.201427244321e-16       8.155564809193e-17       2.670789820209e-18 
 2115       2.853194412438e-11       5.764490064716e-13      -6.098957887761e-13       0.000000000000e+00       3.195337656024e-16       8.096374351814e-17       2.759702198300e-18 
 2116       2.842177914487e-11       5.776212744724e-13      -5.877855129423e-13       0.000000000000e+00       3.189262239257e-16       8.037360619932e-17       2.847087342683e-18 
 2117       2.831072442971e-11       5.789093619861e-13      -5.659934583531e-13       0.000000000000e+00       3.183200949597e-16       7.978556129040e-17       2.932914175413e-18 
 2118       2.819880450528e-11       5.803119398427e-13      -5.445274152966e-13       0.000000000000e+00       3.177153742255e-16       7.919993515439e-17       3.017151514266e-18 
 2119       2.808604399644e-11       5.818276729304e-13      -5.233952007039e-13       0.000000000000e+00       3.171120572080e-16       7.861705536374e-17       3.099768072612e-18 
 2120       2.797246762666e-11       5.834552201882e-13      -5.026046581789e-13       0.000000000000e+00       3.165101393558e-16       7.803725070180e-17       3.180732459307e-18 
 2121       2.785810021817e-11       5.851932345982e-13      -4.821636580289e-13       0.000000000000e+00       3.159096160810e-16       7.746085116420e-17       3.260013178568e-18 
 2122       2.774296669203e-11       5.870403631785e-13      -4.620800972950e-13       0.000000000000e+00       3.153104827592e-16       7.688818796030e-17       3.337578629859e-18 
 2123       2.762709206827e-11       5.889952469757e-13      -4.423618997821e-13       0.000000000000e+00       3.147127347295e-16       7.631959351459e-17       3.413397107774e-18 
 2124       2.751050146603e-11       5.910565210577e-13      -4.230170160892e-13       0.000000000000e+00       3.141163672946e-16       7.575540146811e-17       3.487436801915e-18 
 2125       2.739322010365e-11       5.932228145061e-13      -4.040534236400e-13       0.000000000000e+00       3.135213757201e-16       7.519594667986e-17       3.559665796777e-18 
 2126       2.727527359888e-11       5.954926051107e-13      -3.854779701954e-13       0.000000000000e+00       3.129277555433e-16       7.464149432645e-17       3.630066878596e-18 
 2127       2.715668887167e-11       5.978637823738e-13      -3.672928956277e-13       0.000000000000e+00       3.123355034981e-16       7.409202666461e-17       3.698682067553e-18 
 2128       2.703749324784e-11       6.003340814819e-13      -3.494992862578e-13       0.000000000000e+00       3.117446165959e-16       7.354745480326e-17       3.765568391957e-18 
 2129       2.691771415967e-11       6.029012283204e-13      -3.320982291981e-13       0.000000000000e+00       3.111550918181e-16       7.300768947152e-17       3.830783109393e-18 
 2130       2.679737914603e-11       6.055629394617e-13      -3.150908123518e-13       0.000000000000e+00       3.105669261163e-16       7.247264101827e-17       3.894383707002e-18 
 2131       2.667651585255e-11       6.083169221540e-13      -2.984781244125e-13       0.000000000000e+00       3.099801164121e-16       7.194221941164e-17       3.956427901750e-18 
 2132       2.655515203165e-11       6.111608743106e-13      -2.822612548641e-13       0.000000000000e+00       3.093946595972e-16       7.141633423859e-17       4.016973640709e-18 
 2133       2.643331554276e-11       6.140924844980e-13      -2.664412939802e-13       0.000000000000e+00       3.088105525330e-16       7.089489470440e-17       4.076079101328e-18 
 2134       2.631103435240e-11       6.171094319254e-13      -2.510193328237e-13       0.000000000000e+00       3.082277920511e-16       7.037780963225e-17       4.133802691711e-18 
 2135       2.618833653431e-11       6.202093864326e-13      -2.359964632463e-13       0.000000000000e+00       3.076463749526e-16       6.986498746273e-17       4.190203050891e-18 
 2136       2.606525026958e-11       6.233900084797e-13      -2.213737778886e-13       0.000000000000e+00       3.070662980088e-16       6.935633625337e-17       4.245339049103e-18 
 2137       2.594180384678e-11       6.266489491351e-13      -2.071523701789e-13       0.000000000000e+00       3.064875579604e-16       6.885176367819e-17       4.299269788063e-18 
 2138       2.581802566208e-11       6.299838500647e-13      -1.933333343335e-13       0.000000000000e+00       3.059101515182e-16       6.835117702724e-17       4.352054601243e-18 
 2139       2.569394421940e-11       6.333923435206e-13      -1.799177653560e-13       0.000000000000e+00       3.053340753623e-16       6.785448320609e-17       4.403753054142e-18 
 2140       2.556958813047e-11       6.368720523299e-13      -1.669067590371e-13       0.000000000000e+00       3.047593261427e-16       6.736158873543e-17       4.454424944567e-18 
 2141       2.544498611505e-11       6.404205898831e-13      -1.543014119537e-13       0.000000000000e+00       3.041859004788e-16       6.687239975056e-17       4.504130302901e-18 
 2142       2.532016700099e-11       6.440355601237e-13      -1.421028214692e-13       0.000000000000e+00       3.036137949599e-16       6.638682200095e-17       4.552929392386e-18 
 2143       2.519515972436e-11       6.477145575359e-13      -1.303120857325e-13       0.000000000000e+00       3.030430061443e-16       6.590476084975e-17       4.600882709392e-18 
 2144       2.506999332960e-11       6.514551671344e-13      -1.189303036781e-13       0.000000000000e+00       3.024735305602e-16       6.542612127335e-17       4.648050983698e-18 
 2145       2.494469696966e-11       6.552549644524e-13      -1.079585750254e-13       0.000000000000e+00       3.019053647049e-16       6.495080786088e-17       4.694495178760e-18 
 2146       2.481929990606e-11       6.591115155308e-13      -9.739800027815e-14       0.000000000000e+00       3.013385050453e-16       6.447872481380e-17       4.740276491992e-18 
 2147       2.469383150909e-11       6.630223769068e-13      -8.724968072458e-14       0.000000000000e+00       3.007729480175e-16       6.400977594538e-17       4.785456355039e-18 
 2148       2.456832125790e-11       6.669850956028e-13      -7.751471843654e-14       0.000000000000e+00       3.002086900268e-16       6.354386468027e-17       4.830096434053e-18 
 2149       2.444279874062e-11       6.709972091150e-13      -6.819421626929e-14       0.000000000000e+00       2.996457274481e-16       6.308089405402e-17       4.874258629967e-18 
 2150       2.431729365451e-11       6.750562454023e-13      -5.928927786107e-14       0.000000000000e+00       2.990840566250e-16       6.262076671261e-17       4.918005078771e-18 
 2151       2.419183580608e-11       6.791597228750e-13      -5.080100763274e-14       0.000000000000e+00       2.985236738707e-16       6.216338491201e-17       4.961398151787e-18 
 2152       2.406645511117e-11       6.833051503838e-13      -4.273051078730e-14       0.000000000000e+00       2.979645754671e-16       6.170865051768e-17       5.004500455945e-18 
 2153       2.394118159518e-11       6.874900272082e-13      -3.507889330959e-14       0.000000000000e+00       2.974067576656e-16       6.125646500414e-17       5.047374834055e-18 
 2154       2.381604539307e-11       6.917118430454e-13      -2.784726196583e-14       0.000000000000e+00       2.968502166862e-16       6.080672945447e-17       5.090084365087e-18 
 2155       2.369107674960e-11       6.959680779993e-13      -2.103672430323e-14       0.000000000000e+00       2.962949487181e-16       6.035934455987e-17       5.132692364443e-18 
 2156       2.356630601936e-11       7.002562025691e-13      -1.464838864964e-14       0.000000000000e+00       2.957409499194e-16       5.991421061919e-17       5.175262384233e-18 
 2157       2.344176366698e-11       7.045736776379e-13      -8.683364113071e-15       0.000000000000e+00       2.951882164170e-16       5.947122753847e-17       5.217858213551e-18 
 2158       2.331748026719e-11       7.089179544618e-13      -3.142760581389e-15       0.000000000000e+00       2.946367443069e-16       5.903029483045e-17       5.260543878746e-18 
 2159       2.319348650499e-11       7.132864746585e-13       1.972311278146e-15       0.000000000000e+00       2.940865296536e-16       5.859131161414e-17       5.303383643706e-18 
 2160       2.306981317575e-11       7.176766701961e-13       6.660740019249e-15       0.000000000000e+00       2.935375684904e-16       5.815417661432e-17       5.346442010122e-18 
 2161       2.294649118535e-11       7.220859633818e-13       1.092141341701e-14       0.000000000000e+00       2.929898568195e-16       5.771878816110e-17       5.389783717773e-18 
 2162       2.282355155029e-11       7.265117668508e-13       1.475321846831e-14       0.000000000000e+00       2.924433906115e-16       5.728504418946e-17       5.433473744796e-18 
 2163       2.270102539786e-11       7.309514835549e-13       1.815504139217e-14       0.000000000000e+00       2.918981658059e-16       5.685284223874e-17       5.477577307962e-18 
 2164       2.257894396620e-11       7.354025067517e-13       2.112576763021e-14       0.000000000000e+00       2.913541783106e-16       5.642207945225e-17       5.522159862951e-18 
 2165       2.245733631328e-11       7.398623266057e-13       2.366519066992e-14       0.000000000000e+00       2.908114243020e-16       5.599267018262e-17       5.567272279526e-18 
 2166       2.233622242649e-11       7.443288508042e-13       2.577674523035e-14       0.000000000000e+00       2.902699011272e-16       5.556459893916e-17       5.612906256939e-18 
 2167       2.221562006667e-11       7.488000860876e-13       2.746479255800e-14       0.000000000000e+00       2.897296064078e-16       5.513786779761e-17       5.659038607612e-18 
 2168       2.209554705520e-11       7.532740318241e-13       2.873371330551e-14       0.000000000000e+00       2.891905377405e-16       5.471247882675e-17       5.705646054755e-18 
 2169       2.197602127402e-11       7.577486800016e-13       2.958790755530e-14       0.000000000000e+00       2.886526926970e-16       5.428843408837e-17       5.752705232271e-18 
 2170       2.185706066571e-11       7.622220152190e-13       3.003179484323e-14       0.000000000000e+00       2.881160688238e-16       5.386573563729e-17       5.800192684647e-18 
 2171       2.173868323358e-11       7.666920146779e-13       3.006981418228e-14       0.000000000000e+00       2.875806636428e-16       5.344438552130e-17       5.848084866851e-18 
 2172       2.162090704169e-11       7.711566481741e-13       2.970642408614e-14       0.000000000000e+00       2.870464746504e-16       5.302438578117e-17       5.896358144225e-18 
 2173       2.150375021499e-11       7.756138780888e-13       2.894610259294e-14       0.000000000000e+00       2.865134993180e-16       5.260573845066e-17       5.944988792387e-18 
 2174       2.138723093931e-11       7.800616593805e-13       2.779334728883e-14       0.000000000000e+00       2.859817350919e-16       5.218844555645e-17       5.993952997122e-18 
 2175       2.127136746146e-11       7.844979395761e-13       2.625267533169e-14       0.000000000000e+00       2.854511793932e-16       5.177250911816e-17       6.043226854276e-18 
 2176       2.115617808934e-11       7.889206587628e-13       2.432862347476e-14       0.000000000000e+00       2.849218296178e-16       5.135793114833e-17       6.092786369660e-18 
 2177       2.104168119192e-11       7.933277495793e-13       2.202574809027e-14       0.000000000000e+00       2.843936831362e-16       5.094471365242e-17       6.142607458937e-18 
 2178       2.092789519938e-11       7.977171372075e-13       1.934862519315e-14       0.000000000000e+00       2.838667372936e-16       5.053285862877e-17       6.192665947522e-18 
 2179       2.081483860314e-11       8.020867393638e-13       1.630185046461e-14       0.000000000000e+00       2.833409894101e-16       5.012236806860e-17       6.242937570478e-18 
 2180       2.070252995597e-11       8.064344662908e-13       1.289003927588e-14       0.000000000000e+00       2.828164367802e-16       4.971324395597e-17       6.293397972411e-18 
 2181       2.059098787199e-11       8.107582207487e-13       9.117826711782e-15       0.000000000000e+00       2.822930766731e-16       4.930548826782e-17       6.344022707365e-18 
 2182       2.048023102679e-11       8.150558980068e-13       4.989867594422e-15       0.000000000000e+00       2.817709063324e-16       4.889910297391e-17       6.394787238721e-18 
 2183       2.037027815749e-11       8.193253858349e-13       5.108365068444e-16       0.000000000000e+00       2.812499229763e-16       4.849409003680e-17       6.445666939087e-18 
 2184       2.026114806280e-11       8.235645644952e-13      -4.314572183324e-15       0.000000000000e+00       2.807301237977e-16       4.809045141189e-17       6.496637090200e-18 
 2185       2.015285960307e-11       8.277713067333e-13      -9.481644300218e-15       0.000000000000e+00       2.802115059636e-16       4.768818904734e-17       6.547672882819e-18 
 2186       2.004543170040e-11       8.319434777698e-13      -1.498564583608e-14       0.000000000000e+00       2.796940666155e-16       4.728730488410e-17       6.598749416620e-18 
 2187       1.993888333866e-11       8.360789352923e-13      -2.082182292761e-14       0.000000000000e+00       2.791778028694e-16       4.688780085586e-17       6.649841700094e-18 
 2188       1.983323356360e-11       8.401755294463e-13      -2.698540183232e-14       0.000000000000e+00       2.786627118156e-16       4.648967888909e-17       6.700924650441e-18 
 2189       1.972850148288e-11       8.442311028268e-13      -3.347158890484e-14       0.000000000000e+00       2.781487905185e-16       4.609294090296e-17       6.751973093466e-18 
 2190       1.962470626619e-11       8.482434904701e-13      -4.027557057334e-14       0.000000000000e+00       2.776360360170e-16       4.569758880936e-17       6.802961763476e-18 
 2191       1.952186714523e-11       8.522105198451e-13      -4.739251331580e-14       0.000000000000e+00       2.771244453241e-16       4.530362451290e-17       6.853865303175e-18 
 2192       1.942000341389e-11       8.561300108447e-13      -5.481756363641e-14       0.000000000000e+00       2.766140154270e-16       4.491104991087e-17       6.904658263559e-18 
 2193       1.931913442821e-11       8.599997757777e-13      -6.254584804187e-14       0.000000000000e+00       2.761047432872e-16       4.451986689322e-17       6.955315103815e-18 
 2194       1.921927960652e-11       8.638176193597e-13      -7.057247301781e-14       0.000000000000e+00       2.755966258400e-16       4.413007734257e-17       7.005810191212e-18 
 2195       1.912045842948e-11       8.675813387052e-13      -7.889252500505e-14       0.000000000000e+00       2.750896599951e-16       4.374168313419e-17       7.056117801000e-18 
 2196       1.902269044016e-11       8.712887233186e-13      -8.750107037600e-14       0.000000000000e+00       2.745838426360e-16       4.335468613597e-17       7.106212116308e-18 
 2197       1.892599524407e-11       8.749375550860e-13      -9.639315541100e-14       0.000000000000e+00       2.740791706204e-16       4.296908820841e-17       7.156067228033e-18 
 2198       1.883039250930e-11       8.785256082668e-13      -1.055638062747e-13       0.000000000000e+00       2.735756407798e-16       4.258489120462e-17       7.205657134741e-18 
 2199       1.873590196651e-11       8.820506494848e-13      -1.150080289922e-13       0.000000000000e+00       2.730732499198e-16       4.220209697029e-17       7.254955742564e-18 
 2200       1.864254340903e-11       8.855104377200e-13      -1.247208094259e-13       0.000000000000e+00       2.725719948197e-16       4.182070734369e-17       7.303936865091e-18 
 2201       1.855033669296e-11       8.889027243001e-13      -1.346971132511e-13       0.000000000000e+00       2.720718722328e-16       4.144072415564e-17       7.352574223267e-18 
 2202       1.845930173718e-11       8.922252528920e-13      -1.449318859331e-13       0.000000000000e+00       2.715728788862e-16       4.106214922950e-17       7.400841445288e-18 
 2203       1.836945852345e-11       8.954757594929e-13      -1.554200527030e-13       0.000000000000e+00       2.710750114808e-16       4.068498438116e-17       7.448712066498e-18 
 2204       1.828082386814e-11       8.986522324718e-13      -1.661562747851e-13       0.000000000000e+00       2.705782668216e-16       4.030924308099e-17       7.496155458188e-18 
 2205       1.819340171386e-11       9.017536945960e-13      -1.771342163564e-13       0.000000000000e+00       2.700826422100e-16       3.993498552435e-17       7.543124584661e-18 
 2206       1.810719277347e-11       9.047794261817e-13      -1.883472726705e-13       0.000000000000e+00       2.695881350539e-16       3.956228379399e-17       7.589568164641e-18 
 2207       1.802219775255e-11       9.077287055141e-13      -1.997888133359e-13       0.000000000000e+00       2.690947427380e-16       3.919121021954e-17       7.635434734779e-18 
 2208       1.793841734939e-11       9.106008088457e-13      -2.114521822855e-13       0.000000000000e+00       2.686024626232e-16       3.882183737772e-17       7.680672649447e-18 
 2209       1.785585225501e-11       9.133950103937e-13      -2.233306977476e-13       0.000000000000e+00       2.681112920469e-16       3.845423809267e-17       7.725230080537e-18 
 2210       1.777450315308e-11       9.161105823384e-13      -2.354176522157e-13       0.000000000000e+00       2.676212283229e-16       3.808848543621e-17       7.769055017251e-18 
 2211       1.769437071996e-11       9.187467948210e-13      -2.477063124194e-13       0.000000000000e+00       2.671322687413e-16       3.772465272810e-17       7.812095265899e-18 
 2212       1.761545562469e-11       9.213029159411e-13      -2.601899192939e-13       0.000000000000e+00       2.666444105686e-16       3.736281353631e-17       7.854298449698e-18 
 2213       1.753775852893e-11       9.237782117552e-13      -2.728616879513e-13       0.000000000000e+00       2.661576510476e-16       3.700304167732e-17       7.895612008559e-18 
 2214       1.746128008701e-11       9.261719462745e-13      -2.857148076503e-13       0.000000000000e+00       2.656719873971e-16       3.664541121637e-17       7.935983198889e-18 
 2215       1.738602094587e-11       9.284833814625e-13      -2.987424417665e-13       0.000000000000e+00       2.651874168125e-16       3.628999646775e-17       7.975359093384e-18 
 2216       1.731198174507e-11       9.307117772331e-13      -3.119377277632e-13       0.000000000000e+00       2.647039364651e-16       3.593687199506e-17       8.013686580826e-18 
 2217       1.723916311676e-11       9.328563914488e-13      -3.252937771612e-13       0.000000000000e+00       2.642215435025e-16       3.558611261147e-17       8.050912365874e-18 
 2218       1.716756568571e-11       9.349164799182e-13      -3.388036755095e-13       0.000000000000e+00       2.637402350484e-16       3.523779338005e-17       8.086982968864e-18 
 2219       1.709719006924e-11       9.368912963941e-13      -3.524604823555e-13       0.000000000000e+00       2.632600082025e-16       3.489198961396e-17       8.121844725601e-18 
 2220       1.702803687726e-11       9.387800925714e-13      -3.662572312151e-13       0.000000000000e+00       2.627808600406e-16       3.454877687681e-17       8.155443787157e-18 
 2221       1.696010671222e-11       9.405821180852e-13      -3.801869295437e-13       0.000000000000e+00       2.623027876147e-16       3.420823098287e-17       8.187726119665e-18 
 2222       1.689340016910e-11       9.422966205084e-13      -3.942425587055e-13       0.000000000000e+00       2.618257879524e-16       3.387042799735e-17       8.218637504113e-18 
 2223       1.682791783545e-11       9.439228453498e-13      -4.084170739450e-13       0.000000000000e+00       2.613498580576e-16       3.353544423673e-17       8.248123536142e-18 
 2224       1.676366029129e-11       9.454600360522e-13      -4.227034043562e-13       0.000000000000e+00       2.608749949099e-16       3.320335626895e-17       8.276129625838e-18 
 2225       1.670062810918e-11       9.469074339898e-13      -4.370944528539e-13       0.000000000000e+00       2.604011954651e-16       3.287424091376e-17       8.302600997531e-18 
 2226       1.663882185417e-11       9.482642784668e-13      -4.515830961434e-13       0.000000000000e+00       2.599284566544e-16       3.254817524294e-17       8.327482689587e-18 
 2227       1.657824208378e-11       9.495298067148e-13      -4.661621846908e-13       0.000000000000e+00       2.594567753852e-16       3.222523658059e-17       8.350719554207e-18 
 2228       1.651888934799e-11       9.507032538908e-13      -4.808245426940e-13       0.000000000000e+00       2.589861485405e-16       3.190550250341e-17       8.372256257217e-18 
 2229       1.646076418928e-11       9.517838530755e-13      -4.955629680523e-13       0.000000000000e+00       2.585165729791e-16       3.158905084098e-17       8.392037277868e-18 
 2230       1.640386714252e-11       9.527708352706e-13      -5.103702323370e-13       0.000000000000e+00       2.580480455355e-16       3.127595967601e-17       8.410006908630e-18 
 2231       1.634819873505e-11       9.536634293974e-13      -5.252390807618e-13       0.000000000000e+00       2.575805630200e-16       3.096630734462e-17       8.426109254986e-18 
 2232       1.629375948663e-11       9.544608622942e-13      -5.401622321531e-13       0.000000000000e+00       2.571141222183e-16       3.066017243665e-17       8.440288235228e-18 
 2233       1.624054990941e-11       9.551623587143e-13      -5.551323789201e-13       0.000000000000e+00       2.566487198921e-16       3.035763379586e-17       8.452487580255e-18 
 2234       1.618857050794e-11       9.557671413243e-13      -5.701421870256e-13       0.000000000000e+00       2.561843527784e-16       3.005877052028e-17       8.462650833361e-18 
 2235       1.613782177917e-11       9.562744307016e-13      -5.851842959558e-13       0.000000000000e+00       2.557210175897e-16       2.976366196244e-17       8.470721350040e-18 
 2236       1.608830421241e-11       9.566834453324e-13      -6.002513186910e-13       0.000000000000e+00       2.552587110143e-16       2.947238772964e-17       8.476642297774e-18 
 2237       1.604001828934e-11       9.569934016100e-13      -6.153358416758e-13       0.000000000000e+00       2.547974297158e-16       2.918502768427e-17       8.480356655831e-18 
 2238       1.599296448397e-11       9.572035138320e-13      -6.304304247893e-13       0.000000000000e+00       2.543371703334e-16       2.890166194401e-17       8.481807215060e-18 
 2239       1.594714326266e-11       9.573129941990e-13      -6.455276013157e-13       0.000000000000e+00       2.538779294814e-16       2.862237088217e-17       8.480936577686e-18 
 2240       1.590255508409e-11       9.573210528120e-13      -6.606198779146e-13       0.000000000000e+00       2.534197037498e-16       2.834723512793e-17       8.477687157106e-18 
 2241       1.585920039926e-11       9.572268976704e-13      -6.756997345908e-13       0.000000000000e+00       2.529624897040e-16       2.807633556661e-17       8.472001177684e-18 
 2242       1.581707965146e-11       9.570297346703e-13      -6.907596246655e-13       0.000000000000e+00       2.525062838845e-16       2.780975333998e-17       8.463820674545e-18 
 2243       1.577619097447e-11       9.567290194140e-13      -7.057924173119e-13       0.000000000000e+00       2.520510830198e-16       2.754754622343e-17       8.453106718774e-18 
 2244       1.573652327076e-11       9.563252144417e-13      -7.207927283811e-13       0.000000000000e+00       2.515968846662e-16       2.728967758866e-17       8.439897230547e-18 
 2245       1.569806308809e-11       9.558190369384e-13      -7.357555982033e-13       0.000000000000e+00       2.511436865722e-16       2.703608697787e-17       8.424249542931e-18 
 2246       1.566079691714e-11       9.552112073743e-13      -7.506760497919e-13       0.000000000000e+00       2.506914864659e-16       2.678671368451e-17       8.406221211001e-18 
 2247       1.562471119141e-11       9.545024495089e-13      -7.655490888239e-13       0.000000000000e+00       2.502402820550e-16       2.654149675289e-17       8.385870012093e-18 
 2248       1.558979228724e-11       9.536934903945e-13      -7.803697036210e-13       0.000000000000e+00       2.497900710271e-16       2.630037497797e-17       8.363253946055e-18 
 2249       1.555602652362e-11       9.527850603808e-13      -7.951328651303e-13       0.000000000000e+00       2.493408510494e-16       2.606328690502e-17       8.338431235505e-18 
 2250       1.552340016223e-11       9.517778931183e-13      -8.098335269056e-13       0.000000000000e+00       2.488926197688e-16       2.583017082937e-17       8.311460326082e-18 
 2251       1.549189940733e-11       9.506727255625e-13      -8.244666250879e-13       0.000000000000e+00       2.484453748118e-16       2.560096479607e-17       8.282399886699e-18 
 2252       1.546151040566e-11       9.494702979775e-13      -8.390270783861e-13       0.000000000000e+00       2.479991137842e-16       2.537560659966e-17       8.251308809799e-18 
 2253       1.543221924645e-11       9.481713539403e-13      -8.535097880586e-13       0.000000000000e+00       2.475538342718e-16       2.515403378383e-17       8.218246211607e-18 
 2254       1.540401196127e-11       9.467766403446e-13      -8.679096378935e-13       0.000000000000e+00       2.471095338396e-16       2.493618364116e-17       8.183271432385e-18 
 2255       1.537687452404e-11       9.452869074046e-13      -8.822214941896e-13       0.000000000000e+00       2.466662100322e-16       2.472199321280e-17       8.146444036683e-18 
 2256       1.535079285089e-11       9.437029086591e-13      -8.964402057376e-13       0.000000000000e+00       2.462238603737e-16       2.451139928823e-17       8.107823813597e-18 
 2257       1.532575280016e-11       9.420254009752e-13      -9.105606038008e-13       0.000000000000e+00       2.457824823676e-16       2.430433840493e-17       8.067470777016e-18 
 2258       1.530174017229e-11       9.402551445525e-13      -9.245775020958e-13       0.000000000000e+00       2.453420734968e-16       2.410074684808e-17       8.025445165884e-18 
 2259       1.527874070974e-11       9.383929029268e-13      -9.384856967736e-13       0.000000000000e+00       2.449026312236e-16       2.390056065033e-17       7.981807444448e-18 
 2260       1.525674009700e-11       9.364394429743e-13      -9.522799664004e-13       0.000000000000e+00       2.444641529897e-16       2.370371559143e-17       7.936618302511e-18 
 2261       1.523572396042e-11       9.343955349152e-13      -9.659550719385e-13       0.000000000000e+00       2.440266362161e-16       2.351014719802e-17       7.889938655690e-18 
 2262       1.521567786822e-11       9.322619523178e-13      -9.795057567273e-13       0.000000000000e+00       2.435900783030e-16       2.331979074327e-17       7.841829645667e-18 
 2263       1.519658733039e-11       9.300394721024e-13      -9.929267464638e-13       0.000000000000e+00       2.431544766299e-16       2.313258124663e-17       7.792352640443e-18 
 2264       1.517843779863e-11       9.277288745451e-13      -1.006212749184e-12       0.000000000000e+00       2.427198285557e-16       2.294845347355e-17       7.741569234590e-18 
 2265       1.516121466628e-11       9.253309432822e-13      -1.019358455243e-12       0.000000000000e+00       2.422861314185e-16       2.276734193516e-17       7.689541249509e-18 
 2266       1.514490326827e-11       9.228464653133e-13      -1.032358537297e-12       0.000000000000e+00       2.418533825353e-16       2.258918088799e-17       7.636330733678e-18 
 2267       1.512948888102e-11       9.202762310062e-13      -1.045207650284e-12       0.000000000000e+00       2.414215792025e-16       2.241390433367e-17       7.581999962911e-18 
 2268       1.511495672239e-11       9.176210340999e-13      -1.057900431403e-12       0.000000000000e+00       2.409907186957e-16       2.224144601869e-17       7.526611440609e-18 
 2269       1.510129195163e-11       9.148816717092e-13      -1.070431500096e-12       0.000000000000e+00       2.405607982693e-16       2.207173943405e-17       7.470227898012e-18 
 2270       1.508847966929e-11       9.120589443282e-13      -1.082795458031e-12       0.000000000000e+00       2.401318151571e-16       2.190471781498e-17       7.412912294457e-18 
 2271       1.507650491717e-11       9.091536558347e-13      -1.094986889079e-12       0.000000000000e+00       2.397037665718e-16       2.174031414069e-17       7.354727817627e-18 
 2272       1.506535267821e-11       9.061666134935e-13      -1.107000359298e-12       0.000000000000e+00       2.392766497051e-16       2.157846113404e-17       7.295737883808e-18 
 2273       1.505500787650e-11       9.030986279608e-13      -1.118830416911e-12       0.000000000000e+00       2.388504617276e-16       2.141909126127e-17       7.236006138143e-18 
 2274       1.504545537715e-11       8.999505132881e-13      -1.130471592290e-12       0.000000000000e+00       2.384251997891e-16       2.126213673170e-17       7.175596454881e-18 
 2275       1.503667998623e-11       8.967230869257e-13      -1.141918397935e-12       0.000000000000e+00       2.380008610182e-16       2.110752949745e-17       7.114572937635e-18 
 2276       1.502866645073e-11       8.934171697272e-13      -1.153165328456e-12       0.000000000000e+00       2.375774425223e-16       2.095520125314e-17       7.052999919637e-18 
 2277       1.502139945848e-11       8.900335859532e-13      -1.164206860551e-12       0.000000000000e+00       2.371549413879e-16       2.080508343561e-17       6.990941963985e-18 
 2278       1.501486363807e-11       8.865731632748e-13      -1.175037452991e-12       0.000000000000e+00       2.367333546802e-16       2.065710722361e-17       6.928463863904e-18 
 2279       1.500904355881e-11       8.830367327783e-13      -1.185651546600e-12       0.000000000000e+00       2.363126794432e-16       2.051120353756e-17       6.865630642995e-18 
 2280       1.500392373064e-11       8.794251289687e-13      -1.196043564231e-12       0.000000000000e+00       2.358929126999e-16       2.036730303919e-17       6.802507555490e-18 
 2281       1.499948860405e-11       8.757391897733e-13      -1.206207910753e-12       0.000000000000e+00       2.354740514517e-16       2.022533613129e-17       6.739160086506e-18 
 2282       1.499572221954e-11       8.719798704898e-13      -1.216139736403e-12       0.000000000000e+00       2.350560929320e-16       2.008525137148e-17       6.675649407995e-18 
 2283       1.499260715347e-11       8.681485864179e-13      -1.225837232233e-12       0.000000000000e+00       2.346390353671e-16       1.994707084300e-17       6.612018714220e-18 
 2284       1.499012556527e-11       8.642468724335e-13      -1.235299349350e-12       0.000000000000e+00       2.342228772195e-16       1.981083513859e-17       6.548306799118e-18 
 2285       1.498825954730e-11       8.602762692510e-13      -1.244525036879e-12       0.000000000000e+00       2.338076169358e-16       1.967658497878e-17       6.484552592794e-18 
 2286       1.498699112477e-11       8.562383234303e-13      -1.253513241966e-12       0.000000000000e+00       2.333932529468e-16       1.954436121205e-17       6.420795161669e-18 
 2287       1.498630225563e-11       8.521345873829e-13      -1.262262909768e-12       0.000000000000e+00       2.329797836669e-16       1.941420481496e-17       6.357073708629e-18 
 2288       1.498617483056e-11       8.479666193791e-13      -1.270772983459e-12       0.000000000000e+00       2.325672074947e-16       1.928615689231e-17       6.293427573174e-18 
 2289       1.498659067282e-11       8.437359835536e-13      -1.279042404224e-12       0.000000000000e+00       2.321555228124e-16       1.916025867723e-17       6.229896231566e-18 
 2290       1.498753153824e-11       8.394442499130e-13      -1.287070111260e-12       0.000000000000e+00       2.317447279864e-16       1.903655153135e-17       6.166519296980e-18 
 2291       1.498897911511e-11       8.350929943419e-13      -1.294855041774e-12       0.000000000000e+00       2.313348213667e-16       1.891507694490e-17       6.103336519652e-18 
 2292       1.499091502410e-11       8.306837986092e-13      -1.302396130980e-12       0.000000000000e+00       2.309258012872e-16       1.879587653688e-17       6.040387787028e-18 
 2293       1.499332081820e-11       8.262182503753e-13      -1.309692312098e-12       0.000000000000e+00       2.305176660657e-16       1.867899205520e-17       5.977713123913e-18 
 2294       1.499617798267e-11       8.216979431980e-13      -1.316742516354e-12       0.000000000000e+00       2.301104140036e-16       1.856446537676e-17       5.915352692619e-18 
 2295       1.499946793489e-11       8.171244765397e-13      -1.323545672977e-12       0.000000000000e+00       2.297040433861e-16       1.845233850763e-17       5.853346793116e-18 
 2296       1.500317202438e-11       8.124994557731e-13      -1.330100709197e-12       0.000000000000e+00       2.292985524823e-16       1.834265358318e-17       5.791735863179e-18 
 2297       1.500727153264e-11       8.078244921887e-13      -1.336406550246e-12       0.000000000000e+00       2.288939395449e-16       1.823545286819e-17       5.730560478539e-18 
 2298       1.501174767312e-11       8.031012030007e-13      -1.342462119353e-12       0.000000000000e+00       2.284902028102e-16       1.813077875704e-17       5.669861353029e-18 
 2299       1.501658159115e-11       7.983312113537e-13      -1.348266337745e-12       0.000000000000e+00       2.280873404984e-16       1.802867377376e-17       5.609679338738e-18 
 2300       1.502175436384e-11       7.935161463294e-13      -1.353818124646e-12       0.000000000000e+00       2.276853508131e-16       1.792918057223e-17       5.550055426153e-18 
 2301       1.502724700002e-11       7.886576429529e-13      -1.359116397271e-12       0.000000000000e+00       2.272842319417e-16       1.783234193630e-17       5.491030744314e-18 
 2302       1.503304044016e-11       7.837573421995e-13      -1.364160070829e-12       0.000000000000e+00       2.268839820550e-16       1.773820077991e-17       5.432646560962e-18 
 2303       1.503911555630e-11       7.788168910012e-13      -1.368948058523e-12       0.000000000000e+00       2.264845993078e-16       1.764680014724e-17       5.374944282683e-18 
 2304       1.504545315196e-11       7.738379422531e-13      -1.373479271540e-12       0.000000000000e+00       2.260860818379e-16       1.755818321284e-17       5.317965455064e-18 
 2305       1.505203396208e-11       7.688221548200e-13      -1.377752619059e-12       0.000000000000e+00       2.256884277670e-16       1.747239328174e-17       5.261751762837e-18 
 2306       1.505883865295e-11       7.637711935431e-13      -1.381767008245e-12       0.000000000000e+00       2.252916352003e-16       1.738947378965e-17       5.206345030032e-18 
 2307       1.506584782212e-11       7.586867292464e-13      -1.385521344247e-12       0.000000000000e+00       2.248957022263e-16       1.730946830300e-17       5.151787220120e-18 
 2308       1.507304199833e-11       7.535704387434e-13      -1.389014530197e-12       0.000000000000e+00       2.245006269172e-16       1.723242051916e-17       5.098120436169e-18 
 2309       1.508040164143e-11       7.484240048433e-13      -1.392245467210e-12       0.000000000000e+00       2.241064073285e-16       1.715837426653e-17       5.045386920988e-18 
 2310       1.508790714233e-11       7.432491163580e-13      -1.395213054380e-12       0.000000000000e+00       2.237130414991e-16       1.708737350468e-17       4.993629057278e-18 
 2311       1.509553882287e-11       7.380474681084e-13      -1.397916188781e-12       0.000000000000e+00       2.233205274513e-16       1.701946232449e-17       4.942889367780e-18 
 2312       1.510327693582e-11       7.328207609309e-13      -1.400353765464e-12       0.000000000000e+00       2.229288631911e-16       1.695468494830e-17       4.893210515426e-18 
 2313       1.511110166473e-11       7.275707016842e-13      -1.402524677455e-12       0.000000000000e+00       2.225380467073e-16       1.689308572999e-17       4.844635303486e-18 
 2314       1.511899312392e-11       7.222990032557e-13      -1.404427815755e-12       0.000000000000e+00       2.221480759725e-16       1.683470915518e-17       4.797206675717e-18 
 2315       1.512693135836e-11       7.170073845678e-13      -1.406062069336e-12       0.000000000000e+00       2.217589489424e-16       1.677959984133e-17       4.750967716513e-18 
 2316       1.513489634361e-11       7.116975705850e-13      -1.407426325143e-12       0.000000000000e+00       2.213706635560e-16       1.672780253789e-17       4.705961651053e-18 
 2317       1.514286798574e-11       7.063712923199e-13      -1.408519468090e-12       0.000000000000e+00       2.209832177356e-16       1.667936212640e-17       4.662231845451e-18 
 2318       1.515082612128e-11       7.010302868402e-13      -1.409340381058e-12       0.000000000000e+00       2.205966093868e-16       1.663432362066e-17       4.619821806904e-18 
 2319       1.515875051709e-11       6.956762972749e-13      -1.409887944896e-12       0.000000000000e+00       2.202108363983e-16       1.659273216687e-17       4.578775183843e-18 
 2320       1.516662087036e-11       6.903110728211e-13      -1.410161038417e-12       0.000000000000e+00       2.198258966422e-16       1.655463304372e-17       4.539135766079e-18 
 2321       1.517441821394e-11       6.849363096621e-13      -1.410159170248e-12       0.000000000000e+00       2.194417880242e-16       1.652005174339e-17       4.500927388680e-18 
 2322       1.518212914238e-11       6.795534733017e-13      -1.409884378742e-12       0.000000000000e+00       2.190585086364e-16       1.648893407673e-17       4.464093504765e-18 
 2323       1.518974161245e-11       6.741639751223e-13      -1.409339344045e-12       0.000000000000e+00       2.186760566059e-16       1.646120569055e-17       4.428557231837e-18 
 2324       1.519724353999e-11       6.687692313766e-13      -1.408526757350e-12       0.000000000000e+00       2.182944300437e-16       1.643679195212e-17       4.394241413140e-18 
 2325       1.520462279993e-11       6.633706631932e-13      -1.407449320910e-12       0.000000000000e+00       2.179136270450e-16       1.641561794890e-17       4.361068617368e-18 
 2326       1.521186722617e-11       6.579696965811e-13      -1.406109748045e-12       0.000000000000e+00       2.175336456892e-16       1.639760848821e-17       4.328961138363e-18 
 2327       1.521896461162e-11       6.525677624358e-13      -1.404510763162e-12       0.000000000000e+00       2.171544840397e-16       1.638268809697e-17       4.297840994814e-18 
 2328       1.522590270807e-11       6.471662965437e-13      -1.402655101761e-12       0.000000000000e+00       2.167761401440e-16       1.637078102131e-17       4.267629929963e-18 
 2329       1.523266922623e-11       6.417667395879e-13      -1.400545510452e-12       0.000000000000e+00       2.163986120338e-16       1.636181122633e-17       4.238249411306e-18 
 2330       1.523925183563e-11       6.363705371535e-13      -1.398184746964e-12       0.000000000000e+00       2.160218977247e-16       1.635570239577e-17       4.209620630290e-18 
 2331       1.524563816458e-11       6.309791397323e-13      -1.395575580161e-12       0.000000000000e+00       2.156459952162e-16       1.635237793166e-17       4.181664502021e-18 
 2332       1.525181580016e-11       6.255940027284e-13      -1.392720790053e-12       0.000000000000e+00       2.152709024919e-16       1.635176095410e-17       4.154301664959e-18 
 2333       1.525777228813e-11       6.202165864636e-13      -1.389623167806e-12       0.000000000000e+00       2.148966175196e-16       1.635377430087e-17       4.127452480626e-18 
 2334       1.526349513295e-11       6.148483561820e-13      -1.386285515761e-12       0.000000000000e+00       2.145231382507e-16       1.635834052713e-17       4.101037033302e-18 
 2335       1.526897179766e-11       6.094907820561e-13      -1.382710647438e-12       0.000000000000e+00       2.141504626206e-16       1.636538190517e-17       4.074975129729e-18 
 2336       1.527418970388e-11       6.041453391912e-13      -1.378901387555e-12       0.000000000000e+00       2.137785885488e-16       1.637482042404e-17       4.049186298813e-18 
 2337       1.527913623178e-11       5.988135076313e-13      -1.374860572041e-12       0.000000000000e+00       2.134075139386e-16       1.638657778925e-17       4.023589791325e-18 
 2338       1.528379871999e-11       5.934967723638e-13      -1.370591048042e-12       0.000000000000e+00       2.130372366770e-16       1.640057542251e-17       3.998104579602e-18 
 2339       1.528816446561e-11       5.881966233253e-13      -1.366095673939e-12       0.000000000000e+00       2.126677546349e-16       1.641673446133e-17       3.972649357248e-18 
 2340       1.529222072411e-11       5.829145554062e-13      -1.361377319360e-12       0.000000000000e+00       2.122990656674e-16       1.643497575882e-17       3.947142538837e-18 
 2341       1.529595470934e-11       5.776520684563e-13      -1.356438865192e-12       0.000000000000e+00       2.119311676128e-16       1.645521988328e-17       3.921502259615e-18 
 2342       1.529935359343e-11       5.724106672903e-13      -1.351283203590e-12       0.000000000000e+00       2.115640582935e-16       1.647738711796e-17       3.895646375198e-18 
 2343       1.530240450681e-11       5.671918616923e-13      -1.345913237998e-12       0.000000000000e+00       2.111977355158e-16       1.650139746073e-17       3.869492461279e-18 
 2344       1.530509453812e-11       5.619971664217e-13      -1.340331883151e-12       0.000000000000e+00       2.108321970695e-16       1.652717062374e-17       3.842957813323e-18 
 2345       1.530741073416e-11       5.568281012182e-13      -1.334542065095e-12       0.000000000000e+00       2.104674407281e-16       1.655462603317e-17       3.815959446275e-18 
 2346       1.530934009989e-11       5.516861908069e-13      -1.328546721199e-12       0.000000000000e+00       2.101034642489e-16       1.658368282888e-17       3.788414094256e-18 
 2347       1.531086959837e-11       5.465729649038e-13      -1.322348800163e-12       0.000000000000e+00       2.097402653730e-16       1.661425986409e-17       3.760238210269e-18 
 2348       1.531198615067e-11       5.414899582207e-13      -1.315951262034e-12       0.000000000000e+00       2.093778418248e-16       1.664627570512e-17       3.731347965897e-18 
 2349       1.531267663590e-11       5.364387104708e-13      -1.309357078221e-12       0.000000000000e+00       2.090161913127e-16       1.667964863104e-17       3.701659251007e-18 
 2350       1.531292789112e-11       5.314207663737e-13      -1.302569231499e-12       0.000000000000e+00       2.086553115286e-16       1.671429663336e-17       3.671087673449e-18 
 2351       1.531272671128e-11       5.264376756608e-13      -1.295590716032e-12       0.000000000000e+00       2.082952001477e-16       1.675013741576e-17       3.639548558762e-18 
 2352       1.531205984926e-11       5.214909930802e-13      -1.288424537377e-12       0.000000000000e+00       2.079358548292e-16       1.678708839373e-17       3.606956949869e-18 
 2353       1.531091401570e-11       5.165822784024e-13      -1.281073712502e-12       0.000000000000e+00       2.075772732156e-16       1.682506669429e-17       3.573227606784e-18 
 2354       1.530927587909e-11       5.117130964253e-13      -1.273541269797e-12       0.000000000000e+00       2.072194529330e-16       1.686398915569e-17       3.538275006312e-18 
 2355       1.530713206561e-11       5.068850169791e-13      -1.265830249084e-12       0.000000000000e+00       2.068623915909e-16       1.690377232707e-17       3.502013341750e-18 
 2356       1.530446915916e-11       5.020996149323e-13      -1.257943701633e-12       0.000000000000e+00       2.065060867825e-16       1.694433246819e-17       3.464356522587e-18 
 2357       1.530127370131e-11       4.973584701963e-13      -1.249884690172e-12       0.000000000000e+00       2.061505360843e-16       1.698558554906e-17       3.425218174208e-18 
 2358       1.529753219120e-11       4.926631677308e-13      -1.241656288904e-12       0.000000000000e+00       2.057957370562e-16       1.702744724972e-17       3.384511637596e-18 
 2359       1.529323108558e-11       4.880152975491e-13      -1.233261583511e-12       0.000000000000e+00       2.054416872416e-16       1.706983295983e-17       3.342149969030e-18 
 2360       1.528835888022e-11       4.834162844711e-13      -1.224703865342e-12       0.000000000000e+00       2.050883842973e-16       1.711267567664e-17       3.298068164128e-18 
 2361       1.528291236865e-11       4.788668762169e-13      -1.215987215230e-12       0.000000000000e+00       2.047358263838e-16       1.715597982062e-17       3.252289981234e-18 
 2362       1.527689042221e-11       4.743676521475e-13      -1.207115923316e-12       0.000000000000e+00       2.043840117774e-16       1.719976775302e-17       3.204861531999e-18 
 2363       1.527029191202e-11       4.699191932308e-13      -1.198094295232e-12       0.000000000000e+00       2.040329387404e-16       1.724406190811e-17       3.155829094870e-18 
 2364       1.526311570898e-11       4.655220820427e-13      -1.188926652116e-12       0.000000000000e+00       2.036826055210e-16       1.728888479324e-17       3.105239115268e-18 
 2365       1.525536068381e-11       4.611769027689e-13      -1.179617330627e-12       0.000000000000e+00       2.033330103534e-16       1.733425898892e-17       3.053138205769e-18 
 2366       1.524702570699e-11       4.568842412065e-13      -1.170170682966e-12       0.000000000000e+00       2.029841514576e-16       1.738020714889e-17       2.999573146286e-18 
 2367       1.523810964882e-11       4.526446847654e-13      -1.160591076889e-12       0.000000000000e+00       2.026360270397e-16       1.742675200021e-17       2.944590884244e-18 
 2368       1.522861137938e-11       4.484588224699e-13      -1.150882895725e-12       0.000000000000e+00       2.022886352915e-16       1.747391634330e-17       2.888238534767e-18 
 2369       1.521852976856e-11       4.443272449605e-13      -1.141050538391e-12       0.000000000000e+00       2.019419743909e-16       1.752172305208e-17       2.830563380851e-18 
 2370       1.520786368603e-11       4.402505444952e-13      -1.131098419413e-12       0.000000000000e+00       2.015960425014e-16       1.757019507396e-17       2.771612873553e-18 
 2371       1.519661200127e-11       4.362293149512e-13      -1.121030968938e-12       0.000000000000e+00       2.012508377725e-16       1.761935543002e-17       2.711434632160e-18 
 2372       1.518477358355e-11       4.322641518263e-13      -1.110852632754e-12       0.000000000000e+00       2.009063583394e-16       1.766922721499e-17       2.650076444378e-18 
 2373       1.517234730196e-11       4.283556522407e-13      -1.100567872306e-12       0.000000000000e+00       2.005626023233e-16       1.771983359739e-17       2.587586266511e-18 
 2374       1.515933202538e-11       4.245044149385e-13      -1.090181164709e-12       0.000000000000e+00       2.002195678309e-16       1.777119781957e-17       2.524012223636e-18 
 2375       1.514572662247e-11       4.207110402893e-13      -1.079697002772e-12       0.000000000000e+00       1.998772529549e-16       1.782334319780e-17       2.459402609789e-18 
 2376       1.513152996173e-11       4.169761302894e-13      -1.069119895008e-12       0.000000000000e+00       1.995356557736e-16       1.787629312236e-17       2.393805888140e-18 
 2377       1.511674091145e-11       4.133002885639e-13      -1.058454365653e-12       0.000000000000e+00       1.991947743510e-16       1.793007105760e-17       2.327270691180e-18 
 2378       1.510135833971e-11       4.096841203681e-13      -1.047704954685e-12       0.000000000000e+00       1.988546067370e-16       1.798470054201e-17       2.259845820892e-18 
 2379       1.508538111442e-11       4.061282325889e-13      -1.036876217838e-12       0.000000000000e+00       1.985151509670e-16       1.804020518831e-17       2.191580248941e-18 
 2380       1.506880810329e-11       4.026332337463e-13      -1.025972726619e-12       0.000000000000e+00       1.981764050621e-16       1.809660868352e-17       2.122523116845e-18 
 2381       1.505163817383e-11       3.991997339956e-13      -1.014999068325e-12       0.000000000000e+00       1.978383670291e-16       1.815393478905e-17       2.052723736163e-18 
 2382       1.503387019336e-11       3.958283451280e-13      -1.003959846060e-12       0.000000000000e+00       1.975010348605e-16       1.821220734074e-17       1.982231588668e-18 
 2383       1.501550302903e-11       3.925196805730e-13      -9.928596787528e-13       0.000000000000e+00       1.971644065342e-16       1.827145024898e-17       1.911096326534e-18 
 2384       1.499653554778e-11       3.892743553995e-13      -9.817032011707e-13       0.000000000000e+00       1.968284800138e-16       1.833168749877e-17       1.839367772512e-18 
 2385       1.497696661637e-11       3.860929863177e-13      -9.704950639391e-13       0.000000000000e+00       1.964932532486e-16       1.839294314977e-17       1.767095920109e-18 
 2386       1.495679510138e-11       3.829761916801e-13      -9.592399335569e-13       0.000000000000e+00       1.961587241733e-16       1.845524133644e-17       1.694330933773e-18 
 2387       1.493601986919e-11       3.799245914839e-13      -9.479424924134e-13       0.000000000000e+00       1.958248907082e-16       1.851860626802e-17       1.621123149069e-18 
 2388       1.491463978600e-11       3.769388073719e-13      -9.366074388051e-13       0.000000000000e+00       1.954917507592e-16       1.858306222872e-17       1.547523072860e-18 
 2389       1.489265371785e-11       3.740194626342e-13      -9.252394869524e-13       0.000000000000e+00       1.951593022174e-16       1.864863357770e-17       1.473581383488e-18 
 2390       1.487006053057e-11       3.711671822099e-13      -9.138433670162e-13       0.000000000000e+00       1.948275429598e-16       1.871534474920e-17       1.399348930954e-18 
 2391       1.484685908981e-11       3.683825926888e-13      -9.024238251147e-13       0.000000000000e+00       1.944964708485e-16       1.878322025259e-17       1.324876737098e-18 
 2392       1.482304826106e-11       3.656663223126e-13      -8.909856233401e-13       0.000000000000e+00       1.941660837314e-16       1.885228467248e-17       1.250215995779e-18 
 2393       1.479862690962e-11       3.630190009766e-13      -8.795335397755e-13       0.000000000000e+00       1.938363794416e-16       1.892256266875e-17       1.175418073055e-18 
 2394       1.477359390059e-11       3.604412602316e-13      -8.680723685113e-13       0.000000000000e+00       1.935073557975e-16       1.899407897666e-17       1.100534507363e-18 
 2395       1.474794809893e-11       3.579337332849e-13      -8.566069196619e-13       0.000000000000e+00       1.931790106032e-16       1.906685840693e-17       1.025617009701e-18 
 2396       1.472168836941e-11       3.554970550024e-13      -8.451420193828e-13       0.000000000000e+00       1.928513416480e-16       1.914092584576e-17       9.507174638042e-19 
 2397       1.469481357661e-11       3.531318619097e-13      -8.336825098870e-13       0.000000000000e+00       1.925243467065e-16       1.921630625500e-17       8.758879263301e-19 
 2398       1.466732258496e-11       3.508387921940e-13      -8.222332494618e-13       0.000000000000e+00       1.921980235388e-16       1.929302467215e-17       8.011806270347e-19 
 2399       1.463921578783e-11       3.486183118952e-13      -8.107988472689e-13       0.000000000000e+00       1.918723701019e-16       1.937109275336e-17       7.266473363205e-19 
 2400       1.461049970517e-11       3.464701923167e-13      -7.993828659429e-13       0.000000000000e+00       1.915473851862e-16       1.945046831244e-17       6.523374632950e-19 
 2401       1.458118241397e-11       3.443940294284e-13      -7.879886141593e-13       0.000000000000e+00       1.912230677833e-16       1.953109553505e-17       5.782999464630e-19 
 2402       1.455127202166e-11       3.423894173851e-13      -7.766194114208e-13       0.000000000000e+00       1.908994168738e-16       1.961291841320e-17       5.045838854733e-19 
 2403       1.452077666618e-11       3.404559485245e-13      -7.652785880678e-13       0.000000000000e+00       1.905764314282e-16       1.969588074500e-17       4.312385412861e-19 
 2404       1.448970451603e-11       3.385932133654e-13      -7.539694852902e-13       0.000000000000e+00       1.902541104063e-16       1.977992613453e-17       3.583133363394e-19 
 2405       1.445806377026e-11       3.368008006055e-13      -7.426954551380e-13       0.000000000000e+00       1.899324527575e-16       1.986499799156e-17       2.858578547163e-19 
 2406       1.442586265851e-11       3.350782971191e-13      -7.314598605332e-13       0.000000000000e+00       1.896114574203e-16       1.995103953137e-17       2.139218423119e-19 
 2407       1.439310944108e-11       3.334252879553e-13      -7.202660752803e-13       0.000000000000e+00       1.892911233231e-16       2.003799377457e-17       1.425552070004e-19 
 2408       1.435981240892e-11       3.318413563362e-13      -7.091174840778e-13       0.000000000000e+00       1.889714493834e-16       2.012580354689e-17       7.180801880167e-20 
 2409       1.432597988370e-11       3.303260836543e-13      -6.980174825294e-13       0.000000000000e+00       1.886524345083e-16       2.021441147893e-17       1.730510048576e-21 
 2410       1.429162021779e-11       3.288790494706e-13      -6.869694771554e-13       0.000000000000e+00       1.883340775941e-16       2.030376000602e-17      -6.762692444618e-20 
 2411       1.425674179437e-11       3.274998315130e-13      -6.759768854031e-13       0.000000000000e+00       1.880163775266e-16       2.039379136797e-17      -1.362137272231e-19 
 2412       1.422135302737e-11       3.261880056735e-13      -6.650431356590e-13       0.000000000000e+00       1.876993331810e-16       2.048444760890e-17      -2.039791780089e-19 
 2413       1.418546236159e-11       3.249431460069e-13      -6.541716672592e-13       0.000000000000e+00       1.873829434218e-16       2.057567057699e-17      -2.708723935495e-19 
 2414       1.414907827269e-11       3.237648247281e-13      -6.433659305010e-13       0.000000000000e+00       1.870672071028e-16       2.066740192433e-17      -3.368423274433e-19 
 2415       1.411220926721e-11       3.226526122104e-13      -6.326293866540e-13       0.000000000000e+00       1.867521230672e-16       2.075958310668e-17      -4.018377699740e-19 
 2416       1.407486388263e-11       3.216060769835e-13      -6.219655079713e-13       0.000000000000e+00       1.864376901474e-16       2.085215538326e-17      -4.658073479434e-19 
 2417       1.403705068741e-11       3.206247857311e-13      -6.113777777004e-13       0.000000000000e+00       1.861239071652e-16       2.094505981659e-17      -5.286995245051e-19 
 2418       1.399877828097e-11       3.197083032893e-13      -6.008696900949e-13       0.000000000000e+00       1.858107729318e-16       2.103823727224e-17      -5.904625989970e-19 
 2419       1.396005529380e-11       3.188561926441e-13      -5.904447504254e-13       0.000000000000e+00       1.854982862473e-16       2.113162841864e-17      -6.510447067744e-19 
 2420       1.392089038742e-11       3.180680149297e-13      -5.801064749904e-13       0.000000000000e+00       1.851864459014e-16       2.122517372689e-17      -7.103938190431e-19 
 2421       1.388129225447e-11       3.173433294263e-13      -5.698583911281e-13       0.000000000000e+00       1.848752506728e-16       2.131881347054e-17      -7.684577426928e-19 
 2422       1.384126961870e-11       3.166816935578e-13      -5.597040372272e-13       0.000000000000e+00       1.845646993297e-16       2.141248772539e-17      -8.251841201294e-19 
 2423       1.380083123503e-11       3.160826628904e-13      -5.496469627381e-13       0.000000000000e+00       1.842547906292e-16       2.150613636928e-17      -8.805204291085e-19 
 2424       1.375998588957e-11       3.155457911298e-13      -5.396907281842e-13       0.000000000000e+00       1.839455233178e-16       2.159969908190e-17      -9.344139825687e-19 
 2425       1.371874239966e-11       3.150706301195e-13      -5.298389051729e-13       0.000000000000e+00       1.836368961312e-16       2.169311534457e-17      -9.868119284638e-19 
 2426       1.367710961390e-11       3.146567298390e-13      -5.200950764070e-13       0.000000000000e+00       1.833289077941e-16       2.178632444006e-17      -1.037661249597e-18 
 2427       1.363509641218e-11       3.143036384011e-13      -5.104628356959e-13       0.000000000000e+00       1.830215570205e-16       2.187926545235e-17      -1.086908763452e-18 
 2428       1.359271170572e-11       3.140109020506e-13      -5.009457879665e-13       0.000000000000e+00       1.827148425134e-16       2.197187726646e-17      -1.134501122030e-18 
 2429       1.354996443709e-11       3.137780651615e-13      -4.915475492747e-13       0.000000000000e+00       1.824087629653e-16       2.206409856823e-17      -1.180384811676e-18 
 2430       1.350686358026e-11       3.136046702355e-13      -4.822717468164e-13       0.000000000000e+00       1.821033170572e-16       2.215586784410e-17      -1.224506152920e-18 
 2431       1.346341814062e-11       3.134902578999e-13      -4.731220189388e-13       0.000000000000e+00       1.817985034598e-16       2.224712338094e-17      -1.266811300303e-18 
 2432       1.341963715502e-11       3.134343669049e-13      -4.641020151513e-13       0.000000000000e+00       1.814943208325e-16       2.233780326583e-17      -1.307246242215e-18 
 2433       1.337552969179e-11       3.134365341227e-13      -4.552153961372e-13       0.000000000000e+00       1.811907678240e-16       2.242784538585e-17      -1.345756800724e-18 
 2434       1.333110485081e-11       3.134962945442e-13      -4.464658337645e-13       0.000000000000e+00       1.808878430718e-16       2.251718742788e-17      -1.382288631413e-18 
 2435       1.328637176348e-11       3.136131812779e-13      -4.378570110971e-13       0.000000000000e+00       1.805855452027e-16       2.260576687838e-17      -1.416787223209e-18 
 2436       1.324133959281e-11       3.137867255474e-13      -4.293926224062e-13       0.000000000000e+00       1.802838728324e-16       2.269352102323e-17      -1.449197898221e-18 
 2437       1.319601753344e-11       3.140164566892e-13      -4.210763731812e-13       0.000000000000e+00       1.799828245657e-16       2.278038694750e-17      -1.479465811566e-18 
 2438       1.315041509549e-11       3.143018155297e-13      -4.129114842468e-13       0.000000000000e+00       1.796823989935e-16       2.286631512983e-17      -1.507561097787e-18 
 2439       1.310454295808e-11       3.146418939494e-13      -4.048992008358e-13       0.000000000000e+00       1.793825946845e-16       2.295131031546e-17      -1.533554475434e-18 
 2440       1.305841212102e-11       3.150356937501e-13      -3.970402745845e-13       0.000000000000e+00       1.790834101933e-16       2.303539088827e-17      -1.557542096209e-18 
 2441       1.301203362148e-11       3.154822131306e-13      -3.893354586149e-13       0.000000000000e+00       1.787848440637e-16       2.311857529855e-17      -1.579620439961e-18 
 2442       1.296541853401e-11       3.159804466830e-13      -3.817855075360e-13       0.000000000000e+00       1.784868948282e-16       2.320088206310e-17      -1.599886315026e-18 
 2443       1.291857797060e-11       3.165293853889e-13      -3.743911774449e-13       0.000000000000e+00       1.781895610082e-16       2.328232976524e-17      -1.618436858571e-18 
 2444       1.287152308068e-11       3.171280166154e-13      -3.671532259280e-13       0.000000000000e+00       1.778928411140e-16       2.336293705493e-17      -1.635369536928e-18 
 2445       1.282426505120e-11       3.177753241114e-13      -3.600724120622e-13       0.000000000000e+00       1.775967336448e-16       2.344272264880e-17      -1.650782145941e-18 
 2446       1.277681510666e-11       3.184702880039e-13      -3.531494964161e-13       0.000000000000e+00       1.773012370884e-16       2.352170533028e-17      -1.664772811304e-18 
 2447       1.272918450914e-11       3.192118847941e-13      -3.463852410511e-13       0.000000000000e+00       1.770063499218e-16       2.359990394959e-17      -1.677439988900e-18 
 2448       1.268138455832e-11       3.199990873536e-13      -3.397804095228e-13       0.000000000000e+00       1.767120706104e-16       2.367733742386e-17      -1.688882465142e-18 
 2449       1.263342659157e-11       3.208308649206e-13      -3.333357668817e-13       0.000000000000e+00       1.764183976088e-16       2.375402473722e-17      -1.699199357318e-18 
 2450       1.258532198393e-11       3.217061830961e-13      -3.270520796749e-13       0.000000000000e+00       1.761253293599e-16       2.382998494081e-17      -1.708490113925e-18 
 2451       1.253708214820e-11       3.226240038401e-13      -3.209301159469e-13       0.000000000000e+00       1.758328642959e-16       2.390523715290e-17      -1.716854515014e-18 
 2452       1.248871853493e-11       3.235832854677e-13      -3.149706452413e-13       0.000000000000e+00       1.755410008373e-16       2.397980055893e-17      -1.724392672526e-18 
 2453       1.244024263249e-11       3.245829826457e-13      -3.091744386011e-13       0.000000000000e+00       1.752497373936e-16       2.405369441160e-17      -1.731205030639e-18 
 2454       1.239166596713e-11       3.256220463882e-13      -3.035422685708e-13       0.000000000000e+00       1.749590723629e-16       2.412693803093e-17      -1.737392366103e-18 
 2455       1.234300010295e-11       3.266994240532e-13      -2.980749091969e-13       0.000000000000e+00       1.746690041321e-16       2.419955080433e-17      -1.743055788584e-18 
 2456       1.229425664201e-11       3.278140593386e-13      -2.927731360297e-13       0.000000000000e+00       1.743795310766e-16       2.427155218669e-17      -1.748296741001e-18 
 2457       1.224544722432e-11       3.289648922787e-13      -2.876377261237e-13       0.000000000000e+00       1.740906515608e-16       2.434296170040e-17      -1.753216999870e-18 
 2458       1.219658352791e-11       3.301508592399e-13      -2.826694580394e-13       0.000000000000e+00       1.738023639375e-16       2.441379893550e-17      -1.757918675642e-18 
 2459       1.214767726884e-11       3.313708929174e-13      -2.778691118445e-13       0.000000000000e+00       1.735146665482e-16       2.448408354965e-17      -1.762504213045e-18 
 2460       1.209874020126e-11       3.326239223312e-13      -2.732374691144e-13       0.000000000000e+00       1.732275577232e-16       2.455383526830e-17      -1.767076391424e-18 
 2461       1.204978411745e-11       3.339088728220e-13      -2.687753129344e-13       0.000000000000e+00       1.729410357812e-16       2.462307388469e-17      -1.771738325082e-18 
 2462       1.200082084784e-11       3.352246660479e-13      -2.644834278997e-13       0.000000000000e+00       1.726550990296e-16       2.469181925994e-17      -1.776593463619e-18 
 2463       1.195186226107e-11       3.365702199804e-13      -2.603626001177e-13       0.000000000000e+00       1.723697457645e-16       2.476009132315e-17      -1.781745592275e-18 
 2464       1.190292026402e-11       3.379444489005e-13      -2.564136172085e-13       0.000000000000e+00       1.720849742704e-16       2.482791007141e-17      -1.787298832268e-18 
 2465       1.185400680182e-11       3.393462633948e-13      -2.526372683061e-13       0.000000000000e+00       1.718007828205e-16       2.489529556993e-17      -1.793357641135e-18 
 2466       1.180513385796e-11       3.407745703520e-13      -2.490343440601e-13       0.000000000000e+00       1.715171696765e-16       2.496226795207e-17      -1.800026813075e-18 
 2467       1.175631345424e-11       3.422282729592e-13      -2.456056366360e-13       0.000000000000e+00       1.712341330887e-16       2.502884741945e-17      -1.807411479285e-18 
 2468       1.170755765089e-11       3.437062706974e-13      -2.423519397174e-13       0.000000000000e+00       1.709516712957e-16       2.509505424196e-17      -1.815617108307e-18 
 2469       1.165887854654e-11       3.452074593385e-13      -2.392740485063e-13       0.000000000000e+00       1.706697825250e-16       2.516090875789e-17      -1.824749506360e-18 
 2470       1.161028827832e-11       3.467307309409e-13      -2.363727597248e-13       0.000000000000e+00       1.703884649923e-16       2.522643137397e-17      -1.834914817689e-18 
 2471       1.156179902183e-11       3.482749738462e-13      -2.336488716162e-13       0.000000000000e+00       1.701077169018e-16       2.529164256544e-17      -1.846219524899e-18 
 2472       1.151342299127e-11       3.498390726750e-13      -2.311031839458e-13       0.000000000000e+00       1.698275364463e-16       2.535656287613e-17      -1.858770449300e-18 
 2473       1.146517243938e-11       3.514219083232e-13      -2.287364980027e-13       0.000000000000e+00       1.695479218071e-16       2.542121291853e-17      -1.872674751244e-18 
 2474       1.141705965754e-11       3.530223579583e-13      -2.265496166005e-13       0.000000000000e+00       1.692688711536e-16       2.548561337385e-17      -1.888039930470e-18 
 2475       1.136909697580e-11       3.546392950156e-13      -2.245433440786e-13       0.000000000000e+00       1.689903826440e-16       2.554978499209e-17      -1.904973826438e-18 
 2476       1.132129676291e-11       3.562715891942e-13      -2.227184863036e-13       0.000000000000e+00       1.687124544248e-16       2.561374859215e-17      -1.923584618675e-18 
 2477       1.127367055981e-11       3.579181357117e-13      -2.210754276997e-13       0.000000000000e+00       1.684350847401e-16       2.567753344334e-17      -1.943948894928e-18 
 2478       1.122622647448e-11       3.595779432638e-13      -2.196128596076e-13       0.000000000000e+00       1.681582722600e-16       2.574120246418e-17      -1.966015648676e-18 
 2479       1.117897177178e-11       3.612500465772e-13      -2.183290444110e-13       0.000000000000e+00       1.678820157544e-16       2.580482717276e-17      -1.989701714791e-18 
 2480       1.113191373862e-11       3.629334771948e-13      -2.172222378173e-13       0.000000000000e+00       1.676063139835e-16       2.586847931896e-17      -2.014923649910e-18 
 2481       1.108505968394e-11       3.646272634730e-13      -2.162906888505e-13       0.000000000000e+00       1.673311656979e-16       2.593223088466e-17      -2.041597732147e-18 
 2482       1.103841693879e-11       3.663304305782e-13      -2.155326398443e-13       0.000000000000e+00       1.670565696388e-16       2.599615408404e-17      -2.069639960810e-18 
 2483       1.099199285632e-11       3.680420004834e-13      -2.149463264347e-13       0.000000000000e+00       1.667825245378e-16       2.606032136377e-17      -2.098966056120e-18 
 2484       1.094579481182e-11       3.697609919655e-13      -2.145299775529e-13       0.000000000000e+00       1.665090291170e-16       2.612480540324e-17      -2.129491458924e-18 
 2485       1.089983020270e-11       3.714864206015e-13      -2.142818154187e-13       0.000000000000e+00       1.662360820887e-16       2.618967911481e-17      -2.161131330413e-18 
 2486       1.085410644856e-11       3.732172987656e-13      -2.142000555327e-13       0.000000000000e+00       1.659636821558e-16       2.625501564406e-17      -2.193800551838e-18 
 2487       1.080863099120e-11       3.749526356259e-13      -2.142829066699e-13       0.000000000000e+00       1.656918280116e-16       2.632088836998e-17      -2.227413724226e-18 
 2488       1.076341129462e-11       3.766914371411e-13      -2.145285708720e-13       0.000000000000e+00       1.654205183397e-16       2.638737090523e-17      -2.261885168095e-18 
 2489       1.071845484505e-11       3.784327060573e-13      -2.149352434408e-13       0.000000000000e+00       1.651497518140e-16       2.645453709640e-17      -2.297128923172e-18 
 2490       1.067376915100e-11       3.801754419049e-13      -2.155011129307e-13       0.000000000000e+00       1.648795270990e-16       2.652246102418e-17      -2.333058748110e-18 
 2491       1.062936174324e-11       3.819186409951e-13      -2.162243611420e-13       0.000000000000e+00       1.646098428493e-16       2.659121700365e-17      -2.369588120202e-18 
 2492       1.058524017484e-11       3.836612964171e-13      -2.171031631135e-13       0.000000000000e+00       1.643406977099e-16       2.666087958450e-17      -2.406630235097e-18 
 2493       1.054141202122e-11       3.854023980343e-13      -2.181356871156e-13       0.000000000000e+00       1.640720903162e-16       2.673152355125e-17      -2.444098006519e-18 
 2494       1.049788488011e-11       3.871409324815e-13      -2.193200946430e-13       0.000000000000e+00       1.638040192938e-16       2.680322392349e-17      -2.481904065980e-18 
 2495       1.045466637162e-11       3.888758831615e-13      -2.206545404078e-13       0.000000000000e+00       1.635364832588e-16       2.687605595612e-17      -2.519960762500e-18 
 2496       1.041176413825e-11       3.906062302420e-13      -2.221371723325e-13       0.000000000000e+00       1.632694808174e-16       2.695009513959e-17      -2.558180162319e-18 
 2497       1.036918584491e-11       3.923309506522e-13      -2.237661315426e-13       0.000000000000e+00       1.630030105660e-16       2.702541720011e-17      -2.596474048616e-18 
 2498       1.032693917894e-11       3.940490180796e-13      -2.255395523596e-13       0.000000000000e+00       1.627370710915e-16       2.710209809991e-17      -2.634753921225e-18 
 2499       1.028503185012e-11       3.957594029668e-13      -2.274555622941e-13       0.000000000000e+00       1.624716609709e-16       2.718021403745e-17      -2.672930996349e-18 
 2500       1.024347159073e-11       3.974610725085e-13      -2.295122820387e-13       0.000000000000e+00       1.622067787715e-16       2.725984144769e-17      -2.710916206280e-18 
 2501       1.020226615552e-11       3.991529906478e-13      -2.317078254605e-13       0.000000000000e+00       1.619424230508e-16       2.734105700228e-17      -2.748620199113e-18 
 2502       1.016142332177e-11       4.008341180734e-13      -2.340402995945e-13       0.000000000000e+00       1.616785923565e-16       2.742393760982e-17      -2.785953338459e-18 
 2503       1.012095088931e-11       4.025034122161e-13      -2.365078046363e-13       0.000000000000e+00       1.614152852266e-16       2.750856041610e-17      -2.822825703170e-18 
 2504       1.008085668050e-11       4.041598272455e-13      -2.391084339350e-13       0.000000000000e+00       1.611525001890e-16       2.759500280431e-17      -2.859147087046e-18 
 2505       1.004114854032e-11       4.058023140673e-13      -2.418402739860e-13       0.000000000000e+00       1.608902357622e-16       2.768334239529e-17      -2.894826998556e-18 
 2506       1.000183433634e-11       4.074298203195e-13      -2.447014044243e-13       0.000000000000e+00       1.606284904546e-16       2.777365704777e-17      -2.929774660553e-18 
 2507       9.962921958733e-12       4.090412903692e-13      -2.476898980170e-13       0.000000000000e+00       1.603672627648e-16       2.786602485859e-17      -2.963899009992e-18 
 2508       9.924419320355e-12       4.106356653098e-13      -2.508038206563e-13       0.000000000000e+00       1.601065511816e-16       2.796052416293e-17      -2.997108697644e-18 
 2509       9.886334356713e-12       4.122118829574e-13      -2.540412313525e-13       0.000000000000e+00       1.598463541838e-16       2.805723353457e-17      -3.029312087811e-18 
 2510       9.848675026010e-12       4.137688778477e-13      -2.574001822269e-13       0.000000000000e+00       1.595866702405e-16       2.815623178610e-17      -3.060417258048e-18 
 2511       9.811449309160e-12       4.153055812328e-13      -2.608787185047e-13       0.000000000000e+00       1.593274978108e-16       2.825759796916e-17      -3.090331998872e-18 
 2512       9.774665209813e-12       4.168209210776e-13      -2.644748785079e-13       0.000000000000e+00       1.590688353439e-16       2.836141137468e-17      -3.118963813483e-18 
 2513       9.738330754375e-12       4.183138220574e-13      -2.681866936481e-13       0.000000000000e+00       1.588106812791e-16       2.846775153310e-17      -3.146219917479e-18 
 2514       9.702453992030e-12       4.197832055537e-13      -2.720121884197e-13       0.000000000000e+00       1.585530340458e-16       2.857669821463e-17      -3.172007238573e-18 
 2515       9.667042994761e-12       4.212279896517e-13      -2.759493803923e-13       0.000000000000e+00       1.582958920634e-16       2.868833142945e-17      -3.196232416306e-18 
 2516       9.632104539258e-12       4.226471974646e-13      -2.799961385236e-13       0.000000000000e+00       1.580392538995e-16       2.880268392478e-17      -3.218824316619e-18 
 2517       9.597640144210e-12       4.240402828029e-13      -2.841497572091e-13       0.000000000000e+00       1.577831187458e-16       2.891959837341e-17      -3.239801719301e-18 
 2518       9.563650009992e-12       4.254068063943e-13      -2.884073797390e-13       0.000000000000e+00       1.575274859448e-16       2.903886935449e-17      -3.259206023903e-18 
 2519       9.530134334685e-12       4.267463277266e-13      -2.927661397439e-13       0.000000000000e+00       1.572723548319e-16       2.916029078056e-17      -3.277078770807e-18 
 2520       9.497093314069e-12       4.280584050462e-13      -2.972231611850e-13       0.000000000000e+00       1.570177247359e-16       2.928365589689e-17      -3.293461641365e-18 
 2521       9.464527141625e-12       4.293425953574e-13      -3.017755583444e-13       0.000000000000e+00       1.567635949782e-16       2.940875728084e-17      -3.308396458044e-18 
 2522       9.432436008526e-12       4.305984544208e-13      -3.064204358155e-13       0.000000000000e+00       1.565099648735e-16       2.953538684118e-17      -3.321925184569e-18 
 2523       9.400820103638e-12       4.318255367527e-13      -3.111548884926e-13       0.000000000000e+00       1.562568337295e-16       2.966333581738e-17      -3.334089926064e-18 
 2524       9.369679613515e-12       4.330233956232e-13      -3.159760015620e-13       0.000000000000e+00       1.560042008466e-16       2.979239477901e-17      -3.344932929195e-18 
 2525       9.339014722396e-12       4.341915830554e-13      -3.208808504914e-13       0.000000000000e+00       1.557520655186e-16       2.992235362506e-17      -3.354496582316e-18 
 2526       9.308825612200e-12       4.353296498244e-13      -3.258665010208e-13       0.000000000000e+00       1.555004270319e-16       3.005300158322e-17      -3.362823415609e-18 
 2527       9.279112462526e-12       4.364371454558e-13      -3.309300091522e-13       0.000000000000e+00       1.552492846661e-16       3.018412720928e-17      -3.369956101227e-18 
 2528       9.249875450648e-12       4.375136182245e-13      -3.360684211401e-13       0.000000000000e+00       1.549986376937e-16       3.031551838645e-17      -3.375937453437e-18 
 2529       9.221114751511e-12       4.385586151540e-13      -3.412787734817e-13       0.000000000000e+00       1.547484853800e-16       3.044696232464e-17      -3.380810428765e-18 
 2530       9.192830537728e-12       4.395716820146e-13      -3.465580929070e-13       0.000000000000e+00       1.544988269835e-16       3.057824555987e-17      -3.384618126136e-18 
 2531       9.165022979577e-12       4.405523633225e-13      -3.519033963693e-13       0.000000000000e+00       1.542496617553e-16       3.070915395357e-17      -3.387403787018e-18 
 2532       9.137692244999e-12       4.415002023389e-13      -3.573116910351e-13       0.000000000000e+00       1.540009889398e-16       3.083947269189e-17      -3.389210795565e-18 
 2533       9.110838499594e-12       4.424147410682e-13      -3.627799742743e-13       0.000000000000e+00       1.537528077741e-16       3.096898628507e-17      -3.390082678759e-18 
 2534       9.084461906615e-12       4.432955202575e-13      -3.683052336510e-13       0.000000000000e+00       1.535051174881e-16       3.109747856676e-17      -3.390063106556e-18 
 2535       9.058562626968e-12       4.441420793948e-13      -3.738844469130e-13       0.000000000000e+00       1.532579173048e-16       3.122473269337e-17      -3.389195892023e-18 
 2536       9.033140819208e-12       4.449539567082e-13      -3.795145819823e-13       0.000000000000e+00       1.530112064399e-16       3.135053114336e-17      -3.387524991487e-18 
 2537       9.008196639536e-12       4.457306891649e-13      -3.851925969456e-13       0.000000000000e+00       1.527649841022e-16       3.147465571662e-17      -3.385094504673e-18 
 2538       8.983730241793e-12       4.464718124693e-13      -3.909154400440e-13       0.000000000000e+00       1.525192494932e-16       3.159688753379e-17      -3.381948674853e-18 
 2539       8.959741777461e-12       4.471768610627e-13      -3.966800496639e-13       0.000000000000e+00       1.522740018072e-16       3.171700703559e-17      -3.378131888979e-18 
 2540       8.936231395656e-12       4.478453681214e-13      -4.024833543264e-13       0.000000000000e+00       1.520292402315e-16       3.183479398213e-17      -3.373688677837e-18 
 2541       8.913199243127e-12       4.484768655561e-13      -4.083222726781e-13       0.000000000000e+00       1.517849639462e-16       3.195002745231e-17      -3.368663716182e-18 
 2542       8.890645464250e-12       4.490708840101e-13      -4.141937134814e-13       0.000000000000e+00       1.515411721243e-16       3.206248584308e-17      -3.363101822884e-18 
 2543       8.868570201031e-12       4.496269528589e-13      -4.200945756042e-13       0.000000000000e+00       1.512978639313e-16       3.217194686881e-17      -3.357047961070e-18 
 2544       8.846973593093e-12       4.501446002081e-13      -4.260217480105e-13       0.000000000000e+00       1.510550385259e-16       3.227818756064e-17      -3.350547238268e-18 
 2545       8.825855777682e-12       4.506233528932e-13      -4.319721097508e-13       0.000000000000e+00       1.508126950595e-16       3.238098426578e-17      -3.343644906548e-18 
 2546       8.805216889658e-12       4.510627364775e-13      -4.379425299516e-13       0.000000000000e+00       1.505708326761e-16       3.248011264685e-17      -3.336386362668e-18 
 2547       8.785057061494e-12       4.514622752518e-13      -4.439298678066e-13       0.000000000000e+00       1.503294505127e-16       3.257534768123e-17      -3.328817148212e-18 
 2548       8.765376423272e-12       4.518214922323e-13      -4.499309725661e-13       0.000000000000e+00       1.500885476991e-16       3.266646366040e-17      -3.320982949738e-18 
 2549       8.746175102680e-12       4.521399091603e-13      -4.559426835276e-13       0.000000000000e+00       1.498481233576e-16       3.275323418924e-17      -3.312929598917e-18 
 2550       8.727453225007e-12       4.524170465003e-13      -4.619618300261e-13       0.000000000000e+00       1.496081766035e-16       3.283543218539e-17      -3.304703072678e-18 
 2551       8.709210913145e-12       4.526524234395e-13      -4.679852314241e-13       0.000000000000e+00       1.493687065448e-16       3.291282987857e-17      -3.296349493350e-18 
 2552       8.691448287578e-12       4.528455578860e-13      -4.740096971018e-13       0.000000000000e+00       1.491297122822e-16       3.298519880995e-17      -3.287915128805e-18 
 2553       8.674165466384e-12       4.529959664679e-13      -4.800320264478e-13       0.000000000000e+00       1.488911929092e-16       3.305230983141e-17      -3.279446392603e-18 
 2554       8.657362565233e-12       4.531031645323e-13      -4.860490088485e-13       0.000000000000e+00       1.486531475119e-16       3.311393310496e-17      -3.270989844129e-18 
 2555       8.641038715861e-12       4.531667828868e-13      -4.920575875787e-13       0.000000000000e+00       1.484155751165e-16       3.316990028571e-17      -3.262580557540e-18 
 2556       8.625189115375e-12       4.531869187596e-13      -4.980553525163e-13       0.000000000000e+00       1.481784745302e-16       3.322029146176e-17      -3.254207155463e-18 
 2557       8.609807960034e-12       4.531637868483e-13      -5.040400502316e-13       0.000000000000e+00       1.479418444992e-16       3.326524928439e-17      -3.245846575178e-18 
 2558       8.594889425207e-12       4.530976027612e-13      -5.100094203375e-13       0.000000000000e+00       1.477056837614e-16       3.330491688214e-17      -3.237475681557e-18 
 2559       8.580427665356e-12       4.529885830177e-13      -5.159611954823e-13       0.000000000000e+00       1.474699910464e-16       3.333943786126e-17      -3.229071266989e-18 
 2560       8.566416814010e-12       4.528369450495e-13      -5.218931013438e-13       0.000000000000e+00       1.472347650755e-16       3.336895630620e-17      -3.220610051313e-18 
 2561       8.552850983745e-12       4.526429072015e-13      -5.278028566215e-13       0.000000000000e+00       1.470000045616e-16       3.339361678012e-17      -3.212068681740e-18 
 2562       8.539724266165e-12       4.524066887328e-13      -5.336881730309e-13       0.000000000000e+00       1.467657082094e-16       3.341356432531e-17      -3.203423732791e-18 
 2563       8.527030731879e-12       4.521285098176e-13      -5.395467552956e-13       0.000000000000e+00       1.465318747149e-16       3.342894446370e-17      -3.194651706221e-18 
 2564       8.514764430477e-12       4.518085915465e-13      -5.453763011416e-13       0.000000000000e+00       1.462985027662e-16       3.343990319734e-17      -3.185729030947e-18 
 2565       8.502919390515e-12       4.514471559267e-13      -5.511745012899e-13       0.000000000000e+00       1.460655910427e-16       3.344658700885e-17      -3.176632062982e-18 
 2566       8.491489619486e-12       4.510444258839e-13      -5.569390394497e-13       0.000000000000e+00       1.458331382156e-16       3.344914286192e-17      -3.167337085360e-18 
 2567       8.480469103806e-12       4.506006252626e-13      -5.626675923121e-13       0.000000000000e+00       1.456011429474e-16       3.344771820179e-17      -3.157820308066e-18 
 2568       8.469851808787e-12       4.501159788273e-13      -5.683578295431e-13       0.000000000000e+00       1.453696038927e-16       3.344246095569e-17      -3.148057867966e-18 
 2569       8.459631678620e-12       4.495907122636e-13      -5.740074137765e-13       0.000000000000e+00       1.451385196972e-16       3.343351953338e-17      -3.138025828737e-18 
 2570       8.449802636350e-12       4.490250521789e-13      -5.796140006077e-13       0.000000000000e+00       1.449078889984e-16       3.342104282756e-17      -3.127700180793e-18 
 2571       8.440358583857e-12       4.484192261034e-13      -5.851752385865e-13       0.000000000000e+00       1.446777104254e-16       3.340518021438e-17      -3.117056841217e-18 
 2572       8.431293401833e-12       4.477734624914e-13      -5.906887692108e-13       0.000000000000e+00       1.444479825988e-16       3.338608155392e-17      -3.106071653689e-18 
 2573       8.422600949764e-12       4.470879907219e-13      -5.961522269191e-13       0.000000000000e+00       1.442187041307e-16       3.336389719065e-17      -3.094720388415e-18 
 2574       8.414275065903e-12       4.463630410996e-13      -6.015632390846e-13       0.000000000000e+00       1.439898736248e-16       3.333877795393e-17      -3.082978742057e-18 
 2575       8.406309567256e-12       4.455988448562e-13      -6.069194260079e-13       0.000000000000e+00       1.437614896763e-16       3.331087515846e-17      -3.070822337662e-18 
 2576       8.398698249553e-12       4.447956341509e-13      -6.122184009101e-13       0.000000000000e+00       1.435335508720e-16       3.328034060476e-17      -3.058226724589e-18 
 2577       8.391434887233e-12       4.439536420717e-13      -6.174577699267e-13       0.000000000000e+00       1.433060557900e-16       3.324732657968e-17      -3.045167378442e-18 
 2578       8.384513233418e-12       4.430731026362e-13      -6.226351321001e-13       0.000000000000e+00       1.430790030001e-16       3.321198585682e-17      -3.031619700996e-18 
 2579       8.377927019896e-12       4.421542507927e-13      -6.277480793732e-13       0.000000000000e+00       1.428523910635e-16       3.317447169708e-17      -3.017559020125e-18 
 2580       8.371669957095e-12       4.411973224211e-13      -6.327941965829e-13       0.000000000000e+00       1.426262185329e-16       3.313493784904e-17      -3.002960589738e-18 
 2581       8.365735734066e-12       4.402025543339e-13      -6.377710614527e-13       0.000000000000e+00       1.424004839524e-16       3.309353854955e-17      -2.987799589699e-18 
 2582       8.360118018458e-12       4.391701842769e-13      -6.426762445863e-13       0.000000000000e+00       1.421751858577e-16       3.305042852409e-17      -2.972051125763e-18 
 2583       8.354810456499e-12       4.381004509307e-13      -6.475073094610e-13       0.000000000000e+00       1.419503227759e-16       3.300576298735e-17      -2.955690229501e-18 
 2584       8.349806672976e-12       4.369935939111e-13      -6.522618124205e-13       0.000000000000e+00       1.417258932253e-16       3.295969764364e-17      -2.938691858233e-18 
 2585       8.345100271210e-12       4.358498537706e-13      -6.569373026687e-13       0.000000000000e+00       1.415018957161e-16       3.291238868739e-17      -2.921030894954e-18 
 2586       8.340684833035e-12       4.346694719989e-13      -6.615313222622e-13       0.000000000000e+00       1.412783287494e-16       3.286399280362e-17      -2.902682148262e-18 
 2587       8.336553918780e-12       4.334526910241e-13      -6.660414061042e-13       0.000000000000e+00       1.410551908182e-16       3.281466716842e-17      -2.883620352293e-18 
 2588       8.332701067247e-12       4.321997542138e-13      -6.704650819375e-13       0.000000000000e+00       1.408324804064e-16       3.276456944945e-17      -2.863820166643e-18 
 2589       8.329119795686e-12       4.309109058755e-13      -6.747998703376e-13       0.000000000000e+00       1.406101959897e-16       3.271385780635e-17      -2.843256176303e-18 
 2590       8.325803599777e-12       4.295863912584e-13      -6.790432847061e-13       0.000000000000e+00       1.403883360350e-16       3.266269089130e-17      -2.821902891584e-18 
 2591       8.322745953608e-12       4.282264565538e-13      -6.831928312640e-13       0.000000000000e+00       1.401668990006e-16       3.261122784944e-17      -2.799734748049e-18 
 2592       8.319940309653e-12       4.268313488961e-13      -6.872460090447e-13       0.000000000000e+00       1.399458833360e-16       3.255962831935e-17      -2.776726106439e-18 
 2593       8.317380098752e-12       4.254013163640e-13      -6.912003098873e-13       0.000000000000e+00       1.397252874824e-16       3.250805243357e-17      -2.752851252607e-18 
 2594       8.315058561742e-12       4.239366713566e-13      -6.950535436654e-13       0.000000000000e+00       1.395051100340e-16       3.245663582217e-17      -2.728098098329e-18 
 2595       8.312968243353e-12       4.224379811126e-13      -6.988048159927e-13       0.000000000000e+00       1.392853502249e-16       3.240541446853e-17      -2.702509368413e-18 
 2596       8.311101495417e-12       4.209058782684e-13      -7.024535560229e-13       0.000000000000e+00       1.390660074453e-16       3.235439943033e-17      -2.676141645956e-18 
 2597       8.309450644923e-12       4.193409975829e-13      -7.059991917148e-13       0.000000000000e+00       1.388470810798e-16       3.230360179793e-17      -2.649051692750e-18 
 2598       8.308007993997e-12       4.177439759394e-13      -7.094411498315e-13       0.000000000000e+00       1.386285705071e-16       3.225303269435e-17      -2.621296449449e-18 
 2599       8.306765819878e-12       4.161154523477e-13      -7.127788559390e-13       0.000000000000e+00       1.384104751003e-16       3.220270327538e-17      -2.592933035749e-18 
 2600       8.305716374892e-12       4.144560679462e-13      -7.160117344055e-13       0.000000000000e+00       1.381927942268e-16       3.215262472953e-17      -2.564018750556e-18 
 2601       8.304851886427e-12       4.127664660043e-13      -7.191392084003e-13       0.000000000000e+00       1.379755272482e-16       3.210280827811e-17      -2.534611072163e-18 
 2602       8.304164556911e-12       4.110472919237e-13      -7.221606998932e-13       0.000000000000e+00       1.377586735205e-16       3.205326517527e-17      -2.504767658422e-18 
 2603       8.303646563787e-12       4.092991932416e-13      -7.250756296531e-13       0.000000000000e+00       1.375422323939e-16       3.200400670798e-17      -2.474546346917e-18 
 2604       8.303290059486e-12       4.075228196318e-13      -7.278834172471e-13       0.000000000000e+00       1.373262032128e-16       3.195504419611e-17      -2.444005155136e-18 
 2605       8.303087171408e-12       4.057188229073e-13      -7.305834810397e-13       0.000000000000e+00       1.371105853160e-16       3.190638899242e-17      -2.413202280650e-18 
 2606       8.303030001893e-12       4.038878570225e-13      -7.331752381918e-13       0.000000000000e+00       1.368953780363e-16       3.185805248263e-17      -2.382196101279e-18 
 2607       8.303110628197e-12       4.020305780748e-13      -7.356581046596e-13       0.000000000000e+00       1.366805807011e-16       3.181004608543e-17      -2.351045175271e-18 
 2608       8.303321102471e-12       4.001476443072e-13      -7.380314951940e-13       0.000000000000e+00       1.364661926316e-16       3.176238125252e-17      -2.319808241471e-18 
 2609       8.303653451734e-12       3.982397161102e-13      -7.402948233388e-13       0.000000000000e+00       1.362522131437e-16       3.171506946862e-17      -2.288544219500e-18 
 2610       8.304099677849e-12       3.963074560239e-13      -7.424475014310e-13       0.000000000000e+00       1.360386415471e-16       3.166812225153e-17      -2.257312209922e-18 
 2611       8.304651757499e-12       3.943515287399e-13      -7.444889405985e-13       0.000000000000e+00       1.358254771459e-16       3.162155115213e-17      -2.226171494421e-18 
 2612       8.305301642162e-12       3.923726011038e-13      -7.464185507602e-13       0.000000000000e+00       1.356127192385e-16       3.157536775445e-17      -2.195181535976e-18 
 2613       8.306041258088e-12       3.903713421171e-13      -7.482357406243e-13       0.000000000000e+00       1.354003671173e-16       3.152958367567e-17      -2.164401979030e-18 
 2614       8.306862506274e-12       3.883484229392e-13      -7.499399176878e-13       0.000000000000e+00       1.351884200690e-16       3.148421056615e-17      -2.133892649665e-18 
 2615       8.307757262439e-12       3.863045168894e-13      -7.515304882353e-13       0.000000000000e+00       1.349768773744e-16       3.143926010949e-17      -2.103713555778e-18 
 2616       8.308717377001e-12       3.842402994496e-13      -7.530068573381e-13       0.000000000000e+00       1.347657383087e-16       3.139474402251e-17      -2.073924887252e-18 
 2617       8.309734675052e-12       3.821564482655e-13      -7.543684288533e-13       0.000000000000e+00       1.345550021409e-16       3.135067405535e-17      -2.044587016128e-18 
 2618       8.310800956334e-12       3.800536431496e-13      -7.556146054227e-13       0.000000000000e+00       1.343446681345e-16       3.130706199144e-17      -2.015760496781e-18 
 2619       8.311907995212e-12       3.779325660827e-13      -7.567447884718e-13       0.000000000000e+00       1.341347355470e-16       3.126391964756e-17      -1.987506066093e-18 
 2620       8.313047540654e-12       3.757939012159e-13      -7.577583782091e-13       0.000000000000e+00       1.339252036301e-16       3.122125887387e-17      -1.959884643626e-18 
 2621       8.314211316206e-12       3.736383348735e-13      -7.586547736249e-13       0.000000000000e+00       1.337160716296e-16       3.117909155393e-17      -1.932957331794e-18 
 2622       8.315391019962e-12       3.714665555540e-13      -7.594333724904e-13       0.000000000000e+00       1.335073387854e-16       3.113742960474e-17      -1.906785416038e-18 
 2623       8.316578324549e-12       3.692792539332e-13      -7.600935713566e-13       0.000000000000e+00       1.332990043316e-16       3.109628497676e-17      -1.881430365001e-18 
 2624       8.317764877094e-12       3.670771228656e-13      -7.606347655537e-13       0.000000000000e+00       1.330910674964e-16       3.105566965397e-17      -1.856953830695e-18 
 2625       8.318942299205e-12       3.648608573868e-13      -7.610563491897e-13       0.000000000000e+00       1.328835275022e-16       3.101559565386e-17      -1.833417648684e-18 
 2626       8.320102186945e-12       3.626311547156e-13      -7.613577151498e-13       0.000000000000e+00       1.326763835653e-16       3.097607502748e-17      -1.810883838248e-18 
 2627       8.321236110807e-12       3.603887142559e-13      -7.615382550951e-13       0.000000000000e+00       1.324696348962e-16       3.093711985949e-17      -1.789414602562e-18 
 2628       8.322335615691e-12       3.581342375993e-13      -7.615973594620e-13       0.000000000000e+00       1.322632806996e-16       3.089874226815e-17      -1.769072328868e-18 
 2629       8.323392220879e-12       3.558684285263e-13      -7.615344174608e-13       0.000000000000e+00       1.320573201742e-16       3.086095440539e-17      -1.749919588649e-18 
 2630       8.324397420010e-12       3.535919930095e-13      -7.613488170751e-13       0.000000000000e+00       1.318517525127e-16       3.082376845683e-17      -1.732019137800e-18 
 2631       8.325342681058e-12       3.513056392146e-13      -7.610399450607e-13       0.000000000000e+00       1.316465769020e-16       3.078719664178e-17      -1.715433916804e-18 
 2632       8.326219446304e-12       3.490100775034e-13      -7.606071869446e-13       0.000000000000e+00       1.314417925230e-16       3.075125121333e-17      -1.700227050905e-18 
 2633       8.327019717853e-12       3.467060077829e-13      -7.600502155483e-13       0.000000000000e+00       1.312373985696e-16       3.071593523335e-17      -1.686436883534e-18 
 2634       8.327737817779e-12       3.443940814727e-13      -7.593698583130e-13       0.000000000000e+00       1.310333943055e-16       3.068121484170e-17      -1.674001924532e-18 
 2635       8.328368637721e-12       3.420749393307e-13      -7.585672347958e-13       0.000000000000e+00       1.308297790078e-16       3.064704683286e-17      -1.662835484863e-18 
 2636       8.328907054216e-12       3.397492240876e-13      -7.576434685885e-13       0.000000000000e+00       1.306265519478e-16       3.061338786679e-17      -1.652850605191e-18 
 2637       8.329347928691e-12       3.374175804493e-13      -7.565996873209e-13       0.000000000000e+00       1.304237123913e-16       3.058019446882e-17      -1.643960055624e-18 
 2638       8.329686107440e-12       3.350806550986e-13      -7.554370226650e-13       0.000000000000e+00       1.302212595985e-16       3.054742302946e-17      -1.636076335454e-18 
 2639       8.329916421619e-12       3.327390966972e-13      -7.541566103392e-13       0.000000000000e+00       1.300191928238e-16       3.051502980434e-17      -1.629111672898e-18 
 2640       8.330033687225e-12       3.303935558871e-13      -7.527595901121e-13       0.000000000000e+00       1.298175113162e-16       3.048297091403e-17      -1.622978024840e-18 
 2641       8.330032705087e-12       3.280446852932e-13      -7.512471058067e-13       0.000000000000e+00       1.296162143188e-16       3.045120234395e-17      -1.617587076575e-18 
 2642       8.329908260845e-12       3.256931395247e-13      -7.496203053043e-13       0.000000000000e+00       1.294153010693e-16       3.041967994418e-17      -1.612850241544e-18 
 2643       8.329655124945e-12       3.233395751771e-13      -7.478803405486e-13       0.000000000000e+00       1.292147707994e-16       3.038835942943e-17      -1.608678661081e-18 
 2644       8.329268052617e-12       3.209846508340e-13      -7.460283675498e-13       0.000000000000e+00       1.290146227354e-16       3.035719637882e-17      -1.604983204154e-18 
 2645       8.328741783863e-12       3.186290270692e-13      -7.440655463883e-13       0.000000000000e+00       1.288148560979e-16       3.032614623579e-17      -1.601674467102e-18 
 2646       8.328071043445e-12       3.162733664483e-13      -7.419930412193e-13       0.000000000000e+00       1.286154701017e-16       3.029516430798e-17      -1.598662773383e-18 
 2647       8.327250540869e-12       3.139183335307e-13      -7.398120202762e-13       0.000000000000e+00       1.284164639559e-16       3.026420576706e-17      -1.595858173308e-18 
 2648       8.326274970371e-12       3.115645948717e-13      -7.375236558749e-13       0.000000000000e+00       1.282178368641e-16       3.023322564867e-17      -1.593170443788e-18 
 2649       8.325139010903e-12       3.092128190239e-13      -7.351291244182e-13       0.000000000000e+00       1.280195880240e-16       3.020217885223e-17      -1.590509088074e-18 
 2650       8.323837326116e-12       3.068636765394e-13      -7.326296063989e-13       0.000000000000e+00       1.278217166276e-16       3.017102014082e-17      -1.587783335497e-18 
 2651       8.322364564354e-12       3.045178399718e-13      -7.300262864049e-13       0.000000000000e+00       1.276242218613e-16       3.013970414108e-17      -1.584902141211e-18 
 2652       8.320715358628e-12       3.021759838777e-13      -7.273203531225e-13       0.000000000000e+00       1.274271029056e-16       3.010818534307e-17      -1.581774185934e-18 
 2653       8.318884326613e-12       2.998387848189e-13      -7.245129993405e-13       0.000000000000e+00       1.272303589356e-16       3.007641810013e-17      -1.578307875687e-18 
 2654       8.316866070626e-12       2.975069213641e-13      -7.216054219546e-13       0.000000000000e+00       1.270339891202e-16       3.004435662875e-17      -1.574411341539e-18 
 2655       8.314655177616e-12       2.951810740908e-13      -7.185988219712e-13       0.000000000000e+00       1.268379926230e-16       3.001195500846e-17      -1.569992439349e-18 
 2656       8.312246219147e-12       2.928619255873e-13      -7.154944045112e-13       0.000000000000e+00       1.266423686014e-16       2.997916718169e-17      -1.564958749500e-18 
 2657       8.309633751388e-12       2.905501604544e-13      -7.122933788143e-13       0.000000000000e+00       1.264471162075e-16       2.994594695362e-17      -1.559217576651e-18 
 2658       8.306812315094e-12       2.882464653074e-13      -7.089969582433e-13       0.000000000000e+00       1.262522345874e-16       2.991224799212e-17      -1.552675949470e-18 
 2659       8.303776435594e-12       2.859515287780e-13      -7.056063602872e-13       0.000000000000e+00       1.260577228813e-16       2.987802382752e-17      -1.545240620378e-18 
 2660       8.300520622776e-12       2.836660415160e-13      -7.021228065664e-13       0.000000000000e+00       1.258635802239e-16       2.984322785258e-17      -1.536818065294e-18 
 2661       8.297039371076e-12       2.813906961915e-13      -6.985475228358e-13       0.000000000000e+00       1.256698057440e-16       2.980781332229e-17      -1.527314483370e-18 
 2662       8.293327159459e-12       2.791261874963e-13      -6.948817389894e-13       0.000000000000e+00       1.254763985645e-16       2.977173335377e-17      -1.516635796737e-18 
 2663       8.289378451408e-12       2.768732121463e-13      -6.911266890637e-13       0.000000000000e+00       1.252833578027e-16       2.973494092615e-17      -1.504687650245e-18 
 2664       8.285187694909e-12       2.746324688830e-13      -6.872836112427e-13       0.000000000000e+00       1.250906825699e-16       2.969738888044e-17      -1.491375411203e-18 
 2665       8.280749322436e-12       2.724046584756e-13      -6.833537478609e-13       0.000000000000e+00       1.248983719717e-16       2.965902991936e-17      -1.476604169123e-18 
 2666       8.276057750939e-12       2.701904837228e-13      -6.793383454079e-13       0.000000000000e+00       1.247064251079e-16       2.961981660728e-17      -1.460278735462e-18 
 2667       8.271107381826e-12       2.679906494546e-13      -6.752386545324e-13       0.000000000000e+00       1.245148410724e-16       2.957970137002e-17      -1.442303643357e-18 
 2668       8.265892600954e-12       2.658058625341e-13      -6.710559300460e-13       0.000000000000e+00       1.243236189534e-16       2.953863649479e-17      -1.422583147374e-18 
 2669       8.260407778609e-12       2.636368318599e-13      -6.667914309275e-13       0.000000000000e+00       1.241327578331e-16       2.949657412999e-17      -1.401021223246e-18 
 2670       8.254647269497e-12       2.614842683673e-13      -6.624464203266e-13       0.000000000000e+00       1.239422567880e-16       2.945346628517e-17      -1.377521567615e-18 
 2671       8.248605412726e-12       2.593488850306e-13      -6.580221655683e-13       0.000000000000e+00       1.237521148885e-16       2.940926483079e-17      -1.351987597772e-18 
 2672       8.242277425499e-12       2.572313293930e-13      -6.535200447046e-13       0.000000000000e+00       1.235623312133e-16       2.936392873438e-17      -1.324356523204e-18 
 2673       8.235662089556e-12       2.551319807489e-13      -6.489418668013e-13       0.000000000000e+00       1.233729048900e-16       2.931744581221e-17      -1.294701764771e-18 
 2674       8.228759079427e-12       2.530511518537e-13      -6.442895534148e-13       0.000000000000e+00       1.231838350548e-16       2.926981109654e-17      -1.263131096335e-18 
 2675       8.221568070064e-12       2.509891562956e-13      -6.395650322090e-13       0.000000000000e+00       1.229951208378e-16       2.922101961024e-17      -1.229752624239e-18 
 2676       8.214088736842e-12       2.489463084964e-13      -6.347702369616e-13       0.000000000000e+00       1.228067613639e-16       2.917106636680e-17      -1.194674787628e-18 
 2677       8.206320755559e-12       2.469229237120e-13      -6.299071075696e-13       0.000000000000e+00       1.226187557519e-16       2.911994637030e-17      -1.158006358760e-18 
 2678       8.198263802440e-12       2.449193180332e-13      -6.249775900553e-13       0.000000000000e+00       1.224311031154e-16       2.906765461542e-17      -1.119856443319e-18 
 2679       8.189917554134e-12       2.429358083867e-13      -6.199836365720e-13       0.000000000000e+00       1.222438025620e-16       2.901418608744e-17      -1.080334480730e-18 
 2680       8.181281687717e-12       2.409727125356e-13      -6.149272054096e-13       0.000000000000e+00       1.220568531938e-16       2.895953576219e-17      -1.039550244473e-18 
 2681       8.172355880691e-12       2.390303490800e-13      -6.098102610010e-13       0.000000000000e+00       1.218702541072e-16       2.890369860611e-17      -9.976138423962e-19 
 2682       8.163139810989e-12       2.371090374583e-13      -6.046347739274e-13       0.000000000000e+00       1.216840043930e-16       2.884666957618e-17      -9.546357170302e-19 
 2683       8.153633156968e-12       2.352090979473e-13      -5.994027209242e-13       0.000000000000e+00       1.214981031362e-16       2.878844361997e-17      -9.107266459016e-19 
 2684       8.143835597421e-12       2.333308516633e-13      -5.941160848870e-13       0.000000000000e+00       1.213125494162e-16       2.872901567556e-17      -8.659977418473e-19 
 2685       8.133746811566e-12       2.314746205629e-13      -5.887768548773e-13       0.000000000000e+00       1.211273423066e-16       2.866838067162e-17      -8.205604533277e-19 
 2686       8.123366479055e-12       2.296407274436e-13      -5.833870261284e-13       0.000000000000e+00       1.209424808754e-16       2.860653352732e-17      -7.745265647411e-19 
 2687       8.112694279972e-12       2.278294959444e-13      -5.779486000510e-13       0.000000000000e+00       1.207579641848e-16       2.854346915240e-17      -7.280081967371e-19 
 2688       8.101729894834e-12       2.260412505468e-13      -5.724635842393e-13       0.000000000000e+00       1.205737912914e-16       2.847918244708e-17      -6.811178065310e-19 
 2689       8.090473004591e-12       2.242763165757e-13      -5.669339924765e-13       0.000000000000e+00       1.203899612460e-16       2.841366830213e-17      -6.339681882169e-19 
 2690       8.078923290628e-12       2.225350201995e-13      -5.613618447411e-13       0.000000000000e+00       1.202064730938e-16       2.834692159883e-17      -5.866724730823e-19 
 2691       8.067080434766e-12       2.208176884315e-13      -5.557491672121e-13       0.000000000000e+00       1.200233258741e-16       2.827893720895e-17      -5.393441299214e-19 
 2692       8.054944119262e-12       2.191246491303e-13      -5.500979922753e-13       0.000000000000e+00       1.198405186204e-16       2.820970999474e-17      -4.920969653491e-19 
 2693       8.042514026809e-12       2.174562310007e-13      -5.444103585289e-13       0.000000000000e+00       1.196580503607e-16       2.813923480899e-17      -4.450451241150e-19 
 2694       8.029789840541e-12       2.158127635943e-13      -5.386883107893e-13       0.000000000000e+00       1.194759201172e-16       2.806750649491e-17      -3.983030894171e-19 
 2695       8.016771244026e-12       2.141945773104e-13      -5.329339000972e-13       0.000000000000e+00       1.192941269061e-16       2.799451988623e-17      -3.519856832156e-19 
 2696       8.003457921276e-12       2.126020033967e-13      -5.271491837228e-13       0.000000000000e+00       1.191126697382e-16       2.792026980712e-17      -3.062080665469e-19 
 2697       7.989849556741e-12       2.110353739498e-13      -5.213362251724e-13       0.000000000000e+00       1.189315476181e-16       2.784475107224e-17      -2.610857398371e-19 
 2698       7.975945835312e-12       2.094950219164e-13      -5.154970941936e-13       0.000000000000e+00       1.187507595451e-16       2.776795848667e-17      -2.167345432165e-19 
 2699       7.961746442323e-12       2.079812810938e-13      -5.096338667814e-13       0.000000000000e+00       1.185703045123e-16       2.768988684595e-17      -1.732706568325e-19 
 2700       7.947251063551e-12       2.064944861304e-13      -5.037486251839e-13       0.000000000000e+00       1.183901815072e-16       2.761053093606e-17      -1.308106011646e-19 
 2701       7.932459385216e-12       2.050349725268e-13      -4.978434579084e-13       0.000000000000e+00       1.182103895115e-16       2.752988553342e-17      -8.947123733700e-20 
 2702       7.917371093983e-12       2.036030766367e-13      -4.919204597266e-13       0.000000000000e+00       1.180309275011e-16       2.744794540486e-17      -4.936976743350e-20 
 2703       7.901985876961e-12       2.021991356670e-13      -4.859817316812e-13       0.000000000000e+00       1.178517944461e-16       2.736470530763e-17      -1.062373481070e-20 
 2704       7.886303421706e-12       2.008234876791e-13      -4.800293810910e-13       0.000000000000e+00       1.176729893107e-16       2.728015998939e-17       2.664897558790e-20 
 2705       7.870323416222e-12       1.994764715895e-13      -4.740655215573e-13       0.000000000000e+00       1.174945110533e-16       2.719430418822e-17       6.233013691813e-20 
 2706       7.854045548958e-12       1.981584271704e-13      -4.680922729692e-13       0.000000000000e+00       1.173163586266e-16       2.710713263257e-17       9.630118012129e-20 
 2707       7.837469508816e-12       1.968696950507e-13      -4.621117615100e-13       0.000000000000e+00       1.171385309773e-16       2.701864004131e-17       1.284431936103e-19 
 2708       7.820594985142e-12       1.956106167165e-13      -4.561261196622e-13       0.000000000000e+00       1.169610270463e-16       2.692882112365e-17       1.586369229559e-19 
 2709       7.803421667736e-12       1.943815345119e-13      -4.501374862143e-13       0.000000000000e+00       1.167838457687e-16       2.683767057922e-17       1.867627705727e-19 
 2710       7.785949246847e-12       1.931827916399e-13      -4.441480062659e-13       0.000000000000e+00       1.166069860737e-16       2.674518309798e-17       2.127007954054e-19 
 2711       7.768178099084e-12       1.920146552679e-13      -4.381597354123e-13       0.000000000000e+00       1.164304470195e-16       2.665135532132e-17       2.363669704526e-19 
 2712       7.750111349180e-12       1.908770853893e-13      -4.321743517213e-13       0.000000000000e+00       1.162542281977e-16       2.655619173676e-17       2.578221699543e-19 
 2713       7.731752819365e-12       1.897699647148e-13      -4.261934422121e-13       0.000000000000e+00       1.160783293314e-16       2.645969881504e-17       2.771637703137e-19 
 2714       7.713106344485e-12       1.886931754539e-13      -4.202185985398e-13       0.000000000000e+00       1.159027501400e-16       2.636188305201e-17       2.944894460059e-19 
 2715       7.694175772009e-12       1.876465993137e-13      -4.142514169995e-13       0.000000000000e+00       1.157274903393e-16       2.626275096866e-17       3.098971698552e-19 
 2716       7.674964962049e-12       1.866301174991e-13      -4.082934985307e-13       0.000000000000e+00       1.155525496417e-16       2.616230911112e-17       3.234852133135e-19 
 2717       7.655477787364e-12       1.856436107120e-13      -4.023464487214e-13       0.000000000000e+00       1.153779277562e-16       2.606056405072e-17       3.353521467382e-19 
 2718       7.635718133376e-12       1.846869591506e-13      -3.964118778124e-13       0.000000000000e+00       1.152036243880e-16       2.595752238398e-17       3.455968396699e-19 
 2719       7.615689898182e-12       1.837600425092e-13      -3.904914007017e-13       0.000000000000e+00       1.150296392391e-16       2.585319073266e-17       3.543184611106e-19 
 2720       7.595396992566e-12       1.828627399777e-13      -3.845866369485e-13       0.000000000000e+00       1.148559720079e-16       2.574757574376e-17       3.616164798014e-19 
 2721       7.574843340010e-12       1.819949302406e-13      -3.786992107776e-13       0.000000000000e+00       1.146826223891e-16       2.564068408957e-17       3.675906645007e-19 
 2722       7.554032876707e-12       1.811564914773e-13      -3.728307510838e-13       0.000000000000e+00       1.145095900741e-16       2.553252246770e-17       3.723410842620e-19 
 2723       7.532969551570e-12       1.803473013608e-13      -3.669828914357e-13       0.000000000000e+00       1.143368747506e-16       2.542309760106e-17       3.759681087118e-19 
 2724       7.511657326250e-12       1.795672370577e-13      -3.611572700804e-13       0.000000000000e+00       1.141644761029e-16       2.531241623793e-17       3.785724083277e-19 
 2725       7.490100175142e-12       1.788161752273e-13      -3.553555299475e-13       0.000000000000e+00       1.139923938117e-16       2.520048515198e-17       3.802549547160e-19 
 2726       7.468302085402e-12       1.780939920216e-13      -3.495793186537e-13       0.000000000000e+00       1.138206275541e-16       2.508731114226e-17       3.811170208903e-19 
 2727       7.446267056954e-12       1.774005630844e-13      -3.438302885064e-13       0.000000000000e+00       1.136491770037e-16       2.497290103327e-17       3.812601815486e-19 
 2728       7.423999102507e-12       1.767357635506e-13      -3.381100965086e-13       0.000000000000e+00       1.134780418306e-16       2.485726167495e-17       3.807863133521e-19 
 2729       7.401502247562e-12       1.760994680464e-13      -3.324204043629e-13       0.000000000000e+00       1.133072217013e-16       2.474039994273e-17       3.797975952022e-19 
 2730       7.378780530428e-12       1.754915506881e-13      -3.267628784756e-13       0.000000000000e+00       1.131367162788e-16       2.462232273754e-17       3.783965085195e-19 
 2731       7.355838002234e-12       1.749118850819e-13      -3.211391899612e-13       0.000000000000e+00       1.129665252223e-16       2.450303698583e-17       3.766858375209e-19 
 2732       7.332678726938e-12       1.743603443234e-13      -3.155510146466e-13       0.000000000000e+00       1.127966481878e-16       2.438254963963e-17       3.747686694977e-19 
 2733       7.309306781339e-12       1.738368009970e-13      -3.100000330751e-13       0.000000000000e+00       1.126270848274e-16       2.426086767651e-17       3.727483950941e-19 
 2734       7.285726255095e-12       1.733411271754e-13      -3.044879305111e-13       0.000000000000e+00       1.124578347898e-16       2.413799809968e-17       3.707287085843e-19 
 2735       7.261941250728e-12       1.728731944191e-13      -2.990163969440e-13       0.000000000000e+00       1.122888977201e-16       2.401394793795e-17       3.688136081512e-19 
 2736       7.237955883638e-12       1.724328737759e-13      -2.935871270925e-13       0.000000000000e+00       1.121202732597e-16       2.388872424580e-17       3.671073961639e-19 
 2737       7.213774282117e-12       1.720200357805e-13      -2.882018204091e-13       0.000000000000e+00       1.119519610467e-16       2.376233410340e-17       3.657146794556e-19 
 2738       7.189400587361e-12       1.716345504537e-13      -2.828621810839e-13       0.000000000000e+00       1.117839607151e-16       2.363478461658e-17       3.647403696019e-19 
 2739       7.164838953477e-12       1.712762873021e-13      -2.775699180493e-13       0.000000000000e+00       1.116162718959e-16       2.350608291694e-17       3.642896831985e-19 
 2740       7.140093547503e-12       1.709451153177e-13      -2.723267449841e-13       0.000000000000e+00       1.114488942161e-16       2.337623616183e-17       3.644681421391e-19 
 2741       7.115168549413e-12       1.706409029771e-13      -2.671343803176e-13       0.000000000000e+00       1.112818272991e-16       2.324525153434e-17       3.653815738935e-19 
 2742       7.090068152133e-12       1.703635182412e-13      -2.619945472341e-13       0.000000000000e+00       1.111150707649e-16       2.311313624340e-17       3.671361117854e-19 
 2743       7.064796561551e-12       1.701128285546e-13      -2.569089736767e-13       0.000000000000e+00       1.109486242298e-16       2.297989752377e-17       3.698381952704e-19 
 2744       7.039357996530e-12       1.698887008452e-13      -2.518793923524e-13       0.000000000000e+00       1.107824873063e-16       2.284554263603e-17       3.735945702141e-19 
 2745       7.013756688922e-12       1.696910015233e-13      -2.469075407355e-13       0.000000000000e+00       1.106166596036e-16       2.271007886666e-17       3.785122891698e-19 
 2746       6.987996883574e-12       1.695195964818e-13      -2.419951610721e-13       0.000000000000e+00       1.104511407269e-16       2.257351352804e-17       3.846987116564e-19 
 2747       6.962082838347e-12       1.693743510951e-13      -2.371440003847e-13       0.000000000000e+00       1.102859302782e-16       2.243585395848e-17       3.922615044366e-19 
 2748       6.936018824123e-12       1.692551302186e-13      -2.323558104760e-13       0.000000000000e+00       1.101210278555e-16       2.229710752222e-17       4.013086417948e-19 
 2749       6.909809124821e-12       1.691617981887e-13      -2.276323479335e-13       0.000000000000e+00       1.099564330533e-16       2.215728160952e-17       4.119484058149e-19 
 2750       6.883458185834e-12       1.690941739923e-13      -2.229751624679e-13       0.000000000000e+00       1.097921453832e-16       2.201639296417e-17       4.242583574263e-19 
 2751       6.856971060202e-12       1.690518965180e-13      -2.183849606900e-13       0.000000000000e+00       1.096281640357e-16       2.187449572057e-17       4.381920684522e-19 
 2752       6.830352964838e-12       1.690345585864e-13      -2.138622389543e-13       0.000000000000e+00       1.094644881170e-16       2.173165351604e-17       4.536718934283e-19 
 2753       6.803609132336e-12       1.690417517133e-13      -2.094074947178e-13       0.000000000000e+00       1.093011167283e-16       2.158793017700e-17       4.706199535111e-19 
 2754       6.776744810978e-12       1.690730661084e-13      -2.050212265407e-13       0.000000000000e+00       1.091380489658e-16       2.144338971913e-17       4.889581362642e-19 
 2755       6.749765264753e-12       1.691280906743e-13      -2.007039340874e-13       0.000000000000e+00       1.089752839207e-16       2.129809634755e-17       5.086080954439e-19 
 2756       6.722675773372e-12       1.692064130048e-13      -1.964561181276e-13       0.000000000000e+00       1.088128206790e-16       2.115211445699e-17       5.294912507846e-19 
 2757       6.695481632278e-12       1.693076193841e-13      -1.922782805368e-13       0.000000000000e+00       1.086506583217e-16       2.100550863196e-17       5.515287877853e-19 
 2758       6.668188152663e-12       1.694312947855e-13      -1.881709242976e-13       0.000000000000e+00       1.084887959247e-16       2.085834364693e-17       5.746416574944e-19 
 2759       6.640800661485e-12       1.695770228699e-13      -1.841345535000e-13       0.000000000000e+00       1.083272325589e-16       2.071068446651e-17       5.987505762964e-19 
 2760       6.613324501476e-12       1.697443859850e-13      -1.801696733432e-13       0.000000000000e+00       1.081659672901e-16       2.056259624558e-17       6.237760256971e-19 
 2761       6.585765031162e-12       1.699329651638e-13      -1.762767901357e-13       0.000000000000e+00       1.080049991789e-16       2.041414432953e-17       6.496382521094e-19 
 2762       6.558127624876e-12       1.701423401234e-13      -1.724564112964e-13       0.000000000000e+00       1.078443272810e-16       2.026539425439e-17       6.762572666392e-19 
 2763       6.530417672770e-12       1.703720892640e-13      -1.687090453557e-13       0.000000000000e+00       1.076839506468e-16       2.011641174699e-17       7.035528448712e-19 
 2764       6.502640580832e-12       1.706217896672e-13      -1.650352019562e-13       0.000000000000e+00       1.075238683217e-16       1.996726272518e-17       7.314445266542e-19 
 2765       6.474801770900e-12       1.708910170954e-13      -1.614353918538e-13       0.000000000000e+00       1.073640793460e-16       1.981801329795e-17       7.598516158877e-19 
 2766       6.446906680674e-12       1.711793459901e-13      -1.579101269183e-13       0.000000000000e+00       1.072045827549e-16       1.966872976565e-17       7.886931803069e-19 
 2767       6.418960763735e-12       1.714863494708e-13      -1.544599201344e-13       0.000000000000e+00       1.070453775784e-16       1.951947862015e-17       8.178880512687e-19 
 2768       6.390969489553e-12       1.718115993340e-13      -1.510852856029e-13       0.000000000000e+00       1.068864628415e-16       1.937032654496e-17       8.473548235376e-19 
 2769       6.362938343509e-12       1.721546660517e-13      -1.477867385411e-13       0.000000000000e+00       1.067278375639e-16       1.922134041551e-17       8.770118550712e-19 
 2770       6.334872826903e-12       1.725151187701e-13      -1.445647952840e-13       0.000000000000e+00       1.065695007604e-16       1.907258729920e-17       9.067772668063e-19 
 2771       6.306778456969e-12       1.728925253088e-13      -1.414199732851e-13       0.000000000000e+00       1.064114514403e-16       1.892413445568e-17       9.365689424442e-19 
 2772       6.278660766896e-12       1.732864521593e-13      -1.383527911174e-13       0.000000000000e+00       1.062536886082e-16       1.877604933696e-17       9.663045282370e-19 
 2773       6.250525305832e-12       1.736964644837e-13      -1.353637684742e-13       0.000000000000e+00       1.060962112632e-16       1.862839958758e-17       9.959014327727e-19 
 2774       6.222377638908e-12       1.741221261136e-13      -1.324534261699e-13       0.000000000000e+00       1.059390183993e-16       1.848125304483e-17       1.025276826762e-18 
 2775       6.194223347245e-12       1.745629995491e-13      -1.296222861412e-13       0.000000000000e+00       1.057821090055e-16       1.833467773888e-17       1.054347642822e-18 
 2776       6.166068027975e-12       1.750186459569e-13      -1.268708714475e-13       0.000000000000e+00       1.056254820655e-16       1.818874189298e-17       1.083030575265e-18 
 2777       6.137917294248e-12       1.754886251700e-13      -1.241997062725e-13       0.000000000000e+00       1.054691365578e-16       1.804351392360e-17       1.111242079882e-18 
 2778       6.109776775252e-12       1.759724956856e-13      -1.216093159244e-13       0.000000000000e+00       1.053130714559e-16       1.789906244064e-17       1.138898373728e-18 
 2779       6.081652116228e-12       1.764698146646e-13      -1.191002268370e-13       0.000000000000e+00       1.051572857278e-16       1.775545624759e-17       1.165915434910e-18 
 2780       6.053548978478e-12       1.769801379299e-13      -1.166729665711e-13       0.000000000000e+00       1.050017783367e-16       1.761276434167e-17       1.192209002372e-18 
 2781       6.025473039385e-12       1.775030199653e-13      -1.143280638145e-13       0.000000000000e+00       1.048465482403e-16       1.747105591407e-17       1.217694575679e-18 
 2782       5.997429992428e-12       1.780380139144e-13      -1.120660483836e-13       0.000000000000e+00       1.046915943911e-16       1.733040035005e-17       1.242287414804e-18 
 2783       5.969425547190e-12       1.785846715792e-13      -1.098874512242e-13       0.000000000000e+00       1.045369157366e-16       1.719086722919e-17       1.265902539916e-18 
 2784       5.941465429379e-12       1.791425434192e-13      -1.077928044119e-13       0.000000000000e+00       1.043825112190e-16       1.705252632547e-17       1.288454731161e-18 
 2785       5.913555380841e-12       1.797111785496e-13      -1.057826411536e-13       0.000000000000e+00       1.042283797752e-16       1.691544760753e-17       1.309858528452e-18 
 2786       5.885701159570e-12       1.802901247408e-13      -1.038574957882e-13       0.000000000000e+00       1.040745203370e-16       1.677970123879e-17       1.330028231251e-18 
 2787       5.857908539728e-12       1.808789284164e-13      -1.020179037872e-13       0.000000000000e+00       1.039209318308e-16       1.664535757764e-17       1.348877898361e-18 
 2788       5.830183311655e-12       1.814771346527e-13      -1.002644017561e-13       0.000000000000e+00       1.037676131780e-16       1.651248717762e-17       1.366321347703e-18 
 2789       5.802530928312e-12       1.820842915012e-13      -9.859733147502e-14       0.000000000000e+00       1.036145634467e-16       1.638115245795e-17       1.382294870348e-18 
 2790       5.774955442529e-12       1.826999629847e-13      -9.701625089654e-14       0.000000000000e+00       1.034617823094e-16       1.625138266706e-17       1.396825503329e-18 
 2791       5.747460564202e-12       1.833237161670e-13      -9.552052005694e-14       0.000000000000e+00       1.033092695882e-16       1.612319878794e-17       1.409963114899e-18 
 2792       5.720050013374e-12       1.839551168340e-13      -9.410949675305e-14       0.000000000000e+00       1.031570251022e-16       1.599662185587e-17       1.421757722992e-18 
 2793       5.692727520240e-12       1.845937294924e-13      -9.278253654008e-14       0.000000000000e+00       1.030050486680e-16       1.587167295849e-17       1.432259495356e-18 
 2794       5.665496825156e-12       1.852391173686e-13      -9.153899272952e-14       0.000000000000e+00       1.028533400996e-16       1.574837323581e-17       1.441518749691e-18 
 2795       5.638361678652e-12       1.858908424077e-13      -9.037821638700e-14       0.000000000000e+00       1.027018992084e-16       1.562674388028e-17       1.449585953782e-18 
 2796       5.611325841436e-12       1.865484652718e-13      -8.929955633016e-14       0.000000000000e+00       1.025507258029e-16       1.550680613680e-17       1.456511725638e-18 
 2797       5.584393084407e-12       1.872115453398e-13      -8.830235912655e-14       0.000000000000e+00       1.023998196893e-16       1.538858130283e-17       1.462346833627e-18 
 2798       5.557567188661e-12       1.878796407052e-13      -8.738596909145e-14       0.000000000000e+00       1.022491806710e-16       1.527209072836e-17       1.467142196612e-18 
 2799       5.530851945501e-12       1.885523081755e-13      -8.654972828579e-14       0.000000000000e+00       1.020988085485e-16       1.515735581599e-17       1.470948884088e-18 
 2800       5.504251156446e-12       1.892291032713e-13      -8.579297651401e-14       0.000000000000e+00       1.019487031201e-16       1.504439802099e-17       1.473818116315e-18 
 2801       5.477768633241e-12       1.899095802245e-13      -8.511505132191e-14       0.000000000000e+00       1.017988641810e-16       1.493323885130e-17       1.475801264457e-18 
 2802       5.451408197864e-12       1.905932919775e-13      -8.451528799458e-14       0.000000000000e+00       1.016492915241e-16       1.482389986763e-17       1.476949850720e-18 
 2803       5.425173682533e-12       1.912797901821e-13      -8.399301955418e-14       0.000000000000e+00       1.014999849393e-16       1.471640268346e-17       1.477315548480e-18 
 2804       5.399068929723e-12       1.919686251981e-13      -8.354757675790e-14       0.000000000000e+00       1.013509442141e-16       1.461076896508e-17       1.476950182430e-18 
 2805       5.373097792164e-12       1.926593460926e-13      -8.317828809581e-14       0.000000000000e+00       1.012021691332e-16       1.450702043170e-17       1.475905728706e-18 
 2806       5.347264132860e-12       1.933515006381e-13      -8.288447978869e-14       0.000000000000e+00       1.010536594787e-16       1.440517885540e-17       1.474234315030e-18 
 2807       5.321571825090e-12       1.940446353121e-13      -8.266547578596e-14       0.000000000000e+00       1.009054150298e-16       1.430526606125e-17       1.471988220842e-18 
 2808       5.296024752422e-12       1.947382952956e-13      -8.252059776351e-14       0.000000000000e+00       1.007574355632e-16       1.420730392732e-17       1.469219877438e-18 
 2809       5.270626808720e-12       1.954320244719e-13      -8.244916512161e-14       0.000000000000e+00       1.006097208530e-16       1.411131438473e-17       1.465981868106e-18 
 2810       5.245381898152e-12       1.961253654255e-13      -8.245049498275e-14       0.000000000000e+00       1.004622706704e-16       1.401731941770e-17       1.462326928261e-18 
 2811       5.220293935202e-12       1.968178594411e-13      -8.252390218951e-14       0.000000000000e+00       1.003150847840e-16       1.392534106359e-17       1.458307945583e-18 
 2812       5.195366844674e-12       1.975090465021e-13      -8.266869930248e-14       0.000000000000e+00       1.001681629597e-16       1.383540141293e-17       1.453977960149e-18 
 2813       5.170604561707e-12       1.981984652898e-13      -8.288419659809e-14       0.000000000000e+00       1.000215049608e-16       1.374752260950e-17       1.449390164574e-18 
 2814       5.146011031779e-12       1.988856531821e-13      -8.316970206647e-14       0.000000000000e+00       9.987511054764e-17       1.366172685033e-17       1.444597904145e-18 
 2815       5.121590210717e-12       1.995701462523e-13      -8.352452140939e-14       0.000000000000e+00       9.972897947808e-17       1.357803638580e-17       1.439654676954e-18 
 2816       5.097346064709e-12       2.002514792679e-13      -8.394795803804e-14       0.000000000000e+00       9.958311150720e-17       1.349647351961e-17       1.434614134041e-18 
 2817       5.073282570309e-12       2.009291856898e-13      -8.443931307099e-14       0.000000000000e+00       9.943750638735e-17       1.341706060891e-17       1.429530079522e-18 
 2818       5.049403714446e-12       2.016027976707e-13      -8.499788533201e-14       0.000000000000e+00       9.929216386820e-17       1.333982006426e-17       1.424456470733e-18 
 2819       5.025713494437e-12       2.022718460540e-13      -8.562297134796e-14       0.000000000000e+00       9.914708369665e-17       1.326477434975e-17       1.419447418357e-18 
 2820       5.002215917992e-12       2.029358603729e-13      -8.631386534664e-14       0.000000000000e+00       9.900226561693e-17       1.319194598298e-17       1.414557186570e-18 
 2821       4.978915003224e-12       2.035943688493e-13      -8.706985925472e-14       0.000000000000e+00       9.885770937052e-17       1.312135753516e-17       1.409840193169e-18 
 2822       4.955814778659e-12       2.042468983921e-13      -8.789024269553e-14       0.000000000000e+00       9.871341469616e-17       1.305303163111e-17       1.405351009712e-18 
 2823       4.932919283242e-12       2.048929745967e-13      -8.877430298703e-14       0.000000000000e+00       9.856938132988e-17       1.298699094934e-17       1.401144361655e-18 
 2824       4.910232566350e-12       2.055321217433e-13      -8.972132513957e-14       0.000000000000e+00       9.842560900496e-17       1.292325822204e-17       1.397275128482e-18 
 2825       4.887758687798e-12       2.061638627962e-13      -9.073059185388e-14       0.000000000000e+00       9.828209745196e-17       1.286185623521e-17       1.393798343849e-18 
 2826       4.865501717849e-12       2.067877194024e-13      -9.180138351885e-14       0.000000000000e+00       9.813884639867e-17       1.280280782862e-17       1.390769195716e-18 
 2827       4.843465737222e-12       2.074032118904e-13      -9.293297820945e-14       0.000000000000e+00       9.799585557015e-17       1.274613589592e-17       1.388243026482e-18 
 2828       4.821654249799e-12       2.080099009459e-13      -9.412456835259e-14       0.000000000000e+00       9.785312462146e-17       1.269184336360e-17       1.386262255028e-18 
 2829       4.800068417403e-12       2.086075128771e-13      -9.537501025761e-14       0.000000000000e+00       9.771065293537e-17       1.263985301479e-17       1.384817068580e-18 
 2830       4.778708815891e-12       2.091958149956e-13      -9.668307328439e-14       0.000000000000e+00       9.756843982362e-17       1.259006735393e-17       1.383884527550e-18 
 2831       4.757576021637e-12       2.097745739984e-13      -9.804752305427e-14       0.000000000000e+00       9.742648459403e-17       1.254238859925e-17       1.383441625083e-18 
 2832       4.736670611523e-12       2.103435559671e-13      -9.946712144659e-14       0.000000000000e+00       9.728478655051e-17       1.249671868253e-17       1.383465287002e-18 
 2833       4.715993162945e-12       2.109025263674e-13      -1.009406265953e-13       0.000000000000e+00       9.714334499307e-17       1.245295924881e-17       1.383932371738e-18 
 2834       4.695544253810e-12       2.114512500489e-13      -1.024667928858e-13       0.000000000000e+00       9.700215921780e-17       1.241101165615e-17       1.384819670278e-18 
 2835       4.675324462536e-12       2.119894912440e-13      -1.040443709511e-13       0.000000000000e+00       9.686122851689e-17       1.237077697537e-17       1.386103906105e-18 
 2836       4.655334368056e-12       2.125170135678e-13      -1.056721076689e-13       0.000000000000e+00       9.672055217858e-17       1.233215598982e-17       1.387761735130e-18 
 2837       4.635574549812e-12       2.130335800174e-13      -1.073487461582e-13       0.000000000000e+00       9.658012948722e-17       1.229504919508e-17       1.389769745641e-18 
 2838       4.616045587761e-12       2.135389529716e-13      -1.090730257753e-13       0.000000000000e+00       9.643995972320e-17       1.225935679874e-17       1.392104458237e-18 
 2839       4.596748062372e-12       2.140328941900e-13      -1.108436821115e-13       0.000000000000e+00       9.630004216299e-17       1.222497872013e-17       1.394742325771e-18 
 2840       4.577682554624e-12       2.145151648126e-13      -1.126594469885e-13       0.000000000000e+00       9.616037607912e-17       1.219181459005e-17       1.397659733288e-18 
 2841       4.558849646014e-12       2.149855253595e-13      -1.145190484560e-13       0.000000000000e+00       9.602096074018e-17       1.215976375056e-17       1.400832997967e-18 
 2842       4.540249918545e-12       2.154437357301e-13      -1.164212107880e-13       0.000000000000e+00       9.588179541081e-17       1.212872525465e-17       1.404238369057e-18 
 2843       4.521883954740e-12       2.158895552027e-13      -1.183646544791e-13       0.000000000000e+00       9.574287935171e-17       1.209859786608e-17       1.407852027823e-18 
 2844       4.503752337629e-12       2.163227424338e-13      -1.203480962416e-13       0.000000000000e+00       9.560421181961e-17       1.206928005901e-17       1.411650087478e-18 
 2845       4.485855650759e-12       2.167430554579e-13      -1.223702490019e-13       0.000000000000e+00       9.546579206730e-17       1.204067001787e-17       1.415608593131e-18 
 2846       4.468194478188e-12       2.171502516868e-13      -1.244298218971e-13       0.000000000000e+00       9.532761934358e-17       1.201266563698e-17       1.419703521722e-18 
 2847       4.450769404489e-12       2.175440879087e-13      -1.265255202717e-13       0.000000000000e+00       9.518969289332e-17       1.198516452040e-17       1.423910781961e-18 
 2848       4.433581014748e-12       2.179243202884e-13      -1.286560456741e-13       0.000000000000e+00       9.505201195738e-17       1.195806398159e-17       1.428206214271e-18 
 2849       4.416629894564e-12       2.182907043662e-13      -1.308200958536e-13       0.000000000000e+00       9.491457577268e-17       1.193126104323e-17       1.432565590729e-18 
 2850       4.399916630050e-12       2.186429950575e-13      -1.330163647563e-13       0.000000000000e+00       9.477738357214e-17       1.190465243690e-17       1.436964615000e-18 
 2851       4.383441807832e-12       2.189809466526e-13      -1.352435425225e-13       0.000000000000e+00       9.464043458470e-17       1.187813460284e-17       1.441378922283e-18 
 2852       4.367206015052e-12       2.193043128156e-13      -1.375003154829e-13       0.000000000000e+00       9.450372803531e-17       1.185160368975e-17       1.445784079248e-18 
 2853       4.351209839364e-12       2.196128465842e-13      -1.397853661552e-13       0.000000000000e+00       9.436726314493e-17       1.182495555443e-17       1.450155583974e-18 
 2854       4.335453868937e-12       2.199063003693e-13      -1.420973732409e-13       0.000000000000e+00       9.423103913054e-17       1.179808576163e-17       1.454468865895e-18 
 2855       4.319938692454e-12       2.201844259542e-13      -1.444350116220e-13       0.000000000000e+00       9.409505520510e-17       1.177088958371e-17       1.458699285732e-18 
 2856       4.304664899112e-12       2.204469744942e-13      -1.467969523573e-13       0.000000000000e+00       9.395931057757e-17       1.174326200045e-17       1.462822135440e-18 
 2857       4.289633078623e-12       2.206936965160e-13      -1.491818626791e-13       0.000000000000e+00       9.382380445290e-17       1.171509769875e-17       1.466812638144e-18 
 2858       4.274843821212e-12       2.209243419172e-13      -1.515884059902e-13       0.000000000000e+00       9.368853603204e-17       1.168629107238e-17       1.470645948079e-18 
 2859       4.260297717623e-12       2.211386599659e-13      -1.540152418600e-13       0.000000000000e+00       9.355350451190e-17       1.165673622176e-17       1.474297150531e-18 
 2860       4.245995359108e-12       2.213363993000e-13      -1.564610260215e-13       0.000000000000e+00       9.341870908540e-17       1.162632695364e-17       1.477741261776e-18 
 2861       4.231937337440e-12       2.215173079266e-13      -1.589244103677e-13       0.000000000000e+00       9.328414894142e-17       1.159495678092e-17       1.480953229022e-18 
 2862       4.218124244904e-12       2.216811332218e-13      -1.614040429484e-13       0.000000000000e+00       9.314982326479e-17       1.156251892232e-17       1.483907930344e-18 
 2863       4.204556674300e-12       2.218276219298e-13      -1.638985679666e-13       0.000000000000e+00       9.301573123635e-17       1.152890630218e-17       1.486580174630e-18 
 2864       4.191235218944e-12       2.219565201627e-13      -1.664066257755e-13       0.000000000000e+00       9.288187203286e-17       1.149401155018e-17       1.488944701518e-18 
 2865       4.178160472667e-12       2.220675733996e-13      -1.689268528747e-13       0.000000000000e+00       9.274824482708e-17       1.145772700108e-17       1.490976181334e-18 
 2866       4.165333029815e-12       2.221605264865e-13      -1.714578819069e-13       0.000000000000e+00       9.261484878767e-17       1.141994469447e-17       1.492649215034e-18 
 2867       4.152753016663e-12       2.222351747617e-13      -1.739983935867e-13       0.000000000000e+00       9.248168317289e-17       1.138058988838e-17       1.493943385855e-18 
 2868       4.140418683032e-12       2.222915177202e-13      -1.765472727821e-13       0.000000000000e+00       9.234874761176e-17       1.133972178750e-17       1.494858442573e-18 
 2869       4.128327803477e-12       2.223296061335e-13      -1.791034532235e-13       0.000000000000e+00       9.221604182429e-17       1.129743332901e-17       1.495399193684e-18 
 2870       4.116478145215e-12       2.223494909944e-13      -1.816658656414e-13       0.000000000000e+00       9.208356552800e-17       1.125381771567e-17       1.495570462754e-18 
 2871       4.104867468116e-12       2.223512235178e-13      -1.842334377641e-13       0.000000000000e+00       9.195131843790e-17       1.120896841607e-17       1.495377088433e-18 
 2872       4.093493524697e-12       2.223348551403e-13      -1.868050943146e-13       0.000000000000e+00       9.181930026650e-17       1.116297916485e-17       1.494823924466e-18 
 2873       4.082354060118e-12       2.223004375210e-13      -1.893797570083e-13       0.000000000000e+00       9.168751072383e-17       1.111594396292e-17       1.493915839709e-18 
 2874       4.071446812172e-12       2.222480225413e-13      -1.919563445505e-13       0.000000000000e+00       9.155594951739e-17       1.106795707775e-17       1.492657718142e-18 
 2875       4.060769511279e-12       2.221776623053e-13      -1.945337726335e-13       0.000000000000e+00       9.142461635218e-17       1.101911304353e-17       1.491054458883e-18 
 2876       4.050319880480e-12       2.220894091398e-13      -1.971109539340e-13       0.000000000000e+00       9.129351093069e-17       1.096950666146e-17       1.489110976201e-18 
 2877       4.040095635430e-12       2.219833155950e-13      -1.996867981108e-13       0.000000000000e+00       9.116263295291e-17       1.091923299996e-17       1.486832199528e-18 
 2878       4.030094484392e-12       2.218594344440e-13      -2.022602118018e-13       0.000000000000e+00       9.103198211630e-17       1.086838739488e-17       1.484223073477e-18 
 2879       4.020314128226e-12       2.217178186838e-13      -2.048300986215e-13       0.000000000000e+00       9.090155811580e-17       1.081706544979e-17       1.481288557851e-18 
 2880       4.010752260391e-12       2.215585215349e-13      -2.073953591585e-13       0.000000000000e+00       9.077136064384e-17       1.076536303617e-17       1.478033627658e-18 
 2881       4.001406566929e-12       2.213815964418e-13      -2.099548909728e-13       0.000000000000e+00       9.064138939031e-17       1.071337629365e-17       1.474463273128e-18 
 2882       3.992274726463e-12       2.211870970733e-13      -2.125075885931e-13       0.000000000000e+00       9.051164404258e-17       1.066120163024e-17       1.470582499720e-18 
 2883       3.983354410192e-12       2.209750773222e-13      -2.150523435144e-13       0.000000000000e+00       9.038212428551e-17       1.060893572259e-17       1.466396328143e-18 
 2884       3.974643281878e-12       2.207455913064e-13      -2.175880441951e-13       0.000000000000e+00       9.025282980139e-17       1.055667551619e-17       1.461909794364e-18 
 2885       3.966138997845e-12       2.204986933683e-13      -2.201135760545e-13       0.000000000000e+00       9.012376027001e-17       1.050451822561e-17       1.457127949623e-18 
 2886       3.957839206972e-12       2.202344380753e-13      -2.226278214704e-13       0.000000000000e+00       8.999491536859e-17       1.045256133477e-17       1.452055860450e-18 
 2887       3.949741550681e-12       2.199528802203e-13      -2.251296597760e-13       0.000000000000e+00       8.986629477184e-17       1.040090259711e-17       1.446698608671e-18 
 2888       3.941843662936e-12       2.196540748214e-13      -2.276179672577e-13       0.000000000000e+00       8.973789815191e-17       1.034964003588e-17       1.441061291432e-18 
 2889       3.934143170236e-12       2.193380771224e-13      -2.300916171525e-13       0.000000000000e+00       8.960972517839e-17       1.029887194433e-17       1.435149021203e-18 
 2890       3.926637691602e-12       2.190049425933e-13      -2.325494796450e-13       0.000000000000e+00       8.948177551835e-17       1.024869688598e-17       1.428966925797e-18 
 2891       3.919324838577e-12       2.186547269298e-13      -2.349904218650e-13       0.000000000000e+00       8.935404883630e-17       1.019921369483e-17       1.422520148383e-18 
 2892       3.912202215219e-12       2.182874860542e-13      -2.374133078850e-13       0.000000000000e+00       8.922654479417e-17       1.015052147559e-17       1.415813847496e-18 
 2893       3.905267418088e-12       2.179032761152e-13      -2.398169987175e-13       0.000000000000e+00       8.909926305136e-17       1.010271960394e-17       1.408853197058e-18 
 2894       3.898518036247e-12       2.175021534884e-13      -2.422003523121e-13       0.000000000000e+00       8.897220326471e-17       1.005590772674e-17       1.401643386383e-18 
 2895       3.891951651250e-12       2.170841747762e-13      -2.445622235534e-13       0.000000000000e+00       8.884536508847e-17       1.001018576225e-17       1.394189620197e-18 
 2896       3.885565837137e-12       2.166493968084e-13      -2.469014642579e-13       0.000000000000e+00       8.871874817435e-17       9.965653900405e-18       1.386497118648e-18 
 2897       3.879358160429e-12       2.161978766419e-13      -2.492169231718e-13       0.000000000000e+00       8.859235217149e-17       9.922412603023e-18       1.378571117322e-18 
 2898       3.873326180117e-12       2.157296715616e-13      -2.515074459680e-13       0.000000000000e+00       8.846617672644e-17       9.880562604031e-18       1.370416867254e-18 
 2899       3.867467447660e-12       2.152448390799e-13      -2.537718752436e-13       0.000000000000e+00       8.834022148319e-17       9.840204909712e-18       1.362039634945e-18 
 2900       3.861779506975e-12       2.147434369375e-13      -2.560090505176e-13       0.000000000000e+00       8.821448608316e-17       9.801440798934e-18       1.353444702372e-18 
 2901       3.856259894431e-12       2.142255231032e-13      -2.582178082277e-13       0.000000000000e+00       8.808897016516e-17       9.764371823384e-18       1.344637367004e-18 
 2902       3.850906138844e-12       2.136911557745e-13      -2.603969817281e-13       0.000000000000e+00       8.796367336546e-17       9.729099807797e-18       1.335622941816e-18 
 2903       3.845715761469e-12       2.131403933773e-13      -2.625454012869e-13       0.000000000000e+00       8.783859531770e-17       9.695726850195e-18       1.326406755299e-18 
 2904       3.840686275990e-12       2.125732945668e-13      -2.646618940832e-13       0.000000000000e+00       8.771373565297e-17       9.664355322117e-18       1.316994151480e-18 
 2905       3.835815188521e-12       2.119899182269e-13      -2.667452842047e-13       0.000000000000e+00       8.758909399974e-17       9.635087868854e-18       1.307390489927e-18 
 2906       3.831099872868e-12       2.113903536168e-13      -2.687945182167e-13       0.000000000000e+00       8.746466998115e-17       9.607991484290e-18       1.297601684539e-18 
 2907       3.826537195663e-12       2.107748109726e-13      -2.708090425672e-13       0.000000000000e+00       8.734046320669e-17       9.582989537174e-18       1.287635822818e-18 
 2908       3.822123889333e-12       2.101435313627e-13      -2.727884280783e-13       0.000000000000e+00       8.721647328047e-17       9.559969201140e-18       1.277501554785e-18 
 2909       3.817856676640e-12       2.094967565839e-13      -2.747322445472e-13       0.000000000000e+00       8.709269980393e-17       9.538817330390e-18       1.267207554968e-18 
 2910       3.813732270671e-12       2.088347291621e-13      -2.766400607448e-13       0.000000000000e+00       8.696914237586e-17       9.519420459418e-18       1.256762522427e-18 
 2911       3.809747374835e-12       2.081576923530e-13      -2.785114444149e-13       0.000000000000e+00       8.684580059243e-17       9.501664802735e-18       1.246175180775e-18 
 2912       3.805898682850e-12       2.074658901430e-13      -2.803459622738e-13       0.000000000000e+00       8.672267404711e-17       9.485436254589e-18       1.235454278199e-18 
 2913       3.802182878736e-12       2.067595672492e-13      -2.821431800088e-13       0.000000000000e+00       8.659976233073e-17       9.470620388691e-18       1.224608587479e-18 
 2914       3.798596636806e-12       2.060389691209e-13      -2.839026622780e-13       0.000000000000e+00       8.647706503148e-17       9.457102457933e-18       1.213646906015e-18 
 2915       3.795136621658e-12       2.053043419395e-13      -2.856239727090e-13       0.000000000000e+00       8.635458173484e-17       9.444767394117e-18       1.202578055841e-18 
 2916       3.791799488168e-12       2.045559326196e-13      -2.873066738983e-13       0.000000000000e+00       8.623231202366e-17       9.433499807673e-18       1.191410883652e-18 
 2917       3.788581881477e-12       2.037939888094e-13      -2.889503274104e-13       0.000000000000e+00       8.611025547811e-17       9.423183987385e-18       1.180154260823e-18 
 2918       3.785480436987e-12       2.030187588913e-13      -2.905544937769e-13       0.000000000000e+00       8.598841167567e-17       9.413703900111e-18       1.168817083429e-18 
 2919       3.782491780352e-12       2.022304919830e-13      -2.921187324960e-13       0.000000000000e+00       8.586678019116e-17       9.404943190510e-18       1.157408272269e-18 
 2920       3.779612527466e-12       2.014294379376e-13      -2.936426020310e-13       0.000000000000e+00       8.574536059672e-17       9.396785180758e-18       1.145936772886e-18 
 2921       3.776839284459e-12       2.006158473444e-13      -2.951256598103e-13       0.000000000000e+00       8.562415246181e-17       9.389112870280e-18       1.134411555588e-18 
 2922       3.774168647684e-12       1.997899715299e-13      -2.965674622257e-13       0.000000000000e+00       8.550315535319e-17       9.381808935465e-18       1.122841615467e-18 
 2923       3.771597203714e-12       1.989520625577e-13      -2.979675646323e-13       0.000000000000e+00       8.538236883496e-17       9.374755729393e-18       1.111235972428e-18 
 2924       3.769121529327e-12       1.981023732301e-13      -2.993255213472e-13       0.000000000000e+00       8.526179246850e-17       9.367835281556e-18       1.099603671199e-18 
 2925       3.766738191504e-12       1.972411570879e-13      -3.006408856489e-13       0.000000000000e+00       8.514142581252e-17       9.360929297582e-18       1.087953781363e-18 
 2926       3.764443747414e-12       1.963686684115e-13      -3.019132097764e-13       0.000000000000e+00       8.502126842303e-17       9.353919158958e-18       1.076295397371e-18 
 2927       3.762234744412e-12       1.954851622214e-13      -3.031420449283e-13       0.000000000000e+00       8.490131985332e-17       9.346685922753e-18       1.064637638569e-18 
 2928       3.760107720026e-12       1.945908942789e-13      -3.043269412620e-13       0.000000000000e+00       8.478157965401e-17       9.339110321339e-18       1.052989649216e-18 
 2929       3.758059201949e-12       1.936861210867e-13      -3.054674478929e-13       0.000000000000e+00       8.466204737299e-17       9.331072762115e-18       1.041360598508e-18 
 2930       3.756085708034e-12       1.927710998896e-13      -3.065631128936e-13       0.000000000000e+00       8.454272255547e-17       9.322453327230e-18       1.029759680594e-18 
 2931       3.754183746278e-12       1.918460886750e-13      -3.076134832929e-13       0.000000000000e+00       8.442360474391e-17       9.313131773308e-18       1.018196114604e-18 
 2932       3.752349814825e-12       1.909113461738e-13      -3.086181050751e-13       0.000000000000e+00       8.430469347810e-17       9.302987531167e-18       1.006679144666e-18 
 2933       3.750580401944e-12       1.899671318607e-13      -3.095765231794e-13       0.000000000000e+00       8.418598829509e-17       9.291899705544e-18       9.952180399279e-19 
 2934       3.748871986033e-12       1.890137059554e-13      -3.104882814983e-13       0.000000000000e+00       8.406748872922e-17       9.279747074816e-18       9.838220945800e-19 
 2935       3.747221035600e-12       1.880513294225e-13      -3.113529228776e-13       0.000000000000e+00       8.394919431209e-17       9.266408090727e-18       9.725006278749e-19 
 2936       3.745624009264e-12       1.870802639726e-13      -3.121699891153e-13       0.000000000000e+00       8.383110457262e-17       9.251760878106e-18       9.612629841494e-19 
 2937       3.744077355739e-12       1.861007720631e-13      -3.129390209605e-13       0.000000000000e+00       8.371321903694e-17       9.235683234595e-18       9.501185328458e-19 
 2938       3.742577513828e-12       1.851131168984e-13      -3.136595581127e-13       0.000000000000e+00       8.359553722852e-17       9.218052630366e-18       9.390766685330e-19 
 2939       3.741120912416e-12       1.841175624309e-13      -3.143311392213e-13       0.000000000000e+00       8.347805866803e-17       9.198746207848e-18       9.281468109276e-19 
 2940       3.739703970460e-12       1.831143733614e-13      -3.149533018843e-13       0.000000000000e+00       8.336078287346e-17       9.177640781449e-18       9.173384049158e-19 
 2941       3.738323096981e-12       1.821038151398e-13      -3.155255826477e-13       0.000000000000e+00       8.324370936004e-17       9.154612837278e-18       9.066609205737e-19 
 2942       3.736974691056e-12       1.810861539660e-13      -3.160475170045e-13       0.000000000000e+00       8.312683764024e-17       9.129538532870e-18       8.961238531896e-19 
 2943       3.735655141806e-12       1.800616567902e-13      -3.165186393942e-13       0.000000000000e+00       8.301016722381e-17       9.102293696905e-18       8.857367232843e-19 
 2944       3.734360828393e-12       1.790305913137e-13      -3.169384832015e-13       0.000000000000e+00       8.289369761775e-17       9.072753828935e-18       8.755090766332e-19 
 2945       3.733088275816e-12       1.779932336404e-13      -3.173067318913e-13       0.000000000000e+00       8.277742833133e-17       9.040846298586e-18       8.654487194109e-19 
 2946       3.731834623168e-12       1.769498912719e-13      -3.176236732343e-13       0.000000000000e+00       8.266135889111e-17       9.006707227321e-18       8.555564139972e-19 
 2947       3.730597157693e-12       1.759008802277e-13      -3.178897473386e-13       0.000000000000e+00       8.254548882600e-17       8.970525386339e-18       8.458311568343e-19 
 2948       3.729373159181e-12       1.748465174063e-13      -3.181053957204e-13       0.000000000000e+00       8.242981766225e-17       8.932490068401e-18       8.362719409045e-19 
 2949       3.728159899961e-12       1.737871205850e-13      -3.182710613059e-13       0.000000000000e+00       8.231434492339e-17       8.892791088275e-18       8.268777557264e-19 
 2950       3.726954644899e-12       1.727230084215e-13      -3.183871884318e-13       0.000000000000e+00       8.219907013032e-17       8.851618783179e-18       8.176475873522e-19 
 2951       3.725754651385e-12       1.716545004540e-13      -3.184542228472e-13       0.000000000000e+00       8.208399280120e-17       8.809164013230e-18       8.085804183641e-19 
 2952       3.724557169335e-12       1.705819171022e-13      -3.184726117143e-13       0.000000000000e+00       8.196911245155e-17       8.765618161885e-18       7.996752278717e-19 
 2953       3.723359441176e-12       1.695055796683e-13      -3.184428036102e-13       0.000000000000e+00       8.185442859417e-17       8.721173136387e-18       7.909309915085e-19 
 2954       3.722158701845e-12       1.684258103372e-13      -3.183652485278e-13       0.000000000000e+00       8.173994073918e-17       8.676021368213e-18       7.823466814287e-19 
 2955       3.720952178782e-12       1.673429321779e-13      -3.182403978769e-13       0.000000000000e+00       8.162564839400e-17       8.630355813512e-18       7.739212663042e-19 
 2956       3.719737091923e-12       1.662572691437e-13      -3.180687044861e-13       0.000000000000e+00       8.151155106336e-17       8.584369953556e-18       7.656537113216e-19 
 2957       3.718510653693e-12       1.651691460731e-13      -3.178506226034e-13       0.000000000000e+00       8.139764824927e-17       8.538257795184e-18       7.575429781786e-19 
 2958       3.717270069000e-12       1.640788886908e-13      -3.175866078976e-13       0.000000000000e+00       8.128393945107e-17       8.492213871242e-18       7.495880250814e-19 
 2959       3.716012535230e-12       1.629868236081e-13      -3.172771174600e-13       0.000000000000e+00       8.117042416535e-17       8.446433241035e-18       7.417878067411e-19 
 2960       3.714735242238e-12       1.618932783241e-13      -3.169226098049e-13       0.000000000000e+00       8.105710188603e-17       8.401111490766e-18       7.341412743707e-19 
 2961       3.713435372346e-12       1.607985812257e-13      -3.165235448717e-13       0.000000000000e+00       8.094397210429e-17       8.356444733985e-18       7.266473756822e-19 
 2962       3.712110100331e-12       1.597030615892e-13      -3.160803840255e-13       0.000000000000e+00       8.083103430862e-17       8.312629612031e-18       7.193050548830e-19 
 2963       3.710756593424e-12       1.586070495805e-13      -3.155935900584e-13       0.000000000000e+00       8.071828798476e-17       8.269863294478e-18       7.121132526732e-19 
 2964       3.709372011299e-12       1.575108762561e-13      -3.150636271913e-13       0.000000000000e+00       8.060573261576e-17       8.228343479578e-18       7.050709062420e-19 
 2965       3.707953506070e-12       1.564148735636e-13      -3.144909610745e-13       0.000000000000e+00       8.049336768194e-17       8.188268394712e-18       6.981769492649e-19 
 2966       3.706498222284e-12       1.553193743428e-13      -3.138760587894e-13       0.000000000000e+00       8.038119266088e-17       8.149836796827e-18       6.914303119006e-19 
 2967       3.705003296912e-12       1.542247123263e-13      -3.132193888495e-13       0.000000000000e+00       8.026920702744e-17       8.113247972884e-18       6.848299207874e-19 
 2968       3.703465859349e-12       1.531312221399e-13      -3.125214212018e-13       0.000000000000e+00       8.015741025376e-17       8.078701740306e-18       6.783746990406e-19 
 2969       3.701883031399e-12       1.520392393040e-13      -3.117826272281e-13       0.000000000000e+00       8.004580180922e-17       8.046398447418e-18       6.720635662489e-19 
 2970       3.700251927275e-12       1.509491002338e-13      -3.110034797459e-13       0.000000000000e+00       7.993438116049e-17       8.016538973893e-18       6.658954384716e-19 
 2971       3.698569653592e-12       1.498611422405e-13      -3.101844530102e-13       0.000000000000e+00       7.982314777149e-17       7.989324731201e-18       6.598692282353e-19 
 2972       3.696833309357e-12       1.487757035316e-13      -3.093260227143e-13       0.000000000000e+00       7.971210110340e-17       7.964957663048e-18       6.539838445306e-19 
 2973       3.695039985968e-12       1.476931232118e-13      -3.084286659913e-13       0.000000000000e+00       7.960124061463e-17       7.943640245825e-18       6.482381928092e-19 
 2974       3.693186767201e-12       1.466137412842e-13      -3.074928614153e-13       0.000000000000e+00       7.949056576089e-17       7.925575489049e-18       6.426311749807e-19 
 2975       3.691270729211e-12       1.455378986502e-13      -3.065190890024e-13       0.000000000000e+00       7.938007599510e-17       7.910966935812e-18       6.371616894094e-19 
 2976       3.689288940519e-12       1.444659371111e-13      -3.055078302126e-13       0.000000000000e+00       7.926977076744e-17       7.900018663226e-18       6.318286309111e-19 
 2977       3.687238462012e-12       1.433981993682e-13      -3.044595679504e-13       0.000000000000e+00       7.915964952533e-17       7.892935282861e-18       6.266308907501e-19 
 2978       3.685116346930e-12       1.423350290239e-13      -3.033747865661e-13       0.000000000000e+00       7.904971171345e-17       7.889921941200e-18       6.215673566357e-19 
 2979       3.682919640865e-12       1.412767705825e-13      -3.022539718578e-13       0.000000000000e+00       7.893995677369e-17       7.891184320074e-18       6.166369127197e-19 
 2980       3.680645381753e-12       1.402237694507e-13      -3.010976110715e-13       0.000000000000e+00       7.883038414518e-17       7.896928637115e-18       6.118384395927e-19 
 2981       3.678290599866e-12       1.391763719384e-13      -2.999061929035e-13       0.000000000000e+00       7.872099326432e-17       7.907361646196e-18       6.071708142810e-19 
 2982       3.675852317806e-12       1.381349252596e-13      -2.986802075006e-13       0.000000000000e+00       7.861178356468e-17       7.922690637878e-18       6.026329102438e-19 
 2983       3.673327550504e-12       1.370997775330e-13      -2.974201464624e-13       0.000000000000e+00       7.850275447711e-17       7.943123439851e-18       5.982235973696e-19 
 2984       3.670714220133e-12       1.360711696506e-13      -2.961263219827e-13       0.000000000000e+00       7.839390582690e-17       7.968804298214e-18       5.939421957274e-19 
 2985       3.668013905802e-12       1.350489103003e-13      -2.947983233047e-13       0.000000000000e+00       7.828523902771e-17       7.999621176588e-18       5.897898392586e-19 
 2986       3.665229107352e-12       1.340326993498e-13      -2.934355576010e-13       0.000000000000e+00       7.817675589351e-17       8.035397512045e-18       5.857681187720e-19 
 2987       3.662362331657e-12       1.330222358329e-13      -2.920374305884e-13       0.000000000000e+00       7.806845824189e-17       8.075956247949e-18       5.818786288009e-19 
 2988       3.659416092629e-12       1.320172179492e-13      -2.906033465276e-13       0.000000000000e+00       7.796034789406e-17       8.121119833541e-18       5.781229676062e-19 
 2989       3.656392911229e-12       1.310173430631e-13      -2.891327082212e-13       0.000000000000e+00       7.785242667485e-17       8.170710223520e-18       5.745027371791e-19 
 2990       3.653295315468e-12       1.300223077032e-13      -2.876249170130e-13       0.000000000000e+00       7.774469641270e-17       8.224548877620e-18       5.710195432441e-19 
 2991       3.650125840414e-12       1.290318075618e-13      -2.860793727869e-13       0.000000000000e+00       7.763715893970e-17       8.282456760195e-18       5.676749952622e-19 
 2992       3.646887028200e-12       1.280455374936e-13      -2.844954739651e-13       0.000000000000e+00       7.752981609152e-17       8.344254339799e-18       5.644707064337e-19 
 2993       3.643581428029e-12       1.270631915159e-13      -2.828726175077e-13       0.000000000000e+00       7.742266970752e-17       8.409761588765e-18       5.614082937010e-19 
 2994       3.640211596178e-12       1.260844628070e-13      -2.812101989110e-13       0.000000000000e+00       7.731572163063e-17       8.478797982790e-18       5.584893777520e-19 
 2995       3.636780096008e-12       1.251090437061e-13      -2.795076122065e-13       0.000000000000e+00       7.720897370748e-17       8.551182500513e-18       5.557155830224e-19 
 2996       3.633289497965e-12       1.241366257122e-13      -2.777642499595e-13       0.000000000000e+00       7.710242778827e-17       8.626733623097e-18       5.530885376995e-19 
 2997       3.629742379590e-12       1.231668994837e-13      -2.759795032685e-13       0.000000000000e+00       7.699608572689e-17       8.705269333809e-18       5.506098737246e-19 
 2998       3.626141325525e-12       1.221995548375e-13      -2.741527617632e-13       0.000000000000e+00       7.688994938085e-17       8.786607117603e-18       5.482812267958e-19 
 2999       3.622488927514e-12       1.212342807485e-13      -2.722834136040e-13       0.000000000000e+00       7.678402061131e-17       8.870563960699e-18       5.461042363717e-19 
 3000       3.618787784416e-12       1.202707653484e-13      -2.703708454805e-13       0.000000000000e+00       7.667830128308e-17       8.956956350166e-18       5.440805456736e-19 
